a, aah, aahed, aahing, aahs, aam, aaronic, ab, abaca, abaci, abacist, aback, abactor, abaculi, abacus, abada, abaddon, abaft, abaiser, abaist, abalone, aband, abandon, abandum, abanet, abanga, abase, abased, abaser, abasers, abases, abash, abashed, abashes, abasia, abasing, abassi, abassis, abate, abated, abater, abaters, abates, abating, abatis, abator, abattis, abature, abawed, abaxial, abaxile, abay, abb, abba, abbacy, abbe, abbes, abbess, abbey, abbeys, abbot, abbotcy, abbots, abbott, abbr, abbrev, abc, abdal, abdest, abdomen, abduce, abduced, abduct, abducts, abeam, abear, abed, abegge, abele, abelian, abelite, aberr, abet, abets, abettal, abetted, abetter, abettor, abeyant, abhal, abhor, abhors, abib, abid, abide, abided, abider, abiders, abides, abiding, abies, abietic, abietin, abigail, abilene, ability, abime, abiotic, abit, abject, abjudge, abjure, abjured, abjurer, abjures, ablate, ablated, ablates, ablaut, able, ablen, ablepsy, abler, ables, ablest, ablet, ablings, ablins, abloom, ablude, abluent, ablush, abluted, ably, abner, abnet, abo, aboard, abode, aboded, abodes, aboding, aboil, abolish, aboma, aboon, aboral, abord, abort, aborted, aborter, aborts, abought, abound, abounds, about, above, aboves, abox, abra, abrade, abraded, abrader, abrades, abraham, abraid, abrase, abraum, abraxas, abray, abreact, abreast, abregge, abridge, abroach, abroad, abrood, abrook, abrupt, abs, abscam, abscess, abscind, abscise, absciss, abscond, absence, absent, absents, absinth, absis, absist, absolve, absorb, absorbs, absorpt, abstain, absume, absurd, absurds, abt, abubble, abuna, aburst, abusage, abuse, abused, abuser, abusers, abuses, abusing, abusion, abusive, abut, abuts, abuttal, abutted, abutter, aby, abye, abyes, abyme, abysm, abysmal, abysms, abyss, abyssal, abysses, ac, acacia, acaciae, acacias, acacin, acacine, academe, academy, acadia, acadian, acajou, acaleph, acanth, acantha, acanthi, acari, acarina, acarine, acaroid, acarus, acater, acates, accede, acceded, acceder, accedes, accend, accent, accents, accept, accepts, access, accidie, accite, acclaim, acclive, accloy, accoast, accoil, accompt, accord, accords, accost, accosts, account, accourt, accoy, accrete, accrual, accrue, accrued, accruer, accrues, acct, accts, accumb, accurse, accurst, accusal, accuse, accused, accuser, accuses, accusor, ace, aced, acephal, acerate, acerb, acerber, acerbic, aceric, acerola, acerose, acerous, acerval, aces, acetal, acetary, acetate, acetic, acetify, acetin, acetol, acetone, acetose, acetous, acetyl, ach, achaean, achaian, achate, ache, achean, ached, achene, achenes, acheron, aches, achier, achiest, achieve, aching, achiote, acholia, achoo, achy, acicula, acid, acidic, acidify, acidity, acidly, acids, acidy, aciform, acing, acini, acinose, acinous, acinus, aciurgy, acknow, aclinic, aclu, acme, acmes, acne, acned, acnes, acnodal, acnode, acock, acoin, acold, acology, acolyte, acolyth, aconite, acontia, acopic, acorn, acorned, acorns, acouchy, acrania, acrase, acrasia, acrasy, acre, acreage, acred, acres, acrid, acrider, acridly, acrisia, acrisy, acrita, acritan, acrite, acrity, acrobat, acrogen, acronyc, acronym, acrook, across, acroter, acrotic, acrylic, act, actable, acted, actin, actinal, acting, actings, actinia, actinic, action, actions, active, actives, actless, acton, actor, actors, actress, acts, actual, actuary, actuate, actuose, acture, acuate, acuity, aculei, aculeus, acumen, acumens, acute, acutely, acuter, acutes, acutest, acyclic, acyl, ad, adact, adactyl, adage, adages, adagial, adagio, adagios, adam, adamant, adamic, adamite, adams, adance, adangle, adapt, adapted, adapter, adaptly, adaptor, adapts, adar, adarce, adatis, adaunt, adaw, adays, add, addable, addax, added, addedly, addeem, addend, addenda, addends, adder, adders, addible, addice, addict, addicts, adding, addison, addle, addled, addles, addling, addoom, address, addrest, adds, adduce, adduced, adducer, adduces, adduct, addulce, adeem, adeling, adempt, adenine, adenoid, adenoma, adenose, adenous, adeps, adept, adepter, adeptly, adepts, adesmy, adeste, adhere, adhered, adherer, adheres, adhibit, adhort, adieu, adieus, adieux, adight, adios, adipic, adipoma, adipose, adipous, adipsy, adit, adits, adj, adject, adjoin, adjoins, adjoint, adjourn, adjudge, adjunct, adjure, adjured, adjurer, adjures, adjuror, adjust, adjusts, adjute, adjutor, adman, admen, admin, admiral, admire, admired, admirer, admires, admit, admits, admix, admixed, admixes, admixt, admove, adnate, adnoun, ado, adobe, adobes, adolf, adolph, adonai, adonean, adonic, adonis, adonist, adoor, adoors, adopt, adopted, adoptee, adopter, adopts, adore, adored, adorer, adorers, adores, adoring, adorn, adorned, adorner, adorns, ados, adown, adpress, adrad, adread, adrenal, adrian, adrift, adrip, adroit, adry, ads, adsorb, adsorbs, adulate, adult, adulter, adultly, adults, adunc, adure, adurol, adust, adusted, adv, advance, advene, advent, advents, adverb, adverbs, adverse, advert, adverts, advice, advices, advise, advised, advisee, adviser, advises, adviso, advisor, advoke, advowee, advoyer, advt, adward, adynamy, adyta, adytum, ae, aecidia, aedile, aegean, aegis, aegises, aeneid, aeneous, aeolian, aeolic, aeolus, aeon, aeonian, aeonic, aeons, aerate, aerated, aerates, aerator, aerial, aerials, aerie, aeried, aerier, aeries, aeriest, aerify, aerily, aero, aerobe, aerobes, aerobia, aerobic, aerobus, aerogun, aeronat, aeronef, aerose, aerosol, aerugo, aery, aesir, aesop, aesopic, aether, aethers, aetites, afar, afars, afb, afeard, afeared, afer, affable, affably, affair, affaire, affairs, affear, affect, affects, affeer, affiant, affiche, affied, affile, affinal, affine, affined, affirm, affirms, affix, affixal, affixed, affixer, affixes, afflict, afflux, afforce, afford, affords, affrap, affray, affrays, affret, affront, affuse, affused, affy, affying, afghan, afghani, afghans, afield, afire, aflame, aflat, aflaunt, afloat, aflow, aflush, afoam, afoot, afore, afoul, afraid, afreet, afreets, afresh, afric, africa, african, afrit, afrite, afrits, afro, afront, afros, aft, after, afters, aftmost, aftward, aga, again, agains, against, agalaxy, agama, agamas, agami, agamic, agamis, agamist, agamous, agapae, agape, agapeic, agar, agaric, agarics, agars, agasp, agast, agate, agates, agatine, agaty, agave, agaves, age, aged, agedly, ageing, ageings, ageism, ageist, ageists, ageless, agelong, agen, agency, agend, agenda, agendas, agendum, agent, agentry, agents, agers, ages, agger, aggest, aggie, aggies, aggrace, aggrade, aggrate, aggrege, aggress, aggri, aggroup, aggry, agha, aghas, aghast, agible, agile, agilely, agility, agin, aging, agings, agio, agios, agist, agister, agistor, agists, agitate, agitato, aglare, agleam, aglee, aglet, aglets, agley, aglow, agminal, agnail, agnate, agnatic, agni, agnomen, agnus, agnuses, ago, agog, agoing, agon, agonal, agone, agones, agonic, agonies, agonise, agonism, agonist, agons, agony, agood, agora, agorae, agoras, agouara, agouta, agouti, agouty, agrace, agraffe, agre, agree, agreed, agreer, agrees, agric, agrief, agrin, agrise, agrom, agrope, aground, ague, agued, agues, aguilt, aguise, aguish, agush, agynous, ah, aha, ahchoo, ahead, aheap, aheight, ahem, ahems, ahey, ahigh, ahimsa, ahimsas, ahold, ahorse, ahoy, ahriman, ahs, ahu, ahull, ai, aiblins, aid, aidance, aidant, aide, aided, aider, aiders, aides, aidful, aiding, aidless, aidman, aidmen, aids, aiel, aiglet, aiglets, aigre, aigret, aigrets, aigulet, aikido, aikidos, ail, ailed, aileron, ailette, ailing, ailment, ails, aim, aimed, aimer, aimers, aimful, aiming, aimless, aims, aino, ainus, air, airbill, airboat, airbus, aircrew, airdrop, aired, airer, airest, airfare, airflow, airfoil, airglow, airhead, airier, airiest, airily, airing, airings, airless, airlift, airlike, airline, airling, airlock, airmail, airman, airmen, airol, airport, airs, airship, airsick, airward, airwave, airway, airways, airy, ais, aisle, aisled, aisles, aisless, ait, aitch, aitches, ajar, ajava, ajiva, ajog, ajouan, ajowan, ajowans, ajutage, ake, akene, akenes, aketon, akimbo, akin, aknee, aknow, akron, akvavit, al, ala, alabama, alack, aladdin, alae, alai, alalia, alameda, alamire, alamo, alamode, alamort, alamos, alan, aland, alanine, alans, alantin, alar, alarm, alarmed, alarms, alarum, alarums, alary, alas, alaska, alaskan, alaskas, alate, alated, alatern, alation, alaunt, alb, alba, alban, albania, albany, albata, albe, albedo, albedos, albee, albeit, albert, alberta, albino, albinos, albion, albite, alborak, albs, albugo, album, albumen, albumin, albums, alburn, albyn, alcade, alcaic, alcaid, alcalde, alcanna, alcayde, alcedo, alchemy, alchymy, alco, alcoate, alcohol, alcoran, alcove, alcoved, alcoves, alcyon, alday, alder, aldern, alders, aldine, aldol, aldrin, aldrins, ale, aleak, alecost, alecs, alee, alefs, alegar, aleger, alegge, alehoof, alem, alembic, alength, aleph, alephs, alepole, alert, alerted, alerter, alertly, alerts, ales, aleuron, aleutic, alevin, alew, alewife, alexia, alfa, alfalfa, alfas, alferes, alfet, alfione, alforja, alfred, alga, algae, algal, algarot, algas, algate, algates, algebra, algeria, algid, algiers, algific, algin, algins, algoid, algol, algor, algous, algum, alhenna, alias, aliases, alibi, alibied, alibies, alibis, alible, alicant, alice, alidade, alien, aliene, aliened, alienee, aliener, alienly, alienor, aliens, alife, aliform, alight, alights, align, aligned, aligner, aligns, alii, alike, aliment, alimony, aline, alined, aliner, aliners, alines, alining, alioth, aliped, alish, alit, aliter, aliunde, alive, alkali, alkalic, alkalin, alkalis, alkanet, alkoran, alkyd, alkyds, alkyl, alkyls, all, allah, allay, allayed, allayer, allays, allect, alledge, allege, alleged, alleger, alleges, allegge, allegro, allele, alleles, allelic, allen, aller, allergy, alley, alleyed, alleys, allheal, alliant, allice, allied, allies, allis, allium, alliums, allness, allod, allonge, allonym, alloo, allot, alloted, allots, allover, allow, allowed, allower, allows, alloxan, alloy, alloyed, alloys, alls, allude, alluded, alludes, allure, allured, allurer, allures, alluvia, allwork, ally, allying, allyl, allyls, alma, almadia, almadie, almagra, almah, almain, alman, almanac, almayne, alme, almeh, almery, almesse, almner, almners, almond, almonds, almoner, almonry, almose, almost, almry, alms, almsman, almsmen, almuce, almude, almug, alnage, alnager, alnico, aloe, aloes, aloetic, aloft, alogian, alogy, aloha, alohas, aloin, alone, alonely, along, alongst, aloof, aloofly, alopecy, alose, aloud, alow, alp, alpaca, alpacas, alpen, alpha, alphas, alphol, alphorn, alpia, alpine, alpines, alpist, alps, already, alright, als, alsike, also, alt, altaian, altaic, altar, altars, alter, altered, alterer, altern, alters, althaea, althea, althing, altho, althorn, alto, altos, aludel, alula, alular, alum, alumen, alumin, alumina, alumine, alumins, alumish, alumna, alumnae, alumni, alumnus, alums, alunite, alure, alveary, alvei, alveole, alveoli, alveus, alvine, alway, always, alyssum, am, ama, amadou, amah, amahs, amain, amalgam, amanita, amarant, amarine, amass, amassed, amasser, amasses, amate, amateur, amative, amatory, ambages, ambary, ambassy, amber, ambered, ambers, ambery, ambient, ambigu, ambit, ambitus, amble, ambled, ambler, amblers, ambles, ambling, ambo, ambon, ambos, ambreic, ambrein, ambries, ambrite, ambrose, ambry, amburry, ambury, ambush, ameba, amebae, ameban, amebas, amebean, amebic, ameboid, ameer, ameers, amel, amen, amenage, amend, amende, amended, amender, amends, amenity, amens, ament, amenta, amentia, aments, amentum, amenuse, amerce, amerced, amercer, amerces, america, amerind, amerism, amess, amex, amharic, amia, amiable, amiably, amianth, amias, amic, amice, amici, amicus, amid, amide, amides, amidic, amidin, amido, amidol, amids, amidst, amies, amigas, amigo, amigos, amine, amines, aminic, aminity, amino, aminol, amioid, amir, amirate, amire, amirs, amis, amish, amiss, amit, amities, amity, amma, ammeter, ammine, ammino, ammiral, ammite, ammo, ammonal, ammonia, ammonic, ammos, amnesia, amnesic, amnesty, amnion, amnions, amnios, amniota, amniote, amoeba, amoebae, amoeban, amoebas, amoebea, amoebic, amok, amoks, amole, amoles, amomum, among, amongst, amoral, amoret, amorist, amorosa, amoroso, amorous, amorpha, amorphy, amort, amorwe, amotion, amotus, amount, amounts, amour, amours, amove, amp, ampere, amperes, amphid, amphora, ample, ampler, amplest, amplify, amply, ampoule, amps, ampul, ampule, ampules, ampulla, ampuls, amputee, ampyx, amreeta, amrita, amritas, amsel, amt, amter, amtrac, amtrack, amtracs, amtrak, amts, amu, amuck, amucks, amulet, amulets, amuse, amused, amuser, amusers, amuses, amusing, amusive, amvis, amy, amyl, amylase, amylate, amylene, amylic, amyloid, amylose, amyls, amyous, amyss, an, ana, anabas, anadem, anadems, anadrom, anaemia, anaemic, anagoge, anagogy, anagram, anaheim, anakim, anaks, anal, analgen, analgia, anality, anally, analog, analogs, analogy, analyse, analyst, anamese, anan, ananas, anapest, anarch, anarchs, anarchy, anas, anatase, anatifa, anatine, anatomy, anatron, anatto, anattos, anbury, anchor, anchors, anchovy, ancien, anciens, ancient, ancile, ancille, ancle, ancome, ancon, anconal, ancone, ancones, ancony, and, andante, andarac, andean, andes, andine, andiron, andorra, andre, andrew, android, andron, ands, anear, aneath, anelace, anele, anemia, anemias, anemic, anemone, anemony, anenst, anent, anergia, anergy, aneroid, anes, anet, anethol, anetic, anew, angary, angas, angel, angeles, angelet, angelic, angelot, angels, angelus, anger, angered, angerly, angers, angina, anginal, anginas, angioma, angle, angled, angler, anglers, angles, anglian, anglic, anglice, anglify, angling, anglo, anglos, angola, angolan, angor, angora, angoras, angrier, angrily, angry, angst, angsts, anguine, anguish, angular, angus, anguses, angust, anhang, anhele, anhima, anhinga, ani, anicut, anient, anigh, anight, anights, anil, anile, anilic, anilide, anilin, aniline, anilins, anility, anils, anima, animal, animals, animas, animate, animato, anime, animi, animism, animist, animo, animose, animous, animus, anion, anionic, anions, anis, anise, aniseed, anises, anisic, anisol, anisyl, anito, ankara, anker, ankh, ankhs, ankle, ankled, ankles, anklet, anklets, ankus, ankuses, anlace, anlaut, ann, anna, annal, annals, annas, annat, annates, annats, annatto, anne, anneal, anneals, annelid, annex, annexed, annexer, annexes, annicut, annie, anno, annotto, annoy, annoyed, annoyer, annoys, annual, annuals, annuary, annuent, annuity, annul, annular, annuler, annulet, annuli, annuls, annulus, annum, ano, anoa, anodal, anode, anodes, anodic, anodon, anodyne, anoetic, anoia, anoil, anoint, anoints, anole, anoles, anolis, anomal, anomaly, anomia, anomic, anomie, anomies, anomura, anomy, anon, anona, anonym, anonyma, anonyms, anopia, anopla, anopsia, anopsy, anorak, anoraks, anorexy, anormal, anorn, anosmia, another, anotta, anoura, anoxia, anoxias, anoxic, ansa, ansae, ansated, anseres, ansi, answer, answers, ant, anta, antacid, antae, antaean, antares, ante, anteact, anteal, anted, anteed, antefix, anteing, antenna, antes, anthem, anthems, anther, anthers, anthill, anthoid, anthony, anthrax, anthrop, anti, antiae, antiar, antic, antickt, anticly, anticor, antics, antigen, antilae, anting, antings, antis, antiwar, antler, antlers, antlia, antlike, antlion, antoeci, antonio, antony, antonym, antra, antral, antre, antrum, ants, antwerp, anubis, anura, anurous, anury, anus, anuses, anvil, anviled, anvils, anxiety, anxious, any, anybody, anyhow, anymore, anyone, anytime, anyway, anyways, anywise, aonian, aorist, aorta, aortae, aortal, aortas, aortic, aouad, aouads, aoudad, aoudads, apace, apache, apaches, apagoge, apaid, apair, apanage, apar, apara, aparejo, apart, apathy, apatite, apaume, ape, apeak, aped, apeek, apehood, apelike, apepsy, aper, apercu, apercus, aperea, aperies, apers, apert, apertly, apery, apes, apex, apexes, aphagia, aphakia, aphasia, aphasic, aphasy, aphelia, aphemia, aphesis, aphetic, aphid, aphides, aphids, aphis, aphonia, aphonic, aphony, aphotic, aphrite, aphtha, aphthae, apian, apiary, apical, apices, apician, apiece, apieces, apiked, aping, apiol, apis, apish, apishly, apitpat, apium, aplasia, aplenty, aplomb, aplombs, aplysia, apnea, apneal, apneas, apneic, apnoea, apo, apocope, apod, apoda, apodal, apodan, apode, apodeme, apodes, apodous, apods, apogaic, apogamy, apogeal, apogean, apogee, apogees, apogeic, apohyal, apoise, apolar, apollo, apollos, apology, apolune, apoplex, aporia, aporias, aporosa, aporose, aport, apostil, apostle, apothem, apotome, app, appair, appal, appall, appalls, appals, apparat, apparel, appaume, appay, appeach, appeal, appeals, appear, appears, appease, appel, appels, append, appends, apperil, appete, appetit, appian, applaud, apple, apples, applied, applier, applies, applot, apply, appoint, appose, apposed, apposer, apposes, apprest, apprise, appromt, approof, approve, approx, appui, appulse, apres, apricot, april, aprocta, apron, aproned, aprons, apropos, aprosos, apse, apses, apsidal, apsides, apsis, apt, aptable, aptate, apter, aptera, apteral, apteran, apteria, apteryx, aptest, aptly, aptness, aptote, aptotic, apus, apyrexy, apyrous, ar, ara, arab, araba, arabesk, arabia, arabian, arabic, arabin, arabism, arabist, arable, arables, arabs, araby, aracari, arace, araise, arak, araks, aramaic, aramean, arango, arapaho, arara, araroba, aration, aratory, arbiter, arblast, arbor, arbored, arbores, arboret, arbors, arbour, arbours, arbute, arbutus, arc, arcade, arcaded, arcades, arcadia, arcadic, arcana, arcane, arcanum, arced, arch, archaic, arched, archer, archers, archery, arches, archest, archeus, archil, arching, archive, archly, archon, archons, archway, archy, arcing, arcked, arcking, arco, arcs, arctic, arctics, arcual, arcuate, arcubus, arcus, ardency, ardent, ardor, ardors, ardour, ardours, arduous, are, area, aread, areal, arear, areas, areaway, areca, areed, areek, arefy, arena, arenae, arenas, areng, arenga, arenose, areola, areolae, areolar, areolas, areole, areoles, areolet, arere, ares, arest, aret, arete, aretes, arew, arf, argal, argala, argali, argals, argas, argean, argent, argents, argil, argils, argive, argle, argled, argles, argo, argoan, argoile, argol, argolic, argols, argon, argons, argosy, argot, argots, argue, argued, arguer, arguers, argues, argufy, arguing, argulus, argus, arguses, argute, argyle, argyles, argyll, argylls, arhat, arhats, aria, arian, arias, aricine, arid, arider, aridest, aridity, aridly, ariel, aries, arietta, ariette, aright, aril, ariled, arillus, arils, ariman, ariose, arioso, ariosos, arise, arisen, arises, arising, arist, arista, arith, ark, arkite, arkose, arks, arles, arm, armada, armadas, armado, armband, armed, armenia, armer, armers, armet, armful, armfuls, armhole, armies, armiger, armil, armilla, arming, armings, armless, armlet, armlets, armload, armoire, armor, armored, armorer, armoric, armors, armory, armour, armours, armoury, armpit, armpits, armrack, armrest, arms, armsful, armure, army, arna, arnaout, arnatto, arnaut, arnee, arnica, arnicas, arnicin, arnold, arnot, arnotto, arnut, aroid, aroids, aroint, aroints, arolla, aroma, aromas, aroph, arose, around, arousal, arouse, aroused, arouser, arouses, arow, aroynt, aroynts, arpen, arpent, arpine, arrach, arrack, arracks, arraign, arrange, arrant, arras, arrases, array, arrayal, arrayed, arrayer, arrays, arrear, arrears, arrect, arrest, arrests, arret, arrha, arride, arriere, arris, arrish, arrival, arrive, arrived, arriver, arrives, arroba, arrose, arrow, arrowed, arrows, arrowy, arroyo, arroyos, ars, arschin, arse, arsenal, arsenic, arses, arshine, arsine, arsis, arson, arsonic, arsons, art, artemia, artemis, artery, artful, arthen, arthur, artiad, article, artier, artiest, artily, artisan, artist, artiste, artists, artless, artly, artow, arts, artsman, artwork, arty, arum, arums, aruspex, arval, aryan, aryans, aryls, as, asa, asap, asaphus, asarone, asbolin, ascarid, ascend, ascends, ascent, ascents, ascetic, ascham, asci, ascian, ascians, ascidia, ascii, ascites, ascitic, ascot, ascots, ascribe, ascript, ascus, asea, asemia, asepses, asepsis, aseptic, asexual, ash, ashame, ashamed, ashcan, ashcans, ashed, ashen, ashery, ashes, ashier, ashiest, ashine, ashing, ashlar, ashlars, ashler, ashlers, ashless, ashman, ashmen, ashore, ashram, ashrams, ashtray, ashweed, ashy, asia, asian, asians, asiarch, asiatic, aside, asides, asilus, asinego, asinine, asitia, ask, askance, askant, asked, asker, askers, askew, asking, askings, asks, aslake, aslant, asleep, aslope, aslug, asmear, asoak, asocial, asonant, asp, aspca, aspect, aspects, aspen, aspens, asper, asperne, aspers, asperse, asphalt, asphyxy, aspic, aspics, aspire, aspired, aspirer, aspires, aspirin, aspish, asprawl, asps, asramas, ass, assagai, assai, assail, assails, assam, assamar, assapan, assart, assault, assay, assayed, assayer, assays, asse, assegai, assent, assents, assert, asserts, asses, assess, asset, assets, assever, asshole, assiege, assign, assigns, assish, assisi, assist, assists, asslike, assn, assober, assoc, assoil, assort, assorts, assot, asst, assuage, assume, assumed, assumer, assumes, assumpt, assure, assured, assurer, assures, assuror, asswage, assyria, astacus, astart, astarte, astate, astatic, astatki, astay, asteism, astel, aster, astern, asters, astert, astheny, asthma, asthmas, astir, aston, astond, astone, astoned, astony, astoop, astound, astral, astrals, astrand, astray, astrict, astride, astroid, astrut, astun, astute, astylar, asunder, asura, aswail, aswarm, asweve, aswing, aswirl, aswoon, asyla, asylum, asylums, async, at, atabal, atafter, ataghan, atake, ataman, ataraxy, ataunt, ataunto, atavic, atavism, atavist, ataxia, ataxic, ataxy, ate, ateles, atelier, atellan, athanor, atheism, atheist, athena, athens, atheous, athink, athirst, athlete, athwart, atilt, atimy, atingle, atlanta, atlas, atlases, atma, atman, atmans, atmas, atmo, atokous, atole, atoll, atolls, atom, atomic, atomics, atomies, atomise, atomism, atomist, atoms, atomy, atonal, atone, atoned, atoner, atoners, atones, atonic, atonics, atonies, atoning, atony, atop, atopic, atrede, atrenne, atresia, atria, atrial, atrip, atrium, atriums, atrocha, atrophy, atropia, atrous, atrypa, attabal, attacca, attach, attache, attack, attacks, attagas, attagen, attain, attains, attaint, attal, attame, attar, attars, attask, attaste, atte, attempt, attend, attends, attent, atter, attest, attests, attic, attical, attics, attila, attinge, attire, attired, attirer, attires, attle, attn, attonce, attone, attorn, attract, attrap, attrib, attrite, attry, attune, attuned, attunes, atty, atwain, atween, atwirl, atwite, atwixt, atwo, atypic, aubade, aubades, aubaine, aube, auberge, aubin, auburn, auburns, aucht, auctary, auction, auctors, aud, audad, audads, audible, audibly, audient, audile, audio, audios, audit, audited, auditor, audits, auf, augean, augend, augends, auger, augers, auget, aught, aughts, augite, augitic, augment, augrim, augur, augural, augured, augurer, augurs, augury, august, augusta, auk, auklets, auks, aukward, auld, aulder, auldest, auletic, aulic, auln, aulnage, aum, aumail, aumbry, aumery, auncel, aune, aunt, aunter, auntie, aunties, auntre, aunts, auntter, aunty, aura, aurae, aural, aurally, auras, aurate, aurated, aureate, aurelia, aureola, aureole, aureus, auric, auricle, auriga, aurigal, aurin, aurist, aurited, aurochs, aurora, aurorae, auroral, auroras, aurous, aurum, aurums, auscult, auspice, aussie, aussies, auster, austere, austin, austral, austria, autarky, author, authors, autism, autisms, auto, autobus, autoed, autoing, automat, autopsy, autos, autre, autumn, autumns, aux, auxesis, auxetic, auxin, auxins, ava, avail, availed, avails, avale, avant, avarice, avarous, avast, avatar, avatars, avaunce, avaunt, avdp, ave, avel, avena, avenage, avener, avenge, avenged, avenger, avenges, avenor, avens, avenses, aventre, avenue, avenues, aver, average, avernal, averred, avers, averse, avert, averted, averter, averts, aves, avesta, avestan, avg, aviado, avian, avians, aviary, aviate, aviated, aviates, aviator, avicula, avid, avidity, avidly, avie, aviette, avigato, avile, avion, avionic, avions, avis, avise, avisely, avision, aviso, avocado, avocat, avocate, avocet, avocets, avoid, avoided, avoider, avoids, avoke, avolate, avoset, avouch, avow, avowal, avowals, avowant, avowed, avowee, avower, avowers, avowing, avowry, avows, avowtry, avoyer, avulse, aw, awacs, await, awaited, awaiter, awaits, awake, awaked, awaken, awakens, awakes, awaking, award, awarded, awardee, awarder, awards, aware, awarn, awash, away, awe, aweary, awed, aweigh, aweing, aweless, awes, awesome, awful, awfully, awhape, awhile, awhirl, awing, awk, awkly, awkward, awl, awless, awls, awlwort, awm, awn, awned, awning, awnings, awnless, awns, awny, awoke, awoken, awol, awols, awork, awreak, awreke, awrong, awry, awsome, ax, axal, axe, axed, axel, axels, axeman, axemen, axes, axial, axially, axil, axile, axilla, axillae, axillar, axillas, axils, axing, axinite, axiom, axioms, axis, axises, axle, axled, axles, axlike, axman, axmen, axolotl, axon, axonal, axone, axones, axonic, axons, axseed, axstone, axtree, axunge, ay, ayah, ayahs, aye, ayein, ayeins, ayen, ayes, ayle, ayme, ayond, ayont, ayrie, ayry