ba, baa, baaed, baaing, baal, baalim, baalism, baalist, baalite, baals, baas, bab, baba, babas, babbitt, babble, babbled, babbler, babbles, babcock, babe, babel, babels, babery, babes, babian, babied, babies, babiism, babion, babish, babism, babist, babka, babkas, bablah, baboo, babool, baboon, baboons, baboos, babu, babul, babuls, babus, baby, babying, babyish, babyism, babylon, bac, bacca, baccara, baccare, baccate, bacchic, bacchii, bacchus, bace, bach, bacilli, back, backare, backbit, backed, backer, backers, backhoe, backing, backlit, backlog, backrag, backs, backsaw, backset, backup, backups, bacon, bacons, bacule, bad, badaud, badder, baddie, baddies, baddish, baddy, bade, badge, badged, badger, badgers, badges, badging, badiaga, badian, badland, badly, badman, badmen, badness, bads, baff, baffle, baffled, baffler, baffles, baffy, baft, bafta, bag, bagasse, bagel, bagels, bagful, bagfuls, baggage, baggala, bagged, baggie, baggier, baggies, baggily, bagging, baggy, baghdad, bagman, bagmen, bagnio, bagnios, bagpipe, bagreef, bags, bagsful, bague, baguet, baguets, bagwig, bagwigs, bagworm, bah, bahadur, bahai, bahaism, bahamas, bahar, baht, bahts, baigne, bail, bailed, bailee, bailer, bailers, bailey, baileys, bailie, bailies, bailiff, bailing, baillie, bailor, bailors, bailout, bails, bain, bairam, bairn, bairns, bait, baited, baiter, baiters, baiting, baits, bajocco, bake, baked, baken, baker, bakers, bakery, bakes, baking, bakings, baklava, balaam, balance, balata, balboa, balboas, balcon, balcony, bald, balded, balder, baldest, balding, baldish, baldly, baldrib, baldric, balds, baldwin, bale, baled, baleen, baleens, baleful, baler, balers, bales, bali, baling, balk, balkan, balkans, balked, balker, balkers, balkier, balkily, balking, balkish, balks, balky, ball, ballad, ballade, ballads, ballast, balled, baller, ballers, ballet, ballets, balling, ballium, ballo, balloon, ballot, ballots, ballow, balls, ballute, bally, balm, balmier, balmify, balmily, balms, balmy, balneal, baloney, balsa, balsam, balsams, balsas, balter, baltic, bam, bambino, bamboo, bamboos, ban, banal, banally, banana, bananas, banat, banc, bancal, banco, bancus, band, bandage, bandala, bandana, bandbox, bandeau, banded, bander, banders, bandied, bandies, banding, bandit, bandits, bandle, bandlet, bandog, bandon, bandore, bandrol, bands, bandy, bane, baned, baneful, banes, bang, banged, banger, bangers, banging, bangkok, bangle, bangles, bangs, bangue, banian, banish, banjo, banjoes, banjos, bank, banked, banker, bankers, banking, banks, banned, banner, banners, banning, bannock, banns, bans, banshee, banshie, bantam, bantams, banteng, banter, banters, banting, bantu, bantus, banyan, banyans, baobab, baobabs, baptise, baptism, baptist, bar, baraca, barad, barb, barbaic, barbara, barbary, barbate, barbed, barbel, barbell, barbels, barber, barbers, barbet, barbets, barbing, barble, barbre, barbs, barbule, barcon, bard, barde, barded, bardes, bardic, barding, bardish, bardism, bards, bare, bared, barefit, barege, barely, barer, bares, barest, barf, barfed, barfing, barfish, barfly, barfs, barful, bargain, barge, barged, bargee, bargees, barger, barges, barging, barhop, barhops, baria, baric, barilla, baring, barite, barium, bariums, bark, barked, barkeep, barken, barker, barkers, barkery, barkier, barking, barks, barky, barless, barley, barleys, barlow, barlows, barm, barmaid, barman, barmen, barmie, barmier, barmote, barmy, barn, barnier, barns, barny, barocco, baroko, baron, baronet, barong, barons, barony, barpost, barrack, barrage, barras, barre, barred, barrel, barrels, barren, barrens, barret, barrets, barrier, barring, barrio, barrios, barroom, barrow, barrows, barruly, barry, bars, barse, bartend, barter, barters, bartery, barth, barton, bartram, barware, barway, barwise, barwood, baryon, baryons, baryta, barytes, barytic, barytum, bas, basal, basally, basalt, basalts, basan, basbleu, bascule, base, based, basely, baseman, basemen, basenet, baser, bases, basest, bash, bashaw, bashed, basher, bashers, bashes, bashful, bashing, bashyle, basic, basic's, basics, basify, basil, basilar, basiled, basilic, basils, basin, basined, basinet, basing, basins, basion, basis, bask, basked, basket, baskets, basking, basks, basnet, bason, bass, bassa, bassaw, basses, basset, bassets, bassi, bassist, bassly, basso, bassock, bassoon, bassos, bassy, bast, basta, bastard, baste, basted, baster, basters, bastes, bastian, basting, bastion, basto, baston, basts, basutos, basyle, bat, batable, batata, batatas, batboy, batboys, batch, batched, batcher, batches, bate, bateau, bateaux, bated, bateful, bates, batfish, batful, bath, bathe, bathed, bather, bathers, bathes, bathing, bathos, baths, bathtub, batik, batiks, bating, batiste, batlet, batman, batmen, baton, batons, batoon, bats, batsman, batsmen, batta, batteau, batted, battel, batten, battens, batter, batters, battery, battier, battiks, batting, battle, battled, battler, battles, batton, batts, battue, batture, battuta, batty, batule, batwing, baubee, bauble, baubles, baud, bauds, bauk, baulk, baulked, baulks, baulky, baume, bauxite, bavaroy, bavian, bavin, bawbee, bawble, bawcock, bawd, bawdier, bawdies, bawdily, bawdric, bawdry, bawds, bawdy, bawl, bawled, bawler, bawlers, bawling, bawls, bawn, bawrel, bawsin, bawson, baxter, bay, baya, bayad, bayamo, bayard, bayatte, baybolt, bayed, baying, bayman, bayonet, bayou, bayous, bays, baywood, bb, bbl, bdrm, be, beach, beached, beaches, beachy, beacon, beacons, bead, beaded, beadier, beadily, beading, beadle, beadles, beadman, beadmen, beads, beady, beagle, beagles, beak, beaked, beaker, beakers, beakier, beaks, beaky, beal, bealed, bealing, beam, beamed, beamful, beamier, beamily, beaming, beamish, beamlet, beams, beamy, bean, beanbag, beaned, beanery, beanie, beanies, beaning, beano, beans, bear, bearcat, beard, bearded, beardie, beards, bearer, bearers, bearing, bearish, bearn, bears, beast, beastie, beastly, beasts, beat, beaten, beater, beaters, beath, beatify, beating, beatles, beatnik, beats, beau, beaufet, beaufin, beauish, beaus, beaut, beautie, beauts, beauty, beaux, beaver, beavers, bebeeru, bebleed, beblood, beblot, bebop, bebops, bebung, becalm, becalms, became, becard, because, becharm, bechic, beck, becked, becker, becket, becking, beckon, beckons, becks, beclap, beclip, becloud, become, becomed, becomes, becuiba, becuna, becurl, becurse, becurst, bed, bedaff, bedagat, bedamn, bedamns, bedash, bedaub, bedaubs, bedbug, bedbugs, bedcord, bedded, bedder, bedders, bedding, bede, bedeck, bedecks, bedegar, bedel, bedell, bedelry, beden, bedevil, bedew, bedewed, bedewer, bedews, bedewy, bedfast, bedgown, bedight, bedim, bedims, bedkey, bedlam, bedlamp, bedlams, bedmate, bedote, bedouin, bedpan, bedpans, bedpost, bedrail, bedrid, bedrock, bedroll, bedroom, bedrop, bedrug, beds, bedside, bedsite, bedsore, bedtick, bedtime, beduck, beduin, beduins, bedumb, bedumbs, bedung, bedust, bedward, bedwarf, bedye, bedyed, bee, beebee, beebees, beech, beechen, beeches, beechy, beef, beefed, beefier, beefily, beefing, beefs, beefy, beehive, beeld, beelike, beeline, beem, been, beep, beeped, beeper, beepers, beeping, beeps, beer, beerier, beers, beery, bees, beeswax, beet, beete, beetle, beetled, beetles, beets, beeve, beeves, befall, befalls, befell, befit, befits, beflags, befog, befogs, befool, befools, before, befoul, befouls, befrill, beg, bega, began, begat, begem, beget, begets, beggar, beggars, beggary, begged, begging, beghard, begild, begilt, begin, begins, begird, begirt, begnaw, begnawn, begod, begohm, begone, begonia, begorah, begore, begorra, begot, begrave, begrime, begs, beguard, beguile, beguin, beguine, begum, begums, begun, behalf, behave, behaved, behaver, behaves, behead, beheads, beheld, behen, behest, behests, behete, behight, behind, behinds, behn, behold, beholds, behoof, behoove, behoten, behove, behoved, behoves, behowl, beige, beiges, beigy, beild, being, beings, beirut, bejade, bejape, bejewel, bejuco, bekah, beknave, beknow, bel, belabor, belace, belaced, belaid, belam, belamy, belate, belated, belaud, belay, belayed, belays, belch, belched, belcher, belches, beldam, beldame, beldams, beleaps, beleapt, beleave, belee, beleft, beleper, belfast, belfry, belgard, belgian, belgic, belgium, belial, belibel, belie, belied, belief, beliefs, belier, beliers, belies, believe, belight, belike, belime, belimed, belive, belk, bell, bellboy, belle, belled, belles, bellhop, belli, bellic, bellied, bellies, belling, bellman, bellmen, bello, bellon, bellona, bellow, bellows, bells, bellum, belly, belock, belong, belongs, belord, belove, beloved, below, belows, belowt, belsire, belt, beltane, belted, beltein, beltin, belting, belts, beltway, beluga, belugas, belute, beluted, belying, bema, bemad, bemas, bemask, bemata, bemaul, bemean, bemeet, bemet, bemete, bemire, bemired, bemires, bemist, bemix, bemoan, bemoans, bemock, bemoil, bemol, bemourn, bemuse, bemused, bemuses, ben, bename, benamed, bench, benched, bencher, benches, bend, bended, bendee, bender, benders, bending, bendlet, bends, bendy, bene, beneath, benefic, benefit, beneme, benempt, benes, benet, bengal, bengali, bengals, bengola, benight, benign, benim, benin, benison, benne, bennet, bennets, bennies, benny, bens, benshee, bent, benthal, benthic, benthos, bents, benty, benumb, benumbs, bepaint, bepelt, bepinch, beprose, berain, berate, berated, berates, beray, berbe, berber, berbers, berdash, bere, bereave, bereft, beret, berets, beretta, berg, bergh, bergman, bergs, bergylt, berhyme, berime, bering, berlin, berlins, berm, berme, berms, bermuda, bernard, bernese, berob, berobed, beroe, berried, berries, berry, berseem, berserk, berstle, berth, bertha, berthas, berthed, berths, bertram, beryl, beryls, besaiel, besaile, besaint, besant, besayle, bescorn, besee, beseech, beseek, beseem, beseems, beseen, beset, besets, beshine, beshone, beshow, beshrew, beshut, beside, besides, besiege, besit, beslave, beslime, besmear, besmile, besmoke, besmut, besmuts, besnow, besnows, besnuff, besogne, besom, besomed, besomer, besoms, besort, besot, besots, bespake, bespawl, bespeak, bespew, bespice, bespirt, bespit, bespoke, bespot, bespurt, bess, best, bestad, bestain, bestar, bestead, bested, bestial, bestick, bestill, besting, bestir, bestirs, bestorm, bestow, bestows, bestrew, bestrid, bests, bestuck, bestud, beswike, bet, beta, betaine, betake, betaken, betakes, betas, bete, beteela, beteem, betel, betels, betes, bethel, bethels, bethink, beths, bethumb, bethump, betid, betide, betided, betides, betime, betimes, betitle, betoken, beton, betony, betook, betorn, betoss, betrap, betray, betrays, betrim, betroth, betrust, bets, betso, betta, bettas, betted, better, betters, betting, bettong, bettor, bettors, betty, betulin, betutor, between, betwixt, beurre, bevel, beveled, beveler, bevels, bever, bevered, bevies, bevile, beviled, bevy, bewail, bewails, bewake, beware, bewared, bewares, bewash, beweep, bewept, bewet, bewhore, bewig, bewigs, bewit, bewitch, bewrap, bewray, bewrays, bewreck, bewreke, bey, beylic, beyond, beyonds, beys, bhakta, bhaktas, bhakti, bhaktis, bhang, bhangs, bheesty, bhistee, bhisti, bhunder, bhutan, biacid, bialy, bialys, bias, biased, biases, biasing, biassed, biasses, biaxal, biaxial, bib, bibasic, bibb, bibbe, bibbed, bibber, bibbers, bibbery, bibbing, bibbs, bibcock, bibelot, bible, bibler, bibles, bibless, bibliog, biblist, bibs, bicarb, bicarbs, bicched, bice, biceps, bichir, bicho, bicker, bickern, bickers, bicolor, bicorn, bicycle, bid, bidale, bidarka, bidden, bidder, bidders, biddies, bidding, biddy, bide, bided, bident, bider, biders, bides, bidet, bidets, biding, bids, bield, bielid, biennia, biens, bier, biers, biff, biffed, biffies, biffin, biffing, biffins, biffs, biffy, bifid, bifilar, biflex, bifocal, bifold, biform, biforn, big, biga, bigam, bigamy, bigeye, bigeyes, bigfoot, bigg, biggen, bigger, biggest, biggie, biggies, biggin, bigging, biggish, biggon, bigha, bighead, bighorn, bight, bighted, bights, bigly, bigness, bigot, bigoted, bigotry, bigots, bigwig, bigwigs, bijou, bijous, bijoux, bike, biked, biker, bikers, bikes, bikeway, bikh, biking, bikini, bikinis, bilalo, biland, bilbo, bilboes, bilbos, bilcock, bile, biles, bilge, bilged, bilges, bilgier, bilging, bilgy, biliary, bilimbi, bilin, bilious, bilk, bilked, bilker, bilkers, bilking, bilks, bill, billage, billard, billbug, billed, biller, billers, billet, billets, billie, billies, billing, billion, billman, billmen, billon, billot, billow, billows, billowy, bills, billy, bilobed, bilsted, biltong, bimah, bimahs, bimana, bimetal, bimodal, bin, binal, binary, binate, bind, binder, binders, bindery, binding, bindle, bindles, binds, bine, bines, bing, binge, binges, bingo, bingos, bink, binned, binning, binny, binocle, binous, bins, bints, bio, biocide, biogen, biogeny, biol, biology, biomass, biome, biomes, bion, bionic, bionics, bionomy, biont, biopsy, bioptic, biorgan, bios, biota, biotas, biotaxy, biotic, biotics, biotin, biotins, biotite, biotype, biparty, biped, bipedal, bipeds, biplane, bipod, bipods, bipolar, bipont, biprism, birch, birched, birchen, bircher, birches, bird, birded, birder, birders, birdie, birdied, birdies, birding, birdlet, birdman, birdmen, birds, bireme, biremes, biretta, birk, birken, birkie, birl, birlaw, birr, birred, birring, birrus, birse, birt, birth, birthed, births, bis, biscuit, bise, bisect, bisects, bisexed, biseye, bish, bishop, bishops, bisie, bisk, bismare, bismark, bismer, bismite, bismuth, bison, bisons, bisson, bistate, bister, bistort, bistre, bistro, bistros, bit, bitable, bitake, bitch, bitched, bitches, bitchy, bite, biter, biters, bites, biting, bitless, bito, bits, bitsy, bitt, bitte, bitted, bitten, bitter, bittern, bitters, bittier, bitting, bittock, bitts, bitty, bitume, bitumed, bitumen, biuret, bivalve, bivial, bivious, bivium, bivouac, biwreye, bks, blab, blabbed, blabber, blabby, blabs, black, blacked, blacken, blacker, blackly, blacks, bladder, blade, bladed, blades, blady, blae, blague, blah, blahs, blain, blains, blame, blamed, blamer, blamers, blames, blaming, blanc, blanch, blanche, bland, blander, blandly, blank, blanked, blanker, blanket, blankly, blanks, blare, blared, blares, blaring, blarney, blase, blast, blasted, blaster, blasts, blasty, blat, blatant, blather, blats, blatted, blatter, blaubok, blay, bldg, blea, bleach, bleachs, bleak, bleaker, bleakly, bleaks, bleaky, blear, bleared, blears, bleary, bleat, bleated, bleater, bleats, bleb, blebby, bleck, bled, blee, bleed, bleeder, bleeds, bleep, bleeped, bleeps, blek, blemish, blench, blend, blende, blended, blender, blends, blenk, blenny, blent, blesbok, bless, blessed, blesser, blesses, blest, blet, blether, bletted, blew, bleyme, bleynte, blickey, blight, blights, blighty, blimbi, blimey, blimp, blimps, blimy, blin, blind, blinde, blinded, blinder, blindly, blinds, blini, blinis, blink, blinked, blinker, blinks, blip, blipped, blips, blirt, bliss, blisses, blissom, blister, blite, blithe, blither, blive, bloat, bloated, bloater, bloats, blob, blobbed, blobber, blobs, bloc, blocage, block, blocked, blocker, blocks, blocky, blocs, bloke, blokes, blolly, blomary, blond, blonde, blonder, blondes, blonds, blonket, blood, blooded, bloods, bloody, bloom, bloomed, bloomer, blooms, bloomy, bloop, blooped, blooper, bloops, blooth, blore, blosmy, blossom, blot, blotch, blotchy, blote, bloted, bloting, blots, blotted, blotter, blotto, blotty, blouse, bloused, blouses, blouson, blousy, blow, blowby, blowbys, blowen, blower, blowers, blowess, blowfly, blowgun, blowier, blowing, blowjob, blown, blowoff, blowout, blows, blowse, blowsed, blowsy, blowth, blowup, blowups, blowy, blub, blubber, blucher, blue, bluecap, blued, bluefin, bluegum, blueing, blueish, bluejay, bluely, bluer, blues, bluest, bluesy, bluet, bluets, bluey, blueys, bluff, bluffed, bluffer, bluffly, bluffs, bluffy, bluing, bluings, bluish, blunder, blunge, blunged, blunger, blunges, blunt, blunted, blunter, bluntly, blunts, blur, blurb, blurbs, blurred, blurry, blurs, blurt, blurted, blurter, blurts, blush, blushed, blusher, blushes, blushet, blushy, bluster, blvd, bo, boa, boar, board, boarded, boarder, boards, boarish, boars, boas, boast, boasted, boaster, boasts, boat, boatage, boated, boatel, boatels, boater, boaters, boatful, boating, boation, boatman, boatmen, boats, bob, bobac, bobance, bobbed, bobber, bobbers, bobbery, bobbies, bobbin, bobbing, bobbins, bobbish, bobble, bobbled, bobbles, bobby, bobcat, bobcats, bobfly, bobs, bobsled, bobstay, bobtail, boca, bocal, bocardo, bocca, bocce, bocces, bocci, boccie, boccies, boce, boche, boches, bock, bockey, bocking, bocks, bod, boddice, bode, boded, bodeful, bodega, bodegas, bodes, bodge, bodged, bodian, bodice, bodiced, bodices, bodied, bodies, bodily, boding, bodings, bodkin, bodkins, bodle, bodock, bodrage, bods, body, bodying, boeing, boer, boers, boes, boff, boffin, boffins, boffo, boffola, boffos, boffs, bog, bogart, bogey, bogeys, boggard, bogged, boggier, bogging, boggish, boggle, boggled, boggler, boggles, boggy, bogie, bogies, bogle, bogled, bogles, bogota, bogs, bogue, bogus, bogwood, bogy, bogyism, bogyman, bogymen, bohea, bohemia, bohunk, bohunks, boiar, boil, boilary, boiled, boiler, boilers, boilery, boiling, boils, boise, boist, bokadam, boke, bola, bolar, bolas, bold, bolded, bolden, bolder, boldest, bolding, boldly, boldo, boldu, bole, bolero, boleros, boles, boletic, boletus, boley, bolide, bolides, bolis, bolivar, bolivia, boll, bollard, bolled, bollen, bolling, bollix, bolls, boln, bolo, bologna, boloney, bolos, bolsa, bolster, bolt, bolted, boltel, bolter, bolters, bolting, bolts, bolty, bolus, boluses, bolye, bom, bomb, bombace, bombard, bombast, bombax, bombay, bombe, bombed, bomber, bombers, bombes, bombic, bombing, bombolo, bombs, bombyx, bon, bona, bonaci, bonair, bonasus, bonbon, bonbons, bonce, bond, bondage, bondar, bonded, bonder, bonders, bonding, bondman, bondmen, bonds, bonduc, bone, boned, bonedog, bonelet, boner, boners, bones, boneset, bonetta, boney, bonfire, bong, bonged, bonging, bongo, bongoes, bongos, bongs, bonier, boniest, bonify, boning, bonita, bonitas, bonito, bonitos, bonjour, bonkers, bonmot, bonne, bonnet, bonnets, bonnie, bonnier, bonnily, bonny, bono, bonos, bons, bonsai, bonsoir, bonum, bonus, bonuses, bony, boo, boob, boobies, booboo, booboos, boobs, booby, boodh, boodle, boodled, boodler, boodles, booed, booger, boogers, boogie, boogies, boohoe, boohoo, boohoos, booing, book, booked, bookend, booker, bookers, bookful, bookie, bookies, booking, bookish, booklet, bookman, bookmen, books, booky, boolean, boolies, booly, boom, boomage, boomdas, boomed, boomer, boomers, boomier, booming, boomkin, boomlet, booms, boomy, boon, boonies, boons, boor, boorish, boors, boort, boos, boose, booser, boost, boosted, booster, boosts, boot, booted, bootee, bootees, bootery, bootes, booth, booths, boothy, bootie, booties, booting, bootleg, boots, booty, bop, bopeep, bopped, bopper, boppers, bopping, bops, borable, boracic, borage, borages, boranes, borate, borated, borates, borax, boraxes, bord, bordage, bordar, bordel, bordels, border, borders, bordman, bordrag, bordure, bore, boreal, boreas, bored, boredom, boree, borel, borele, borer, bores, boric, boride, boring, borings, born, borne, borneo, borneol, bornite, boron, boronic, borons, borough, borrage, borrel, borrow, borrows, borsch, borscht, borsht, borshts, borstal, borsten, bort, borts, borty, boruret, borwe, bos, bosa, boscage, bosh, boshbok, boshes, bosk, boskage, bosket, boskier, bosks, bosky, bosom, bosomed, bosoms, bosomy, boson, bosons, boss, bossa, bossage, bossdom, bossed, bosses, bosset, bossier, bossies, bossily, bossing, bossism, bossy, boston, bostons, bostryx, bosun, bosuns, bot, botanic, botany, botargo, botch, botched, botcher, botches, botchy, bote, botfly, both, bother, bothers, bothie, bothnic, bothy, bots, bottine, bottle, bottled, bottler, bottles, bottom, bottoms, bottone, bottony, botts, botulin, bouch, bouche, boucle, boud, boudoir, bouffe, bouffes, bouge, bouged, bouget, bough, boughed, boughs, bought, boughty, bougie, bouilli, bouk, boul, boulder, boule, boules, boultel, boulter, boultin, boun, bounce, bounced, bouncer, bounces, bouncy, bound, bounded, bounden, bounder, bounds, bounty, bour, bourbon, bourd, bourder, bourdon, bourg, bourgs, bouri, bourn, bourne, bournes, bourns, bourree, bourse, bouse, boused, bouser, bouses, bousy, bout, boutade, bouts, bovate, bovid, bovine, bovines, bow, bowable, bowbell, bowbent, bowed, bowel, boweled, bowels, bower, bowered, bowers, bowery, bowess, bowfin, bowfins, bowge, bowhead, bowie, bowing, bowings, bowknot, bowl, bowlder, bowled, bowleg, bowlegs, bowler, bowlers, bowless, bowlful, bowlike, bowline, bowling, bowls, bowman, bowmen, bowne, bows, bowse, bowsed, bowses, bowshot, bowssen, bowtel, bowwow, bowwows, bowyer, box, boxcar, boxcars, boxed, boxen, boxer, boxers, boxes, boxfish, boxful, boxfuls, boxhaul, boxier, boxiest, boxing, boxings, boxlike, boxwood, boxy, boy, boyar, boyard, boyau, boyaus, boyaux, boycott, boyer, boyhood, boyish, boyism, boyo, boyos, boys, bps, br, bra, brabble, brace, braced, bracer, bracero, bracers, braces, brach, brachia, bracing, brack, bracken, bracket, bracky, bract, bractea, bracted, bracts, brad, bradded, bradoon, brads, brae, braes, brag, bragged, bragger, bragget, braggy, bragly, brags, brahma, brahman, brahmas, brahmin, brahms, braid, braided, braider, braids, brail, brailed, braille, brails, brain, brained, brains, brainy, braise, braised, braiser, braises, brait, brake, braked, brakes, brakier, braking, braky, braless, brama, bramble, brambly, brame, bramin, bran, branch, branchy, brand, branded, brander, brandle, brands, brandy, brangle, brank, branks, branlin, branny, brans, bransle, brant, bras, brasen, brash, brasher, brashes, brashly, brashy, brasier, brasil, brasils, brass, brasse, brasses, brassie, brassy, brast, brat, brats, bratty, bravade, bravado, brave, braved, bravely, braver, bravers, bravery, braves, bravest, braving, bravo, bravoed, bravoes, bravos, bravura, bravure, braw, brawl, brawled, brawler, brawls, brawn, brawned, brawner, brawns, brawny, braxy, bray, brayed, brayer, brayers, braying, brays, breach, breachy, bread, breaded, breaden, breads, breadth, break, breaker, breaks, breakup, bream, breamed, breams, breast, breasts, breath, breathe, breaths, breathy, breccia, bred, brede, breech, breed, breede, breeder, breeds, bregma, brehon, brelan, breme, bren, brenne, brent, brere, brest, breste, bret, bretful, breton, bretons, brett, breve, breves, brevet, brevets, brevi, brevier, brevity, brew, brewage, brewed, brewer, brewers, brewery, brewing, brewis, brews, brian, briar, briars, briary, bribe, bribed, bribee, briber, bribers, bribery, bribes, bribing, brick, bricked, brickle, bricks, bricky, bricole, brid, bridal, bridals, bride, brides, bridge, bridged, bridges, bridgey, bridle, bridled, bridler, bridles, bridoon, brie, brief, briefed, briefer, briefly, briefs, brier, briered, briers, briery, bries, brig, brigade, brigand, brigge, bright, brights, brigose, brigs, brigue, brike, brill, brills, brim, brimful, brimmed, brimmer, brims, brin, brinded, brindle, brine, brined, briner, brines, bring, bringer, brings, brinier, brinies, brining, brinish, brink, brinks, briny, brio, brioche, briony, brios, brisk, brisked, brisker, brisket, briskly, brisks, bristle, bristly, bristol, brisure, brit, britain, brite, british, briton, britons, britt, brittle, bro, broach, broad, broadax, broaden, broader, broadly, broads, brob, brocade, brocage, brocard, broche, brock, brocket, brocks, brocoli, brog, brogan, brogans, broggle, brogue, brogues, broid, broider, broil, broiled, broiler, broils, brokage, broke, broken, broker, brokers, brokery, broking, brolly, broma, bromal, bromate, brome, bromic, bromide, bromine, bromism, bromo, bromol, bromos, bronc, bronchi, broncho, bronco, broncos, broncs, brond, bronx, brooch, brood, brooded, brooder, broods, broody, brook, brooked, brooks, broom, broomed, brooms, broomy, bros, brose, brotel, broth, brothel, brother, broths, brothy, brouded, brought, brow, browed, brown, browned, browner, brownie, browns, browny, brows, browse, browsed, browser, browses, bruang, bruce, brucine, brucite, bruh, bruin, bruins, bruise, bruised, bruiser, bruises, bruit, bruited, bruiter, bruits, brumal, brume, brumous, brun, brunch, brunet, brunets, brunion, brunt, brunts, brush, brushed, brusher, brushes, brushup, brushy, brusk, brusker, bruskly, brusten, brustle, brut, bruta, brutal, brute, bruted, brutely, brutes, brutify, bruting, brutish, brutism, bryan, bryonin, bryony, buat, bub, bubale, bubbies, bubble, bubbled, bubbler, bubbles, bubbly, bubby, bubo, buboes, bubonic, bubs, bubukle, buccal, buccan, buceros, buchu, buck, bucked, bucker, buckers, bucket, buckets, buckety, buckeye, buckie, bucking, buckish, buckle, buckled, buckler, buckles, bucko, buckoes, buckra, buckram, buckras, bucks, bucksaw, bucolic, bud, budded, budder, budders, buddha, buddies, budding, buddle, buddles, buddy, budge, budged, budger, budgers, budges, budget, budgets, budgie, budgies, budging, budgy, budless, budlet, budlike, buds, buenas, buenos, buff, buffa, buffalo, buffed, buffer, buffers, buffet, buffets, buffier, buffin, buffing, buffle, buffo, buffoon, buffos, buffs, buffy, bufo, bug, bugaboo, bugbane, bugbear, bugeye, bugeyes, bugfish, bugged, bugger, buggers, buggery, buggier, buggies, bugging, buggy, bugle, bugled, bugler, buglers, bugles, bugling, bugloss, bugs, bugwort, buhl, buick, buicks, build, builded, builder, builds, buildup, built, bulau, bulb, bulbar, bulbed, bulbel, bulbil, bulblet, bulbose, bulbous, bulbs, bulbul, bulbule, bulbuls, bulchin, bulge, bulged, bulger, bulgers, bulges, bulgier, bulging, bulgur, bulgurs, bulgy, bulimia, bulimic, bulimus, bulimy, bulk, bulkage, bulked, bulker, bulkier, bulkily, bulking, bulks, bulky, bull, bulla, bullace, bullae, bullary, bullate, bulldog, bulled, bullet, bullets, bullfly, bullied, bullier, bullies, bulling, bullion, bullish, bullist, bullock, bullon, bullpen, bulls, bully, bulrush, bulse, bultel, bulti, bultong, bultow, bulwark, bum, bumbard, bumbast, bumbelo, bumble, bumbled, bumbler, bumbles, bumboat, bumkin, bumkins, bummalo, bummed, bummer, bummers, bummery, bummest, bumming, bump, bumped, bumper, bumpers, bumpier, bumpily, bumping, bumpkin, bumps, bumpy, bums, bun, bunch, bunched, bunches, bunchy, bunco, buncoed, buncos, bund, bunder, bundle, bundled, bundler, bundles, bunds, bung, bunged, bunging, bungle, bungled, bungler, bungles, bungo, bungs, bunion, bunions, bunk, bunked, bunker, bunkers, bunking, bunko, bunkoed, bunkos, bunks, bunkum, bunkums, bunn, bunnian, bunnies, bunns, bunny, buns, bunsen, bunt, bunted, bunter, bunters, buntine, bunting, bunts, bunyan, bunyon, buolt, buoy, buoyage, buoyant, buoyed, buoying, buoys, bur, burble, burbled, burbler, burbles, burbly, burbolt, burbot, burden, burdens, burdies, burdock, burdon, bureau, bureaus, bureaux, burel, burette, burg, burgage, burgall, burgee, burgees, burgeon, burger, burgers, burgess, burgh, burghal, burgher, burghs, burglar, burgle, burgled, burgles, burgoo, burgoos, burgs, burh, burhel, burial, burials, buried, burier, buriers, buries, burin, burins, burion, burke, burked, burking, burkism, burl, burlap, burlaps, burled, burler, burlesk, burley, burleys, burlier, burlily, burling, burls, burly, burma, burman, burmans, burmese, burn, burned, burner, burners, burnet, burnets, burnie, burnies, burning, burnish, burnous, burnout, burns, burnt, burp, burped, burping, burps, burr, burred, burrel, burrer, burrers, burrhel, burrier, burring, burro, burrock, burros, burrow, burrows, burrs, burry, burs, bursa, bursae, bursal, bursar, bursars, bursary, bursas, bursch, burse, burses, burst, bursted, bursten, burster, bursts, burt, burthen, burton, burtons, burundi, burweed, bury, burying, bus, busbies, busboy, busboys, busby, buscon, bused, buses, bush, bushboy, bushed, bushel, bushels, busher, bushers, bushes, bushet, bushido, bushier, bushily, bushing, bushman, bushmen, bushtit, bushy, busied, busier, busies, busiest, busily, busing, busings, busk, busked, busket, buskin, buskins, busky, busman, busmen, buss, bussed, busses, bussing, bust, bustard, busted, buster, busters, bustier, busting, bustle, bustled, bustler, bustles, busto, bustoes, busts, busty, busy, busying, but, butane, butanes, butch, butcher, butches, butler, butlers, butlery, butment, buts, butt, butte, butted, butter, butters, buttery, buttes, butting, buttock, button, buttons, buttony, butts, butty, butyl, butyls, butyric, butyrin, butyryl, buxeous, buxine, buxom, buxomer, buxomly, buy, buyable, buyer, buyers, buying, buys, bwana, bwanas, by, byard, bye, byes, bygone, bygones, byland, bylaw, bylaws, byline, bylined, byliner, bylines, byname, bypass, bypath, bypaths, byplay, byplays, byre, byres, byroad, byroads, byron, byronic, byss, byssi, byssin, byssine, byssoid, byssus, byte, bytes, byway, byways, byword, bywords, bywork