ca, caaba, caas, cab, cabal, cabala, cabalas, caballo, cabals, cabana, cabanas, cabaret, cabas, cabbage, cabbala, cabbie, cabbies, cabbiri, cabbler, cabby, cabeca, caber, cabers, cabesse, cabiai, cabin, cabined, cabinet, cabins, cabiric, cable, cabled, cables, cablet, cablets, cabling, cabman, cabmen, cabob, cabobs, caboose, cabot, cabree, cabrit, cabs, caburn, cacaine, cacajao, cacao, cacaos, cache, cached, caches, cachet, cachets, cachexy, caching, cachiri, cachou, cack, cackle, cackled, cackler, cackles, cacodyl, cacolet, cacoon, cacti, cactoid, cactus, cad, cadaver, cadbait, caddice, caddie, caddied, caddies, caddis, caddish, caddow, caddy, cade, cadence, cadency, cadene, cadent, cader, cades, cadet, cadets, cadette, cadew, cadge, cadged, cadger, cadgers, cadges, cadging, cadgy, cadi, cadie, cadis, cadmean, cadmia, cadmian, cadmic, cadmium, cadrans, cadre, cadres, cads, caducei, caduke, cady, caeca, caecal, caecias, caecum, caecums, caesar, caesium, caesura, cafe, cafeneh, cafenet, cafes, caffeic, caffein, caffila, caffre, cafila, cafileh, caftan, caftans, cag, cage, caged, cager, cagers, cages, cagey, cagier, cagiest, cagily, caging, cagit, cagmag, cagot, cagy, cahier, cahoot, cahoots, caiman, caimans, cains, caird, cairn, cairned, cairns, cairo, caisson, caitiff, cajaput, cajeput, cajole, cajoled, cajoler, cajoles, cajon, cajun, cajuns, cajuput, cake, caked, cakes, cakier, cakiest, caking, caky, cal, calabar, calade, calaite, calamar, calami, calamus, calando, calash, calc, calcar, calced, calces, calcic, calcify, calcine, calcite, calcium, calcule, calculi, caldera, caldron, caleche, calefy, calends, calf, calfs, calgary, cali, caliber, calibre, calice, calicle, calico, calicos, calid, calif, califs, caligo, calin, calipee, caliper, caliph, caliphs, caliver, calix, calk, calked, calker, calkers, calkin, calking, calks, call, calla, callas, callat, callboy, calle, called, caller, callers, callet, callets, calli, callid, calling, callose, callot, callous, callow, calls, callus, calm, calmant, calmed, calmer, calmest, calming, calmly, calms, calmy, calomel, calor, caloric, calorie, calory, calotte, caloyer, calpack, calpacs, caltrap, caltrop, calumba, calumet, calumny, calvary, calve, calved, calver, calves, calvin, calving, calvish, calx, calxes, calyces, calycle, calyon, calypso, calyx, calyxes, cam, camaieu, camail, camara, camass, camber, cambers, cambia, cambial, cambism, cambist, cambium, camblet, camboge, cambrel, cambria, cambric, camden, came, camel, camelia, camelot, camelry, camels, cameo, cameoed, cameos, camera, camerae, cameral, cameras, camis, camlet, cammas, cammock, camorra, camous, camoys, camp, campana, camped, camper, campers, camphol, camphor, campi, campier, campily, camping, campion, campo, campos, camps, campus, campy, cams, camus, camwood, can, canaan, canada, canakin, canal, canaled, canals, canape, canapes, canard, canards, canary, canasta, cancan, cancans, cancel, cancels, cancer, cancers, cand, candent, candid, candide, candids, candied, candies, candify, candiot, candite, candle, candled, candler, candles, candock, candor, candors, candour, candroy, candy, cane, caned, canella, caner, caners, canes, canfuls, cangue, cangues, caninal, canine, canines, caning, canis, canker, cankers, cankery, canna, cannas, canned, cannei, cannel, cannele, canner, canners, cannery, cannie, cannier, cannily, canning, cannon, cannons, cannot, cannula, canny, canoe, canoed, canoes, canon, canonic, canonry, canons, canopes, canopus, canopy, cans, cansful, canst, cant, cantab, cantar, cantata, canted, canteen, cantel, canter, canters, canthal, canthi, canthus, cantile, cantina, cantine, canting, cantion, cantle, cantles, cantlet, canto, canton, cantons, cantoon, cantor, cantors, cantos, cantrap, cantred, cantref, cantrip, cants, canty, canuck, canula, canular, canvas, canvass, cany, canyon, canyons, cap, capable, capably, capape, capapie, caparro, capcase, cape, caped, capel, capelan, capelet, capelin, capella, capelle, caper, capered, caperer, capers, capes, capful, capfuls, capias, capita, capital, capite, capitol, capivi, caple, capless, caplin, capling, capoc, capoch, capon, capone, caponet, capons, caporal, capos, capot, capote, capotes, capouch, cappeak, capped, capper, cappers, capping, cappy, capra, caprate, capri, capric, caprice, caprid, caprine, caproic, caps, capstan, capsule, captain, captans, caption, captive, captor, captors, capture, capulet, capulin, caput, car, carabao, carabid, carabus, carac, caracal, caracas, carack, caracol, caracul, carafe, carafes, caramel, caranx, carapax, carat, carate, carats, caravan, caravel, caraway, carbarn, carbide, carbine, carbo, carbon, carbone, carbons, carboy, carboys, carcase, carcass, carcel, card, cardecu, carded, carder, carders, cardia, cardiac, cardias, carding, cardo, cardol, cardoon, cards, care, cared, careen, careens, career, careers, careful, carene, carer, carers, cares, caress, caret, carets, carex, carf, carfare, carful, carfuls, cargo, cargoes, cargos, carhop, carhops, cariama, carib, caribe, caribes, caribou, caries, carina, carinae, carinas, caring, carioca, cariole, carious, cark, carking, carl, carless, carlin, carline, carling, carlist, carlo, carload, carlock, carlot, carman, carmen, carmine, carmot, carnage, carnal, carnary, carnate, carne, carney, carneys, carnic, carnie, carnies, carnify, carnin, carnose, carnous, carny, carob, carobs, caroche, carol, caroled, caroler, caroli, carolin, carols, carolus, carolyn, carom, caromed, caromel, caroms, carotic, carotid, carotin, carotte, carouse, carp, carpal, carpale, carpals, carpe, carped, carpel, carpels, carper, carpers, carpet, carpets, carpi, carping, carport, carps, carpus, carrack, carrel, carrell, carrels, carrick, carried, carrier, carries, carrion, carrol, carroll, carrom, carroms, carrot, carrots, carroty, carrow, carry, carryk, carryon, cars, carse, carsick, carson, cart, cartage, carte, carted, cartel, cartels, carter, carters, cartes, carting, cartist, cartman, carton, cartons, cartoon, cartop, carts, cartway, carus, carve, carved, carvel, carven, carvene, carver, carvers, carves, carving, carvist, carvol, carwash, casa, casaba, casabas, casal, casas, casava, casavas, casbah, cascade, cascara, case, cased, caseic, casein, caseins, caseose, caseous, casern, cases, casette, caseum, cash, cashbox, cashed, casher, cashers, cashes, cashew, cashews, cashier, cashing, cashoo, cashoos, casing, casings, casini, casino, casinos, cask, casked, casket, caskets, casking, casks, casper, caspian, cass, cassaba, cassada, cassate, cassava, cassia, cassias, cassino, cassis, cassius, cassock, cast, caste, casted, caster, casters, castes, castile, casting, castle, castled, castles, castlet, castoff, castor, castors, castrel, castro, casts, casual, casuals, casuist, casus, cat, cata, cataian, catalan, catalog, catalos, catalpa, catarrh, catawba, catbird, catboat, catcall, catch, catched, catcher, catches, catchup, catchy, cate, catechu, catel, catena, catenas, catene, cater, cateran, catered, caterer, caters, catery, cates, catfall, catfish, catgut, catguts, cathay, cathead, cathect, catheti, cathode, cathy, cation, cations, catkin, catkins, catlike, catling, catmint, catnap, catnaps, catnip, catnips, catpipe, cats, catso, catsos, catspaw, catsup, catsups, cattail, catted, cattier, catties, cattily, catting, cattish, cattle, catty, catwalk, caucus, caudad, caudal, caudata, caudate, caudex, caudle, caudled, cauf, caufle, caught, cauk, cauker, caul, caules, cauline, caulis, caulk, caulked, caulker, caulks, caulome, cauls, cauma, causal, causals, cause, caused, causer, causers, causes, causey, causeys, causing, caustic, cautel, cauter, cautery, caution, cavally, cavalry, cave, caveat, caveats, caved, caveman, cavemen, caver, cavern, caverns, cavers, caves, cavetto, caviar, caviare, caviars, cavie, cavies, cavil, caviled, caviler, cavils, cavin, caving, cavity, cavort, cavorts, cavy, caw, cawed, cawing, cawk, cawker, cawky, caws, caxon, caxton, cay, cayenne, cayman, caymans, cayo, cays, cayugas, cayuse, cayuses, cc, cd, cease, ceased, ceases, ceasing, ceca, cecal, cecil, cecity, cecum, cedar, cedared, cedarn, cedars, cede, ceded, ceder, ceders, cedes, cedilla, ceding, cedrat, cedrene, cedrine, cedry, cedulas, cedule, ceduous, cees, ceil, ceiled, ceiler, ceilers, ceiling, ceils, ceint, celadon, celeb, celebre, celebs, celery, celesta, celeste, celiac, cell, cella, cellar, cellars, celled, celli, celling, cellist, cello, cellos, cells, cellule, celsius, celt, celtic, celtium, celts, cembali, cembalo, cement, cements, cenacle, cense, censed, censer, censers, censes, censing, censor, censors, censual, censure, census, cent, centage, cental, centare, centaur, centavo, center, centers, centesm, centile, centime, centimo, centner, cento, centos, centra, central, centre, centred, centres, centric, centrum, centry, cents, centum, centums, century, ceorl, cephalo, cepheus, cerago, ceramic, cerasin, cerate, cerated, cerates, cercal, cerci, cercus, cere, cereal, cereals, cerebel, cerebra, cerebri, cered, cereous, ceres, ceresin, cereus, cerevis, ceria, cerial, cerias, cerin, cering, ceriph, ceriphs, cerise, cerises, cerite, cerites, cerium, ceriums, cermet, cermets, cero, ceroma, ceroon, cerosin, cerote, cerotic, cerotin, cerrial, cerris, cert, certain, certes, certify, cerule, cerumen, ceruse, cerused, cervine, cervix, cervus, ceryl, cesium, cesiums, cess, cessant, cessed, cesser, cesses, cessing, cession, cessor, cesspit, cest, cestode, cestoid, cestui, cestus, cestuy, cesura, cesurae, cesural, cesuras, cetacea, cete, cetene, cetera, cetic, cetin, cetyl, cetylic, ceylon, cgs, cha, chab, chablis, chabouk, chabuk, chace, chacma, chad, chads, chafe, chafed, chafer, chafers, chafery, chafes, chaff, chaffed, chaffer, chaffs, chaffy, chafing, chagrin, chain, chained, chaines, chains, chair, chaired, chairs, chaise, chaises, chaja, chak, chalah, chaldee, chalder, chalet, chalets, chalice, chalk, chalked, chalks, chalky, challah, challie, challis, challot, chalon, cham, chamade, chamal, chamber, chameck, chamfer, chamise, chamiso, chamlet, chamois, chamoix, champ, champe, champed, champer, champs, champy, chams, chamsin, chance, chanced, chancel, chancer, chances, chancre, chancy, chandoo, chandry, chang, change, changed, changer, changes, chank, channel, chanson, chant, chanted, chanter, chantey, chantor, chantry, chants, chanty, chaos, chaoses, chaotic, chap, chape, chapeau, chaped, chapel, chapels, chapeux, chaplet, chaplin, chapman, chapmen, chapped, chappy, chaps, chapt, chapter, char, chara, charact, charade, charbon, chard, chards, chare, chared, chares, charge, charged, chargee, charger, charges, charier, charily, charing, chariot, charism, charity, chark, charked, charles, charley, charlie, charm, charmed, charmel, charmer, charms, charnel, charon, charpie, charr, charras, charre, charred, charros, charry, chars, chart, charta, charte, charted, charter, charts, chary, chase, chased, chaser, chasers, chases, chasing, chasm, chasmal, chasmed, chasmic, chasms, chasmy, chasse, chassed, chasses, chassis, chast, chaste, chasten, chaster, chat, chateau, chateux, chati, chats, chatted, chattel, chatter, chatty, chaucer, chaun, chaunt, chaus, chaw, chawed, chawer, chawers, chawing, chaws, chayote, cheap, cheapen, cheaper, cheapie, cheaply, cheaps, chear, cheat, cheated, cheater, cheats, chebec, check, checked, checker, checks, checkup, checky, chedar, cheddar, cheek, cheeked, cheeks, cheeky, cheep, cheeped, cheeper, cheeps, cheer, cheered, cheerer, cheerio, cheerly, cheerry, cheers, cheery, cheese, cheesed, cheeses, cheesy, cheetah, chef, chefdom, chefs, chegoe, chegre, chekhov, chekmak, chela, chelae, chelas, chelate, chelone, chelura, chely, chem, chemic, chemics, chemin, chemins, chemise, chemism, chemist, cheng, cherif, cherish, chermes, cheroot, cherry, chert, cherty, cherub, cherubs, cherup, chervil, ches, chese, cheslip, chess, chessel, chesses, chessil, chessom, chest, chested, chests, chesty, chetah, chevage, cheval, chevaux, cheve, cheven, chevet, chevied, chevies, cheviot, chevron, chevy, chew, chewed, chewer, chewers, chewet, chewier, chewing, chewink, chews, chewy, chi, chia, chian, chianti, chiao, chias, chiasm, chiasma, chiasms, chibbal, chibouk, chic, chica, chicago, chicane, chicano, chich, chicha, chiches, chichi, chichis, chick, chicken, chicks, chicky, chicle, chicles, chicly, chico, chicory, chicos, chics, chid, chidden, chide, chided, chider, chiders, chides, chiding, chief, chiefer, chiefly, chiefs, chiel, chields, chiels, chierte, chieve, chiffo, chiffon, chigger, chignon, chigoe, chigoes, chigre, chikara, child, childe, childed, childly, chile, chilean, chiles, chili, chiliad, chilian, chilies, chill, chilled, chiller, chilli, chills, chillum, chilly, chiloma, chimb, chimbly, chime, chimed, chimer, chimera, chimere, chimers, chimes, chiming, chimley, chimney, chimp, chimps, chin, china, chinas, chinch, chincha, chinche, chinchy, chine, chined, chines, chinese, chining, chink, chinked, chinks, chinky, chinned, chino, chinone, chinook, chinos, chins, chinse, chinsed, chints, chip, chipped, chipper, chippie, chippy, chips, chirk, chirked, chirker, chirks, chirm, chirp, chirped, chirper, chirps, chirpy, chirre, chirrup, chisel, chisels, chisleu, chisley, chit, chitin, chitins, chitlin, chiton, chitons, chits, chitter, chittra, chitty, chive, chives, chivied, chivies, chivvy, chivy, chlamys, chloral, chloric, chlorid, chlorin, chm, choak, chocard, chock, chocked, chocks, choctaw, chode, chogset, choice, choicer, choices, choir, choired, choirs, choke, choked, choker, chokers, chokes, chokey, chokier, choking, choky, cholate, choleic, choler, cholera, cholers, cholic, choline, cholla, chollas, choltry, chomage, chomp, chomped, chomps, choose, chooser, chooses, choosey, choosy, chop, chopin, chopine, chopins, chopped, chopper, choppy, chops, choragi, choral, chorale, chorals, chord, chorda, chordal, chorded, chordee, chords, chore, chorea, choreal, choreas, chored, choree, choreic, chores, choreus, chorial, choric, chorine, choring, chorion, chorist, choroid, chortle, chorus, chose, chosen, choses, chou, chouan, chough, chouka, choule, chouse, choused, chout, choux, chow, chowder, chowed, chowing, chowry, chows, chowter, chrism, chrisms, chrisom, christ, christs, christy, chroma, chromas, chrome, chromed, chromes, chromic, chromid, chromo, chromos, chronic, chronol, chronon, chub, chubbed, chubby, chubs, chuck, chucked, chuckle, chucks, chucky, chud, chuet, chufa, chuff, chuffed, chuffer, chuffs, chuffy, chug, chugged, chugger, chugs, chukka, chukkas, chukker, chulan, chum, chummed, chummy, chump, chumped, chumps, chums, chunam, chunk, chunked, chunks, chunky, chunter, church, churchy, churl, churls, churly, churme, churn, churned, churner, churns, churr, churred, churrs, churrus, chuse, chute, chuted, chutes, chuting, chutist, chutnee, chutney, chyle, chylify, chylous, chyme, chymic, chymics, chymify, chymist, chymous, cia, ciao, cibol, ciboria, cicada, cicadae, cicadas, cicala, cicely, cicero, ciceros, cichlid, cicuta, cid, cider, ciders, cierge, cigar, cigaret, cigars, cilia, ciliary, ciliata, ciliate, cilice, cilium, cill, cima, cimar, cimbal, cimbia, cimbric, cimeter, cimex, cimia, cimices, cimiss, cinch, cinched, cinches, cinder, cinders, cindery, cine, cinema, cinemas, cines, cingle, cinter, cinura, cion, cions, cipher, ciphers, cipolin, cippi, cippus, circ, circa, circar, circe, circean, circle, circled, circler, circles, circlet, circuit, circum, circus, circusy, cirrate, cirrhus, cirri, cirrose, cirrous, cirrus, cirsoid, cisco, ciscoes, ciscos, cissoid, cist, cisted, cistern, cistic, cists, cit, citable, citadel, cital, citator, citatum, cite, cited, citer, citers, cites, citess, cithara, cithern, cithers, citied, cities, citify, citiner, citing, citole, citrate, citric, citrine, citrins, citron, citrons, citrous, citrus, cittern, city, cive, civet, civets, civic, civics, civies, civil, civiler, civilly, civily, civism, civisms, civitas, civvies, civvy, cl, clabber, clachan, clack, clacked, clacker, clacks, clad, clads, claggy, clags, claik, claim, claimed, claimer, claims, clair, claire, clake, clam, clamant, clamber, clammed, clammy, clamor, clamors, clamour, clamp, clamped, clamper, clamps, clams, clan, clang, clanged, clangor, clangs, clank, clanked, clanks, clans, clap, clape, clapped, clapper, claps, clapt, clare, claret, clarets, clarify, clarino, clarion, clarity, clark, clarke, clarkia, clarre, clart, clarty, clary, clash, clashed, clasher, clashes, clasp, clasped, clasper, clasps, claspt, class, classed, classer, classes, classic, classis, classy, clastic, clatch, clatter, claught, claus, clausal, clause, clauses, clavate, clave, clavel, claver, claves, clavier, clavies, clavis, clavus, clavy, claw, clawed, clawer, clawers, clawing, claws, claxon, claxons, clay, clayed, clayes, clayey, clayier, claying, clayish, clays, clean, cleaned, cleaner, cleanly, cleans, cleanse, cleanup, clear, cleared, clearer, clearly, clears, cleat, cleated, cleats, cleave, cleaved, cleaver, cleaves, cleche, clechy, cledge, cledgy, clee, cleek, cleeked, clef, clefs, cleft, clefts, cleg, clem, clement, clench, clepe, cleped, cleping, clept, clergy, cleric, clerics, clerisy, clerk, clerked, clerkly, clerks, clever, clevis, clew, clewed, clewing, clews, cliche, cliched, cliches, click, clicked, clicker, clicket, clicks, clicky, cliency, client, clients, cliff, cliffs, cliffy, clift, clifted, clifts, climate, climax, climb, climbed, climber, climbs, clime, climes, clinch, cline, cling, clinged, clinger, clings, clingy, clinic, clinics, clinium, clink, clinked, clinker, clinks, clinoid, clio, clione, clip, clipped, clipper, clips, clipt, clivers, clivity, cloaca, cloacae, cloacal, cloak, cloaked, cloaks, clobber, cloche, cloches, clock, clocked, clocker, clocks, clod, cloddy, clods, cloff, clog, clogged, cloggy, clogs, cloke, clomb, clomben, clomp, clomped, clomps, clonal, clone, cloned, clones, clong, clonic, cloning, clonism, clonk, clonked, clonks, clonus, cloom, cloop, cloot, clootie, clop, clopped, clops, close, closed, closely, closen, closer, closers, closes, closest, closet, closets, closeup, closh, closing, closure, clot, clotbur, clote, cloth, clothe, clothed, clothes, cloths, clots, clotted, clotter, clotty, cloture, cloud, clouded, clouds, cloudy, clough, clout, clouted, clouter, clouts, clove, cloven, clover, clovers, cloves, clown, clowned, clowns, cloy, cloyed, cloying, cloys, club, clubbed, clubber, clubby, clubman, clubmen, clubs, cluck, clucked, clucks, clue, clued, clueing, clues, cluing, clum, clumber, clump, clumped, clumper, clumps, clumpy, clumsy, clunch, clung, cluniac, clunk, clunked, clunker, clunks, cluster, clutch, clutchy, clutter, clypei, clypeus, clysmic, clyster, cmdg, cnemial, cnida, cnidae, co, coach, coached, coachee, coacher, coaches, coact, coacted, coacts, coadmit, coaeval, coag, coagent, coagula, coaita, coak, coal, coalbin, coalbox, coaled, coaler, coalers, coalery, coalify, coaling, coalite, coalpit, coals, coaltit, coaly, coaming, coannex, coapts, coarct, coarse, coarsen, coarser, coast, coastal, coasted, coaster, coasts, coat, coated, coatee, coater, coaters, coati, coating, coatis, coats, coax, coaxal, coaxed, coaxer, coaxers, coaxes, coaxial, coaxing, cob, cobaea, cobalt, cobalts, cobbed, cobber, cobbers, cobbier, cobbing, cobble, cobbled, cobbler, cobbles, cobby, cobia, cobiron, coble, cobnut, cobol, coboose, cobourg, cobra, cobras, cobs, cobswan, cobwall, cobweb, cobwebs, cobwork, coca, cocagne, cocain, cocaine, cocains, cocas, cocci, coccus, coccyx, cochlea, cock, cockade, cockal, cocked, cocker, cockers, cocket, cockeye, cockier, cockily, cocking, cockish, cockle, cockled, cockler, cockles, cockney, cockpit, cocks, cockshy, cockup, cockups, cocky, coco, cocoa, cocoas, cocomat, coconut, cocoon, cocoons, cocos, coctile, coction, cod, coda, codable, codal, codas, codder, codders, codding, coddle, coddled, coddler, coddles, code, coded, codein, codeine, codeins, coder, coders, codes, codetta, codex, codfish, codger, codgers, codical, codices, codicil, codify, codilla, codille, coding, codings, codist, codle, codlin, codling, codon, codons, cods, coed, coeds, coehorn, coelia, coeliac, coelum, coempt, coempts, coenact, coendoo, coerce, coerced, coercer, coerces, coeval, coevals, coevous, coexist, coffee, coffees, coffer, coffers, coffin, coffing, coffins, coffle, coffs, cog, cogence, cogency, cogent, cogged, cogger, coggery, cogging, coggle, cogito, cogitos, cogman, cognac, cognacs, cognate, cognati, cognise, cogon, cogs, cogue, cogware, cogway, cohabit, coheir, coheirs, cohen, cohere, cohered, coherer, coheres, cohibit, coho, cohorn, cohort, cohorts, cohos, cohosh, cohune, coif, coifed, coiffed, coiffes, coifing, coifs, coign, coigne, coigns, coigny, coil, coiled, coiler, coilers, coiling, coilon, coils, coin, coinage, coined, coiner, coiners, coining, coins, coir, coirs, coit, coital, coition, coitus, cojoin, cojuror, coke, coked, cokenay, cokes, coking, col, cola, colas, cold, colder, coldest, coldish, coldly, colds, cole, colera, coles, colet, coletit, coleus, colfox, colic, colical, colicky, colics, colies, colin, colitic, colitis, coll, colla, collage, collar, collard, collars, collat, collate, collaud, collect, colleen, college, collet, collets, colley, collide, collie, collied, collier, collies, collin, colline, colling, collins, collish, colloid, collop, collops, collow, collude, collum, colly, cologne, cologs, colombo, colon, colonel, coloner, colones, colonic, colons, colony, color, colored, colorer, colors, colossi, colour, colours, colp, colt, colter, colters, coltish, colts, coluber, colugo, columba, columbo, column, columns, colure, colures, coly, com, coma, comart, comas, comate, comb, combat, combats, combe, combed, comber, combers, combes, combine, combing, combo, combos, combs, combust, come, comedic, comedo, comedos, comedy, comely, comer, comers, comes, comet, cometh, cometic, comets, comfier, comfit, comfits, comfort, comfrey, comfy, comic, comical, comicry, comics, coming, comings, comitia, comity, comma, command, commark, commas, comme, commend, comment, commie, commies, commit, commits, commix, commixt, commode, common, commons, commote, commove, commune, commute, commy, comose, comp, compact, company, compare, compart, compass, compear, comped, compeer, compeir, compel, compels, compend, compere, compete, compile, comping, complex, complin, complot, comply, compo, compone, compony, comport, compos, compose, compost, compote, comps, compt, compte, compted, compter, comptly, compts, compute, comrade, comsat, comte, comtes, comtism, comtist, con, conacre, conatus, concave, concavo, conceal, concede, conceit, concent, concept, concern, concert, conch, concha, conchal, conches, conchs, conchy, concise, concite, concoct, concord, concrew, concupy, concur, concurs, concuss, cond, condemn, conder, condign, condite, condo, condog, condole, condom, condoms, condone, condor, condors, condos, conduce, conduct, conduit, condyle, cone, coned, coneine, cones, coney, coneys, conf, confab, confabs, confect, confer, confers, confess, confide, confine, confirm, confit, confix, conflux, conform, confus, confuse, confute, cong, conga, congaed, congas, conge, congeal, congee, congeed, congees, conger, congers, congest, congius, congo, congoes, congos, congou, congree, congrue, conia, conic, conical, conics, conida, conies, conifer, coniine, conine, conisor, conite, conium, conj, conject, conjoin, conjure, conjury, conk, conked, conker, conkers, conking, conks, conky, conn, connate, connect, conned, conner, conners, connex, connie, conning, connive, connote, conns, conny, conoid, conoids, conrail, cons, consent, consign, consist, consol, console, consols, consort, constat, consul, consuls, consult, consume, cont, contact, contain, conte, contek, contemn, contend, content, contes, contest, contex, context, conto, contort, contour, contra, control, contuse, conure, conus, conusor, convect, convene, convent, convert, convex, convexo, convey, conveys, convict, convive, convoke, convoy, convoys, cony, coo, cooch, cooed, cooee, cooeed, cooees, cooer, cooers, cooey, cooeyed, cooeys, cooing, cook, cooked, cookee, cooker, cookers, cookery, cookey, cookeys, cookie, cookies, cooking, cookout, cooks, cooky, cool, coolant, cooled, cooler, coolers, coolest, cooley, coolie, coolies, cooling, coolish, coolly, cools, coolung, cooly, coom, coomb, coombe, coombes, coombs, coon, cooncan, coons, coontie, coop, cooped, coopee, cooper, coopers, coopery, cooping, coops, coopt, coopted, coopts, coos, coot, cooter, coothay, cootie, cooties, coots, cop, copaiba, copaiva, copal, copalm, copals, copart, cope, copeck, coped, copeman, copepod, coper, copers, copes, copied, copier, copiers, copies, copilot, coping, copings, copious, copist, copland, coplot, coplots, copout, copouts, copped, coppel, copper, coppers, coppery, coppice, coppin, copping, copple, coppled, copps, copra, copras, cops, copse, copses, copsy, copter, copters, coptic, copts, copula, copulae, copular, copulas, copy, copyboy, copycat, copyer, copying, copyist, cor, cora, coracle, corage, corah, coral, coraled, corals, corant, coranto, corb, corban, corbe, corbel, corbell, corbels, corbie, corbies, corby, corcle, corcule, cord, cordage, cordal, cordate, corded, corder, corders, cordial, cording, cordite, cordoba, cordon, cordons, cords, cordy, core, cored, corer, corers, cores, corf, corfute, corgi, corgis, coring, corinne, corinth, corium, corival, cork, corkage, corked, corker, corkers, corkier, corking, corks, corky, corm, corms, cormus, corn, cornage, corncob, cornea, corneal, corneas, corned, cornel, cornell, cornels, corner, corners, cornet, cornets, cornfed, cornic, cornice, cornier, cornify, cornily, cornin, corning, cornish, cornist, cornrow, corns, cornu, cornua, cornute, cornuto, corny, corody, corol, corolla, corona, coronae, coronal, coronas, coronel, coroner, coronet, coronis, corosso, coroun, corp, corpora, corpore, corps, corpse, corpses, corpus, corrade, corral, corrals, correct, correi, correl, corrida, corrie, corrode, corrump, corrupt, corsac, corsage, corsair, corsak, corse, corses, corset, corsets, corslet, corsned, cortege, cortes, cortex, cortile, cortin, corve, corvee, corvees, corven, corves, corvet, corvets, corvine, corymb, corymbs, cosec, cosecs, cosen, coset, cosets, cosey, coseys, cosh, coshed, cosher, coshers, coshes, coshing, cosie, cosier, cosies, cosiest, cosign, cosigns, cosily, cosine, cosines, cosmic, cosmism, cosmist, cosmo, cosmos, coss, cossack, cossas, cosset, cossets, cossic, cost, costa, costage, costal, costar, costard, costate, costean, costed, coster, costers, costing, costive, costly, costrel, costs, costume, cosy, cot, cotan, cotans, cote, coteau, coteaux, coted, coterie, cotes, cotgare, cothurn, cotidal, cotinga, cotise, cotised, cotland, cots, cotta, cottage, cottar, cotter, cotters, cottier, cottise, cottoid, cotton, cottons, cottony, cottrel, cotyla, cotyle, couage, coucal, couch, couche, couched, couchee, coucher, couches, coudee, cougar, cougars, cough, coughed, cougher, coughs, couhage, could, couldst, coulee, coulees, couleur, couloir, coulomb, coulter, coulure, council, counsel, count, counted, counter, countor, country, counts, county, coup, coupe, couped, coupee, coupes, couping, couple, coupled, coupler, couples, couplet, coupon, coupons, coups, coupure, courage, courant, courap, courb, courche, courier, courlan, course, coursed, courser, courses, coursey, court, courted, courter, courtly, courts, cousin, cousins, couteau, couth, couther, couths, couture, couvade, cove, coved, coven, covens, covent, cover, covered, coverer, covers, covert, coverts, coverup, coves, covet, coveted, coveter, covets, covey, coveys, covin, coving, covings, cow, cowage, cowages, cowan, coward, cowards, cowbane, cowbell, cowbird, cowboy, cowboys, cowdie, cowed, cowedly, cower, cowered, cowers, cowfish, cowgirl, cowhage, cowhand, cowherb, cowherd, cowhide, cowier, cowiest, cowing, cowish, cowitch, cowkine, cowl, cowled, cowlick, cowlike, cowling, cowls, cowman, cowmen, cowpat, cowpats, cowpea, cowpeas, cowpock, cowpoke, cowpox, cowrie, cowries, cowry, cows, cowshed, cowskin, cowslip, cowweed, cox, coxa, coxalgy, coxcomb, coxwain, coy, coyed, coyer, coyest, coying, coyish, coyly, coyness, coyote, coyotes, coypu, coypus, cpi, cpl, cps, cpu, cr, craal, craals, crab, crabbed, crabber, crabby, craber, crabs, crache, crack, cracked, cracker, crackle, crackly, cracks, crackup, cracky, cradle, cradled, cradler, cradles, craft, crafted, crafts, crafty, crag, cragged, craggy, crags, craie, crail, crake, craker, cram, crambo, crambos, crammed, crammer, cramp, cramped, crampet, crampit, crampon, cramps, crampy, crams, cran, cranage, cranch, crane, craned, cranes, crang, crania, cranial, craning, cranium, crank, cranked, cranker, crankle, cranks, cranky, crannog, cranny, crants, crap, crapaud, crape, craped, crapes, craping, crapnel, crapped, crapper, crappie, crapple, crappy, craps, crapula, crapule, crapy, crare, crase, crash, crashed, crasher, crashes, crasis, crass, crasser, crassly, cratch, crate, crated, crater, craters, crates, crating, craton, cratons, craunch, cravat, cravats, crave, craved, craven, cravens, craver, cravers, craves, craving, craw, crawdad, crawl, crawled, crawler, crawls, crawly, craws, cray, crayer, crayon, crayons, crc, creable, creaght, creak, creaked, creaks, creaky, cream, creamed, creamer, creams, creamy, creance, creant, crease, creased, creaser, creases, creasy, creat, create, created, creates, creatic, creatin, creator, creche, creches, credent, credit, credits, credo, credos, cree, creed, creedal, creeds, creek, creeks, creeky, creel, creels, creep, creeper, creepie, creeple, creeps, creepy, crees, creese, cremate, creme, cremes, cremona, cremor, crems, crenate, crenel, crenels, crengle, crenkle, creole, creoles, creosol, crepane, crepe, creped, crepes, crepey, crepier, creping, crepon, crept, crepy, cresol, cress, cresses, cresset, cressy, crest, crestal, crested, crests, cretan, crete, cretian, cretic, cretin, cretins, cretism, cretor, cretose, creux, crevet, crevice, crevis, crew, crewcut, crewed, crewel, crewels, crewet, crewing, crewman, crewmen, crews, crib, cribbed, cribber, cribble, criber, cribs, cric, crick, cricked, cricket, cricks, cricoid, cried, crier, criers, cries, crime, crimea, crimean, crimes, crimp, crimped, crimper, crimple, crimps, crimpy, crimson, crinal, crincum, crined, crinel, crinet, cringe, cringed, cringer, cringes, cringle, crinite, crinkle, crinkly, crinoid, crinose, crinum, cripple, cripply, crises, crisic, crisis, crisp, crisped, crispen, crisper, crispin, crisply, crisps, crispy, crissa, crissal, crissum, crith, critic, critics, critter, crittur, crnged, croak, croaked, croaker, croaks, croaky, croat, crocein, croche, crochet, croci, crocin, crock, crocked, crocker, crocket, crocks, crocky, crocose, crocus, croesus, croft, crofter, crofts, crois, croise, croker, croma, crone, cronel, crones, cronet, cronian, cronies, crony, croodle, crook, crooked, crooken, crooks, croon, crooned, crooner, croons, crop, crope, cropful, cropped, cropper, crops, crore, crosby, crosier, croslet, cross, crosse, crossed, crosser, crosses, crossly, crotalo, crotch, croton, crouch, croud, crouke, croup, croupal, crouper, croups, croupy, crouse, crout, crouton, crow, crowbar, crowd, crowded, crowder, crowds, crowdy, crowed, crower, crowers, crowing, crown, crowned, crowner, crownet, crowns, crows, crowth, crowtoe, croydon, croys, cruces, crucial, crucify, crud, crudded, cruddle, cruddy, crude, crudely, cruder, crudes, crudest, crudity, crudle, cruds, crudy, cruel, crueler, cruelly, cruels, cruelty, cruet, cruets, cruise, cruised, cruiser, cruises, cruive, crull, cruller, crumb, crumbed, crumber, crumble, crumbly, crumbs, crumby, crummie, crummy, crump, crumped, crumpet, crumple, crumply, crumps, crumpy, crunch, crunchy, crunk, crunkle, crunode, cruor, cruorin, crup, crupper, crura, crural, crus, crusade, crusado, cruse, cruset, crush, crushed, crusher, crushes, crust, crusta, crustal, crusted, crusts, crusty, crut, crutch, cruth, crux, cruxes, crwth, cry, cryal, crybaby, cryer, crying, cryogen, cryonic, crypt, cryptal, cryptic, crypto, cryptos, crypts, crystal, cs, csp, cst, ct, ctenoid, ctg, ctrl, cts, cub, cuba, cubage, cubages, cuban, cubans, cubbed, cubbies, cubbing, cubbish, cubby, cube, cubeb, cubebic, cubebs, cubed, cuber, cubers, cubes, cubhood, cubic, cubical, cubicle, cubicly, cubics, cubile, cubing, cubism, cubisms, cubist, cubists, cubit, cubital, cubited, cubits, cubless, cuboid, cuboids, cubs, cuca, cuckold, cuckoo, cuckoos, cucujo, cuculli, cucumis, cud, cudbear, cudden, cuddies, cuddle, cuddled, cuddles, cuddly, cuddy, cudgel, cudgels, cuds, cudweed, cue, cued, cueing, cuerpo, cues, cuesta, cuestas, cuff, cuffed, cuffing, cuffs, cuffy, cufic, cuinage, cuing, cuirass, cuish, cuishes, cuisine, cuke, cukes, culasse, culdee, culex, culicid, cull, culled, culler, cullers, cullet, cullets, cullied, cullies, culling, cullion, cullis, culls, cully, culm, culmen, culms, culotte, culpa, culpae, culpas, culpe, culpon, culprit, culrage, cult, cultch, culter, cultic, cultism, cultist, cults, culture, cultus, culver, culvers, culvert, cum, cumacea, cumbent, cumber, cumbers, cumene, cumfrey, cumic, cumin, cuminic, cuminil, cuminol, cumins, cummers, cummin, cumshaw, cumuli, cumulus, cun, cund, cuneal, cuneate, cunette, cunner, cunners, cunni, cunning, cunt, cunts, cup, cupcake, cupel, cupful, cupfuls, cupid, cupids, cupola, cupolas, cuppa, cuppas, cupped, cupper, cuppers, cuppier, cupping, cuppy, cupric, cuprite, cuproid, cuprous, cuprum, cuprums, cups, cupsful, cupule, cur, curable, curably, curacao, curacoa, curacy, curara, curare, curares, curari, curat, curate, curates, curator, curb, curbed, curber, curbers, curbing, curbs, curch, curcuma, curd, curded, curdier, curding, curdle, curdled, curdler, curdles, curds, curdy, cure, cureall, cured, curer, curers, cures, curets, curette, curfew, curfews, curia, curiae, curial, curie, curies, curiet, curing, curio, curios, curiosa, curioso, curious, curium, curiums, curl, curle, curled, curler, curlers, curlew, curlews, curlier, curlily, curling, curls, curly, curr, curran, currant, curred, current, currie, curried, currier, curries, curring, currish, curry, curs, curse, cursed, curser, cursers, curses, curship, cursing, cursive, cursor, cursors, cursory, curst, curt, curtail, curtain, curtal, curtana, curtate, curtein, curter, curtes, curtest, curtesy, curtly, curtsey, curtsy, curule, cururo, curval, curvant, curvate, curve, curved, curves, curvet, curvets, curvey, curvier, curving, curvity, curvy, cuscus, cushat, cushier, cushily, cushing, cushion, cushite, cushy, cusk, cuskin, cusp, cusped, cuspid, cuspids, cusping, cuspis, cusps, cuss, cussed, cusser, cussers, cusses, cussing, custard, custode, custody, custom, customs, custos, custrel, cut, cutaway, cutback, cutch, cutdown, cute, cutely, cuter, cutes, cutest, cutesy, cutey, cuteys, cuticle, cutie, cuties, cutin, cutins, cutis, cutlas, cutlass, cutler, cutlers, cutlery, cutlet, cutlets, cutling, cutoff, cutoffs, cutose, cutout, cutouts, cuts, cutter, cutters, cutting, cuttle, cuttled, cuttles, cutty, cutup, cutups, cutwal, cutwork, cutworm, cuvette, cwt, cyan, cyanate, cyanean, cyanic, cyanide, cyanin, cyanine, cyanite, cyans, cyborg, cyborgs, cycad, cycads, cycas, cyclas, cycle, cycled, cycler, cyclers, cycles, cyclic, cyclide, cycling, cyclist, cyclo, cycloid, cyclone, cyclop, cyclops, cyclos, cyder, cydonin, cygnet, cygnets, cygnus, cyma, cymar, cymbal, cymbals, cymbium, cyme, cymene, cymenol, cymes, cymling, cymoid, cymose, cymous, cymric, cymry, cymule, cynic, cynical, cynics, cyon, cyperus, cypher, cyphers, cypraea, cypres, cypress, cyprian, cyprine, cypriot, cypris, cyprus, cypsela, cyst, cysted, cystic, cystid, cystine, cystis, cystoid, cystose, cysts, cytode, cytoid, cytty, cytula