dab, dabb, dabbed, dabber, dabbing, dabble, dabbled, dabbler, dabbles, daboia, dabs, dabster, dacapo, dace, daces, dacha, dachas, dacian, dacoit, dacoits, dacoity, dacron, dactyl, dactyls, dad, dada, dadaism, dadaist, dadas, daddies, daddled, daddock, daddy, dade, dadle, dado, dadoed, dadoes, dadoing, dados, dads, daedal, daemon, daemons, daff, daffier, daffy, daft, dafter, daftest, daftly, dag, dagger, daggers, dagges, daggle, daggled, daglock, dago, dagoba, dagobas, dagoes, dagon, dagos, dahlia, dahlias, dahlin, dahomey, dahoon, dailies, daily, daimio, daimios, daimon, daimons, daimyo, daimyos, daint, dainty, daira, dairies, dairy, dais, daises, daisied, daisies, daisy, dak, daker, dakir, dakoit, dakoits, dakoity, dakota, dakotan, dakotas, dal, dale, dales, daleth, daleths, dalf, dallas, dalles, dallied, dallier, dallies, dallop, dally, dam, damage, damaged, damager, damages, daman, damar, damara, damask, damasks, damasse, dambose, dame, dames, damiana, dammar, dammara, dammed, dammer, dammers, damming, damn, damned, damner, damners, damnify, damning, damnit, damns, damosel, damp, damped, dampen, dampens, damper, dampers, dampest, damping, dampish, damply, dampne, damps, dampy, dams, damsel, damsels, damson, damsons, dan, dana, danaide, danaite, dance, danced, dancer, dancers, dances, dancing, dancy, dander, danders, dandi, dandie, dandier, dandies, dandify, dandily, dandle, dandled, dandler, dandles, dandy, dane, danes, dang, danged, danger, dangers, danging, dangle, dangled, dangler, dangles, dangs, daniel, danish, danite, dank, danker, dankest, dankish, dankly, danseur, dansk, dansker, dante, dantean, danube, dap, daphne, daphnia, daphnin, dapifer, dapper, dapping, dapple, dappled, dapples, darbies, darby, dare, dared, dareful, darer, darers, dares, daresay, darg, dargue, daric, daring, darings, dariole, dark, darked, darken, darkens, darker, darkest, darkey, darkeys, darkful, darkie, darkies, darking, darkish, darkle, darkled, darkles, darkly, darks, darky, darling, darn, darned, darnel, darnels, darner, darners, darnex, darnic, darning, darns, daroo, darr, darrain, darrein, dart, dartars, darted, darter, darters, darting, dartle, dartoic, dartoid, dartos, darts, darvon, darwin, dase, dasewe, dash, dashed, dasheen, dasher, dashers, dashes, dashier, dashiki, dashing, dashism, dashpot, dashy, dastard, daswe, dasyure, data, datable, dataria, datary, datcha, datchas, date, dated, datedly, dater, daters, dates, dating, dative, datives, datsun, datsuns, datum, datums, datura, daturas, daub, daubed, dauber, daubers, daubery, daubes, daubier, daubing, daubry, daubs, dauby, dauk, daun, daunt, daunted, daunter, daunts, dauphin, dauw, dave, david, davidic, davies, davis, davit, davits, davyne, davyum, daw, dawdle, dawdled, dawdler, dawdles, dawe, dawish, dawk, dawn, dawned, dawning, dawns, day, dayaks, daybed, daybeds, daybook, dayfly, dayglow, daylily, daylit, daylong, daymaid, daymare, dayroom, days, dayside, daysman, daystar, daytime, dayton, db, dbl, dbms, dc, de, deacon, deacons, dead, deaden, deadens, deader, deadest, deadeye, deadish, deadly, deadman, deadpan, deads, deaf, deafen, deafens, deafer, deafest, deafish, deafly, deair, deairs, deal, dealer, dealers, dealing, deals, dealt, dealth, dean, deanery, deaning, deans, dear, deare, dearer, dearest, dearie, dearies, dearly, dearn, dears, dearth, dearths, deary, deas, deash, death, deathly, deaths, deathy, deave, deb, debacle, debar, debarb, debark, debarks, debars, debase, debased, debaser, debases, debate, debated, debater, debates, debauch, debbie, debeige, debel, debile, debit, debited, debitor, debits, deblai, debone, debosh, debouch, debrief, debris, debs, debt, debted, debtee, debtor, debtors, debts, debug, debugs, debunk, debunks, deburse, debussy, debut, debuted, debuts, dec, decad, decadal, decade, decades, decagon, decal, decalog, decals, decamp, decamps, decanal, decane, decani, decant, decants, decapod, decard, decares, decay, decayed, decayer, decays, decease, decede, deceit, deceits, deceive, decence, decency, decene, decent, decern, decerp, decerpt, decharm, deciare, decibel, decide, decided, decider, decides, decidua, decil, decile, decimal, decime, decine, deck, decked, deckel, decker, deckers, decking, deckle, deckles, decks, declaim, declare, declass, decline, deco, decoct, decocts, decode, decoded, decoder, decodes, decolor, decor, decore, decors, decorum, decoy, decoyed, decoyer, decoys, decree, decreed, decreer, decrees, decreet, decrete, decrew, decrial, decried, decrier, decries, decrown, decry, decrypt, decuman, decuple, decurt, decury, decyl, decylic, dedans, dede, dedimus, deduce, deduced, deduces, deduct, deducts, deduit, deed, deedbox, deeded, deedful, deedier, deeding, deeds, deedy, deejay, deejays, deem, deemed, deeming, deems, deep, deepen, deepens, deeper, deepest, deeply, deeps, deer, deerfly, deerlet, deers, dees, deesis, deess, deev, deface, defaced, defacer, defaces, defacto, defail, defalk, defame, defamed, defamer, defames, defat, defats, default, defeat, defeats, defect, defects, defence, defend, defends, defense, defer, defers, defiant, deficit, defied, defier, defiers, defies, defile, defiled, defiler, defiles, define, defined, definer, defines, defix, deflate, deflea, deflect, deflour, deflow, deflux, defly, defoam, defog, defogs, deforce, deform, deforms, defoul, defraud, defray, defrays, defrock, defrost, deft, defter, deftest, deftly, defunct, defuse, defused, defuses, defy, defying, degage, degas, degass, degauss, degener, degerm, degrade, degras, degree, degreed, degrees, degu, degum, degums, degust, dehisce, dehorn, dehorns, dehors, dehort, dehusk, dei, deice, deiced, deicer, deicers, deices, deicide, deicing, deictic, deific, deified, deifier, deifies, deiform, deify, deign, deigned, deigns, deil, deis, deism, deisms, deist, deistic, deists, deitate, deities, deity, deja, deject, dejecta, dejects, dejeune, dekares, dekle, del, delaine, delapse, delate, delated, delator, delay, delayed, delayer, delays, dele, delead, deleble, deled, deleing, delenda, deles, delete, deleted, deletes, delf, delft, delfts, delhi, deli, deliber, delices, delict, delicti, delicto, delight, delilah, delime, delimit, deline, deliria, delis, delist, delit, deliver, dell, dells, delly, deloo, deloul, delouse, delph, delphic, delphin, delta, deltaic, deltas, deltic, deltoid, delude, deluded, deluder, deludes, deluge, deluged, deluges, deluxe, delve, delved, delver, delvers, delves, delving, demagog, demain, demand, demands, demarch, deme, demean, demeans, demency, dement, dements, demerge, demerit, demerse, demesne, demeter, demi, demies, demigod, demiman, demirep, demise, demised, demises, demiss, demit, demits, demo, demob, demobs, demode, demon, demonic, demonry, demons, demos, demote, demoted, demotes, demotic, demount, dempne, demster, demulce, demur, demure, demurer, demurs, demy, den, denarii, denary, denay, dengue, dengues, denial, denials, denied, denier, deniers, denies, denim, denims, denmark, denned, dennet, denning, dennis, denote, denoted, denotes, dens, dense, densely, denser, densest, densify, density, dent, dental, dentals, dentary, dentate, dented, dentel, dentex, dential, dentil, dentile, dentin, dentine, denting, dentins, dentist, dentoid, dents, denture, denude, denuded, denuder, denudes, denver, deny, denying, deodand, deodar, deodars, deodate, depaint, depart, departs, depeach, depend, depends, dephase, depict, depicts, deplane, deplant, deplete, deplore, deploy, deploys, deplume, depone, deponed, deport, deports, deposal, depose, deposed, deposer, deposes, deposit, depot, depots, depper, deprave, depress, deprive, dept, depth, depthen, depths, depulse, depure, depute, deputed, deputes, deputy, der, deraign, derail, derails, derain, derange, derat, derats, deray, derbies, derbio, derby, dere, derecho, dereine, dereyne, derf, deride, derided, derider, derides, derival, derive, derived, deriver, derives, derk, derm, derma, dermal, dermas, dermic, dermis, dermoid, derms, dern, derne, dernful, dernier, dernly, derre, derrick, derries, derring, derris, derth, dervis, dervise, dervish, des, desalt, desalts, desand, descant, descend, descent, descry, desert, deserts, deserve, desex, desexed, desexes, desight, design, designs, desire, desired, desirer, desires, desist, desists, desk, desked, desking, deskman, deskmen, desks, desktop, desman, desmid, desmine, desmoid, despair, despect, despeed, despend, despise, despite, despoil, despond, desport, despot, despots, despume, dess, dessert, destain, destin, destine, destiny, destrer, destrie, destroy, desuete, desugar, desume, detach, detail, details, detain, detains, detect, detects, detent, detente, detents, deter, deterge, deters, detest, detests, detinue, detort, detour, detours, detract, detrain, detrect, detrite, detroit, detrude, dette, detur, deturb, deturn, deuce, deuced, deuces, deucing, deus, deuse, deused, deux, dev, deva, devalue, devas, devast, devata, deve, devein, deveins, develin, develop, devest, devex, devi, deviant, deviate, device, devices, devil, deviled, devilet, devilry, devils, devious, devisal, devise, devised, devisee, deviser, devises, devisor, devoice, devoid, devoir, devoirs, devolve, devon, devote, devoted, devotee, devoter, devotes, devoto, devotor, devour, devours, devout, devove, devow, dew, dewax, dewaxed, dewaxes, dewclaw, dewdrop, dewed, dewfall, dewier, dewiest, dewily, dewing, dewlap, dewlaps, dewless, dewool, deworm, dewret, dewrot, dews, dewworm, dewy, dexes, dexies, dexter, dextrad, dextral, dextrer, dextrin, dextro, dey, deye, deynte, deyntee, deys, dharma, dharmas, dharmic, dhole, dholes, dhony, dhoorra, dhoti, dhotis, dhourra, dhow, dhows, dhurra, dhyana, diabase, diabley, diabolo, diacid, diacope, diadem, diadems, diadic, diadrom, diag, diagram, dial, dialect, dialed, dialer, dialers, dialing, dialist, dialled, diallel, dialler, diallyl, dialog, dialogs, dials, dialyse, diam, diamide, diamine, diamond, dian, diana, diane, dianium, diapase, diapasm, diaper, diapers, diarchy, diarial, diarian, diaries, diarist, diary, dias, diastem, diaster, diatom, diatoms, dib, dibasic, dibbed, dibber, dibbers, dibbing, dibble, dibbled, dibbler, dibbles, dibbuk, dibbuks, dibs, dibutyl, dicast, dicasts, dice, dicebox, diced, dicer, dicers, dices, dicey, dich, dicier, diciest, dicing, dick, dickens, dicker, dickers, dickey, dickeys, dickie, dickies, dicks, dicky, dicot, dicots, dict, dicta, dictate, diction, dictum, dictums, did, didacts, didal, diddle, diddled, diddler, diddles, didies, didine, dido, didoes, didonia, didos, didst, didy, didym, die, dieback, diecian, died, diedral, diehard, dieing, diem, dies, diesel, diesels, dieses, diesis, diet, dietary, dieted, dieter, dieters, dietic, dietine, dieting, dietist, diets, diffame, differ, differs, diffide, diffind, diffine, difform, diffuse, dig, digamma, digamy, digenea, digest, digests, digged, digger, diggers, digging, dight, dighted, dighter, dights, digit, digital, digits, diglots, diglyph, digne, dignify, dignity, digram, digraph, digress, digs, digue, digynia, diiamb, dika, dikdik, dikdiks, dike, diked, diker, dikers, dikes, diking, dilate, dilated, dilater, dilates, dilator, dildo, dildoe, dildoes, dildos, dilemma, dill, dillies, dilling, dills, dilly, dilogy, dilucid, diluent, dilute, diluted, diluter, dilutes, dilutor, diluvia, dim, dimble, dime, dimer, dimera, dimeran, dimers, dimes, dimeter, dimish, dimit, dimity, dimly, dimmed, dimmer, dimmers, dimmest, dimming, dimmish, dimmock, dimmy, dimness, dimorph, dimout, dimouts, dimple, dimpled, dimples, dimply, dims, dimwit, dimwits, dimya, dimyary, din, dinar, dinars, dine, dined, diner, dineros, diners, dines, dinette, ding, dingbat, dinged, dingey, dingeys, dinghy, dingier, dingily, dinging, dingle, dingles, dingo, dingoes, dings, dingus, dingy, dining, dink, dinkier, dinkies, dinking, dinkum, dinky, dinmont, dinned, dinner, dinners, dinning, dins, dinsome, dint, dinted, dinting, dints, diocese, diode, diodes, diodon, diodont, dioecia, dionaea, diopter, dioptra, dioptre, dioptry, diorama, diorism, diorite, diota, dioxane, dioxide, dioxids, dioxin, dip, diplex, diploe, diploic, diploid, diploma, diplopy, dipnoi, dipody, dipolar, dipole, dipoles, dipped, dipper, dippers, dippier, dipping, dippy, dips, dipsas, dipsey, dipsie, dipsy, dipt, diptera, diptote, diptyca, diptych, dipyre, dire, direct, directs, direful, direly, dirempt, direr, direst, dirge, dirges, dirige, dirk, dirked, dirking, dirks, dirl, dirndl, dirndls, dirt, dirtied, dirtier, dirties, dirtily, dirts, dirty, dis, disable, disally, disard, disarm, disarms, disavow, disband, disbar, disbark, disbars, disbase, disbend, disbind, disbud, disc, discage, discal, discamp, discant, discard, discase, disced, discede, discept, discern, discerp, disci, discide, discina, discind, discing, disco, discoid, discord, discos, discost, discous, discs, discure, discus, discuss, disdain, disease, disedge, disert, diserty, disfame, disgage, disgest, disgust, dish, dished, disheir, dishelm, dishes, dishful, dishier, dishing, dishorn, dishpan, dishrag, dishy, disjoin, disk, disked, disking, disks, dislade, disleal, dislike, dislimb, dislimn, dislink, dislive, dismail, dismal, dismals, disman, dismask, dismast, dismaw, dismay, dismays, disme, dismes, dismiss, disney, disobey, disorb, disord, disown, disowns, dispace, dispair, dispand, dispark, dispart, dispeed, dispel, dispels, dispend, displat, display, disple, dispond, dispone, dispope, disport, dispose, dispost, dispute, disrank, disrate, disray, disrobe, disroof, disroot, disrout, disruly, disrupt, disseat, dissect, dissent, dissert, disship, dissite, distad, distaff, distain, distal, distant, distend, distent, dister, distich, distil, distill, distils, distoma, distort, distr, distune, disturb, disturn, distyle, disuse, disused, disuses, diswarn, diswont, disyoke, dit, ditch, ditched, ditcher, ditches, dite, dites, dither, dithers, dithery, dition, ditolyl, ditone, ditt, dittany, dittied, ditties, ditto, dittoed, dittoes, dittos, ditty, diurna, diurnal, diva, divan, divans, divas, divast, dive, dived, divel, diver, diverb, diverge, divers, diverse, divert, diverts, dives, divest, divests, divet, divide, divided, divider, divides, divine, divined, diviner, divines, diving, divisor, divorce, divot, divots, divulge, divvied, divvies, divvy, dixie, dixit, djereed, djerrid, djin, djinn, djinnee, djinni, djinns, djinny, djins, dnieper, do, doab, doable, doand, doat, dobber, dobbin, dobbins, dobby, dobies, doblas, dobras, dobson, dobule, doc, docent, docents, docetae, docetic, docible, docile, docity, dock, dockage, docked, docker, dockers, docket, dockets, docking, docks, docs, doctor, doctors, dod, dodd, doddart, dodded, dodder, dodders, doddery, dodge, dodged, dodger, dodgers, dodgery, dodges, dodgier, dodging, dodgy, dodkin, dodman, dodo, dodoes, dodoism, dodos, doe, doeglic, doer, doers, does, doeskin, doest, doeth, doff, doffed, doffer, doffers, doffing, doffs, dog, dogal, dogate, dogbane, dogbolt, dogcart, dogday, dogdom, dogdraw, doge, dogear, dogears, dogeate, doges, dogey, dogeys, dogface, dogfish, dogged, dogger, doggers, doggery, dogget, doggie, doggier, doggies, dogging, doggish, doggo, doggone, doggrel, doggy, doghole, dogie, dogies, dogleg, doglegs, dogma, dogmas, dogmata, dognap, dognaps, dogs, dogship, dogsick, dogskin, dogsled, dogtie, dogtrot, dogvane, dogwood, dogy, dohtren, doilies, doily, doing, doings, doit, doitkin, dojo, dojos, doko, dolabra, dolce, dolci, dolcino, dole, doled, doleful, dolent, dolente, doles, dolf, doling, dolium, doll, dollar, dollars, dolled, dollied, dollies, dolling, dollish, dollman, dollop, dollops, dolls, dolly, dolman, dolmans, dolmen, dolmens, dolor, dolores, dolors, dolour, dolours, dolphin, dolt, doltish, dolts, dolus, dolven, dom, domable, domage, domain, domains, domal, dome, domed, domes, domett, domical, domicil, domify, domina, domine, domines, doming, domini, dominie, domino, dominos, dominus, domite, doms, don, don't, dona, donable, donald, donary, donat, donate, donated, donatee, donates, donatio, donator, donax, done, donee, donees, donet, dong, dongola, dongs, doni, donjon, donjons, donkey, donkeys, donna, donnas, donnat, donne, donned, donnee, donnees, donning, donnish, donnism, donor, donors, donovan, dons, donship, donut, donuts, doo, doodad, doodads, doodle, doodled, doodler, doodles, doole, doolies, dooly, doom, doomage, doomed, doomful, dooming, dooms, doop, door, doorga, dooring, doorman, doormat, doormen, doors, doorway, dop, dopant, dopants, dope, doped, doper, dopers, dopes, dopey, dopier, dopiest, doping, dopper, doppler, dopy, dor, dorado, doree, dorhawk, dorian, doric, dories, doris, dorism, dorm, dormant, dormer, dormers, dormice, dorms, dormy, dorn, dornick, dornock, dorothy, dorp, dorr, dorrfly, dors, dorsa, dorsad, dorsal, dorsale, dorsals, dorse, dorsel, dorser, dorsi, dorsum, dortour, dorture, dory, dos, dosage, dosages, dose, dosed, dosel, doser, dosers, doses, dosing, doss, dossed, dossel, dosser, dossers, dosses, dossier, dossil, dossing, dost, dot, dotage, dotages, dotal, dotant, dotard, dotards, dotary, dote, doted, doter, doters, dotery, dotes, doth, dotier, dotiest, doting, dotish, dots, dottard, dotted, dottels, dotter, dotters, dottier, dottily, dotting, dottle, dottles, dottrel, dotty, doty, douane, douar, double, doubled, doubler, doubles, doublet, doubly, doubt, doubted, doubter, doubts, douc, douce, doucet, douceur, douche, douched, douches, doucine, doucker, dough, doughs, dought, doughty, doughy, douglas, doupe, dour, doura, dourer, dourest, dourine, dourly, douse, doused, douser, dousers, douses, dousing, dout, douter, dove, dovecot, dovekie, dovelet, dover, doves, dovish, dow, dowable, dowager, dowcet, dowdier, dowdies, dowdily, dowdy, dowel, doweled, dowels, dower, dowered, dowers, dowery, dowing, dowl, dowlas, dowle, down, downed, downer, downers, downier, downing, downs, downy, dowral, dowress, dowries, dowry, dows, dowse, dowsed, dowser, dowsers, dowses, dowset, dowsing, dowst, dowve, doxie, doxies, doxy, doyen, doyenne, doyens, doylies, doyly, dp, drab, drabbed, drabber, drabbet, drabble, drably, drabs, drachm, drachma, drachme, drachms, dracin, draco, drad, dradde, dradge, draff, draffy, draft, drafted, draftee, drafter, drafts, drafty, drag, dragbar, dragees, dragged, dragger, draggle, draggy, dragman, dragmen, dragnet, dragon, dragons, dragoon, drags, drail, drain, draine, drained, drainer, drains, drake, drakes, dram, drama, dramas, drams, drank, drape, draped, draper, drapers, drapery, drapes, drapet, draping, drastic, drasty, drat, drats, dratted, draugh, draught, drave, dravida, draw, drawbar, drawboy, drawee, drawer, drawers, drawing, drawl, drawled, drawler, drawls, drawly, drawn, drawnet, drawrod, draws, dray, drayage, drayed, draying, drayman, draymen, drays, dread, dreaded, dreader, dreadly, dreads, dream, dreamed, dreamer, dreams, dreamt, dreamy, drear, dreary, drecche, dreck, drecks, dredge, dredged, dredger, dredges, dree, dreg, dreggy, dregs, dreidel, dreidl, dreidls, drein, dreint, drek, dreks, drench, drenche, drent, dress, dressed, dresser, dresses, dressy, drest, dretch, dreul, drevil, drew, drey, dreye, dreynt, drib, dribbed, dribber, dribble, driblet, dribs, drie, dried, drier, driers, dries, driest, drift, drifted, drifter, drifts, drifty, drill, drilled, driller, drills, drily, drimys, drink, drinker, drinks, drip, dripped, dripper, dripple, drippy, drips, dript, drith, drive, drivel, drivels, driven, driver, drivers, drives, driving, drock, drogher, drogman, drogue, drogues, droh, droil, droit, droits, droll, drolled, droller, drolls, drolly, drome, dromon, dromond, drone, droned, droner, droners, drones, drongo, drongos, droning, dronish, dronte, drony, drool, drooled, drools, droop, drooped, drooper, droops, droopy, drop, droplet, dropout, dropped, dropper, drops, dropsy, dropt, drosera, droshky, drosky, dross, drossel, drosses, drossy, drough, drought, droumy, drouth, drouthy, drove, droved, droven, drover, drovers, droves, droving, drovy, drow, drown, drownd, drownds, drowned, drowner, drowns, drowse, drowsed, drowses, drowsy, drowth, droyle, drub, drubbed, drubber, drubs, drudge, drudged, drudger, drudges, druery, drug, drugged, drugger, drugget, drugs, druid, druidic, druids, drum, drumble, drumlin, drumly, drummed, drummer, drums, drunk, drunken, drunker, drunks, drupal, drupe, drupel, drupes, druse, drused, drusy, druxey, druxy, dry, dryable, dryad, dryades, dryadic, dryads, dryas, dryer, dryers, dryest, dryfoot, drying, drylot, dryly, dryness, dryrot, drys, dryth, drywall, duad, duads, dual, dualin, dualism, dualist, duality, dually, duals, duan, duarchy, dub, dubb, dubbed, dubber, dubbers, dubbin, dubbing, dubiety, dubio, dubious, dublin, dubs, ducal, ducally, ducat, ducats, duce, duces, duchess, duchies, duchy, duck, ducked, ducker, duckers, duckie, duckier, duckies, ducking, duckpin, ducks, ducky, duct, ductal, ducted, ductile, ducting, duction, ductor, ducts, ducture, dud, dudder, duddery, duddy, dude, dudeen, dudes, dudgeon, dudish, duds, due, duebill, dueful, duel, dueled, dueler, duelers, dueling, duelist, duelled, dueller, duello, duellos, duelo, duels, dueness, duenna, duennas, dues, duet, duets, duetted, duetto, duff, duffed, duffel, duffels, duffer, duffers, duffing, duffle, duffles, duffs, duffy, dug, dugong, dugongs, dugout, dugouts, dugs, dugway, duke, dukedom, dukes, dulce, dulcet, dulcets, dulcify, dulcino, dulcite, duledge, dulia, dull, dullard, dulled, duller, dullest, dulling, dullish, dulls, dully, dulness, dulse, dulses, duluth, duly, dumal, dumb, dumbed, dumber, dumbest, dumbing, dumbly, dumbs, dumdum, dumdums, dummied, dummies, dummy, dumose, dumous, dump, dumpage, dumped, dumper, dumpers, dumpier, dumpily, dumping, dumpish, dumple, dumps, dumpy, dun, dunbird, dunce, duncery, dunces, duncify, duncish, dundee, dunder, dune, dunes, dunfish, dung, dunged, dungeon, dungier, dunging, dungs, dungy, dunk, dunked, dunker, dunkers, dunking, dunks, dunlin, dunnage, dunned, dunner, dunning, dunnish, dunnock, dunny, duns, dunt, dunted, dunter, duo, duodena, duomo, duos, duotone, duotype, dup, dupable, dupe, duped, duper, dupers, dupery, dupes, duping, dupion, duple, duplex, duplexs, dupped, dupper, dur, dura, durable, durably, dural, duramen, durance, durancy, durant, durante, durbar, dure, dureful, durene, duress, durga, durham, durian, during, durio, durion, durity, durn, durned, durning, durns, durous, durra, durrs, durst, durum, durums, durylic, duse, dusk, dusked, dusken, duskier, duskily, dusking, duskish, dusks, dusky, dust, dustbin, dusted, duster, dusters, dustier, dustily, dusting, dustman, dustmen, dustpan, dustrag, dusts, dustup, dustups, dusty, dutch, duteous, dutied, duties, dutiful, duty, duumvir, dux, duyoung, dvergar, dvergr, dvorak, dwale, dwang, dwarf, dwarfed, dwarfer, dwarfs, dwarfy, dwarves, dwaul, dwaule, dwell, dwelled, dweller, dwells, dwelt, dwight, dwindle, dwine, dx, dyable, dyad, dyadic, dyadics, dyads, dyaks, dyarchy, dyas, dybbuk, dybbuks, dye, dyeable, dyed, dyeing, dyeings, dyer, dyers, dyes, dyeweed, dyewood, dying, dyingly, dyings, dyke, dykes, dyking, dynam, dynamic, dynamo, dynamos, dynast, dynasta, dynasts, dynasty, dyne, dynes, dynode, dysnomy, dystome, dysuria, dysuric, dysury