fa, fabella, fabian, fable, fabled, fabler, fablers, fables, fabliau, fabling, fabric, fabrics, fabrile, fac, facade, facades, face, faced, facer, facers, faces, facet, facete, faceted, facets, facette, faceup, facia, facial, facials, facias, facie, faciend, facient, facies, facile, facing, facings, facound, fact, facta, factful, faction, factive, facto, factor, factors, factory, facts, factual, factum, facture, facula, faculae, facular, faculty, facund, fad, fadable, fadaise, faddier, faddish, faddism, faddist, faddle, faddy, fade, faded, fadedly, fadeout, fader, faders, fades, fadge, fading, fadings, fadme, fads, fady, faecal, faeces, faecula, faerie, faeries, faery, faffle, fag, fagend, fagged, fagging, faggot, faggots, fagot, fagoted, fagoter, fagots, fagotto, fags, faham, faience, fail, failed, failing, faille, fails, failure, fain, fainer, fainest, faint, fainted, fainter, faintly, faints, fainty, fair, faire, faired, fairer, fairest, fairies, fairily, fairing, fairish, fairly, fairs, fairway, fairy, fait, faith, faithed, faiths, faitour, faits, fake, faked, fakeer, fakeers, faker, fakers, fakery, fakes, faking, fakir, fakirs, falcade, falcate, falcer, falcon, falcons, falcula, faldage, faldfee, falding, falk, fall, fallacy, fallals, fallax, fallen, faller, fallers, falling, falloff, fallout, fallow, fallows, falls, falness, falsary, false, falsely, falser, falsest, falsie, falsies, falsify, falsism, falsity, falter, falters, faluns, falwe, falx, famble, fame, famed, fames, familia, family, famine, famines, faming, famish, famous, famular, fan, fanal, fanatic, fancied, fancier, fancies, fancily, fancy, fand, fandom, fandoms, fane, fanega, fanes, fanfare, fanfold, fanfoot, fang, fanged, fangle, fangled, fangot, fangs, fanion, fanjet, fanjets, fanlike, fanned, fannel, fanner, fanners, fannies, fanning, fanny, fanon, fans, fantad, fantail, fantasm, fantast, fantasy, fantod, fantods, fantom, fantoms, fanwise, fanwort, fap, far, farad, faraday, faradic, farads, farand, faraway, farce, farced, farcer, farcers, farces, farcies, farcin, farcing, farcy, fard, fardage, fardel, fards, fare, fared, faren, farer, farers, fares, farfels, farfet, farfow, farina, farinas, faring, farl, farlie, farm, farmed, farmer, farmers, farmery, farming, farmost, farms, farness, faro, faroese, faroff, faros, farrago, farrand, farrier, farrow, farrows, farry, farse, fart, farted, farther, farting, farts, fasces, fascet, fascia, fasciae, fascial, fascias, fascine, fascism, fascist, faser, fash, fashed, fashes, fashing, fashion, fast, fasted, fasten, fastens, faster, fastest, fasti, fasting, fastish, fastly, fasts, fat, fatal, fatale, fatales, fatally, fatback, fate, fated, fateful, fates, fathead, father, fathers, fathom, fathoms, fatigue, fating, fatless, fatling, fatly, fatner, fatness, fats, fatso, fatsoes, fatsos, fatted, fatten, fattens, fatter, fattest, fattier, fatties, fattily, fatting, fattish, fatty, fatuity, fatuous, fatuus, faucal, fauces, faucet, faucets, faucial, faugh, faulcon, fauld, faule, fault, faulted, faulter, faults, faulty, faun, fauna, faunae, faunal, faunas, fauni, faunist, fauns, faunus, fausen, faust, faut, fautor, fauve, fauves, fauvism, fauvist, faux, favas, favel, favella, favor, favored, favorer, favors, favose, favour, favours, favus, fawe, fawkner, fawn, fawned, fawner, fawners, fawnier, fawning, fawns, fawny, fax, faxed, faxes, faxing, fay, fayence, faying, fays, faytour, fbi, feague, feal, fealty, fear, feared, fearer, fearers, fearful, fearing, fears, feasant, fease, feast, feasted, feaster, feasts, feat, feater, featest, feather, featly, feats, feature, febrile, fecal, fecche, feces, fecial, feck, fecks, fecula, feculae, fecund, fed, fedary, federal, fedity, fedora, fedoras, feds, fee, feeble, feebler, feebly, feed, feedbag, feedbox, feeder, feeders, feeding, feedlot, feeds, feeing, feejee, feel, feeler, feelers, feeless, feeling, feels, feere, fees, feese, feet, fehling, fehm, fehmic, feign, feigned, feigner, feigns, feine, feint, feinted, feints, feist, feists, feisty, feitsui, fele, feline, felines, felis, felix, fell, fella, fellah, fellahs, fellas, fellate, felled, feller, fellers, fellest, fellies, felling, felloe, felloes, fellon, fellow, fellows, fells, felly, felon, felonry, felons, felony, felsite, felspar, felt, felted, felter, felting, feltry, felts, felucca, felwort, fem, female, females, feme, femeral, feminal, feminye, femme, femmes, femora, femoral, femur, femurs, fen, fence, fenced, fencer, fencers, fences, fencing, fend, fended, fender, fenders, fending, fends, fengite, fenian, fenks, fennec, fennecs, fennel, fennels, fennish, fenny, fenowed, fens, feod, feodal, feodary, feoff, feoffed, feoffee, feoffer, feofor, fer, ferae, feral, ferde, ferding, fere, feria, feriae, ferial, ferie, ferier, ferine, ferity, ferlies, ferly, ferm, fermacy, fermata, ferme, ferment, fermi, fermis, fermium, fern, fernery, ferns, ferny, feroher, ferous, ferrara, ferrary, ferrate, ferre, ferrer, ferrest, ferret, ferrets, ferrety, ferric, ferried, ferrier, ferries, ferris, ferrite, ferrous, ferrugo, ferrule, ferrum, ferrums, ferry, fers, ferthe, fertile, ferula, ferular, ferule, feruled, ferules, ferulic, fervent, fervid, fervor, fervors, fervour, fescue, fescued, fescues, fesels, fess, fesse, fessed, fesses, fessing, fest, festal, feste, fester, festers, festeye, festive, festoon, festue, fet, feta, fetal, fetas, fetch, fetched, fetcher, fetches, fete, feted, fetes, fethcer, fetich, fetid, fetidly, feting, fetis, fetish, fetlock, fetor, fetors, fette, fetted, fetter, fetters, fettle, fettles, fetuous, fetus, fetuses, fetwah, feu, feuar, feud, feudal, feudary, feuded, feuding, feudist, feuds, fever, fevered, feveret, fevers, fevery, few, fewel, fewer, fewest, fewmet, fewness, fey, feyer, feyest, feyne, feyness, feyre, fiacre, fiance, fiancee, fiances, fiants, fiar, fiasco, fiascos, fiat, fiats, fiaunt, fib, fibbed, fibber, fibbers, fibbing, fiber, fibered, fibers, fibre, fibred, fibres, fibril, fibrils, fibrin, fibrine, fibrins, fibroid, fibroin, fibroma, fibrose, fibrous, fibs, fibster, fibula, fibulae, fibular, fibulas, fica, fice, fiche, fiches, fichu, fichus, fickle, fickler, fickly, fico, ficoes, fictile, fiction, fictive, fictor, ficus, fid, fidalgo, fiddle, fiddled, fiddler, fiddles, fide, fidel, fideles, fidelis, fides, fidge, fidget, fidgets, fidgety, fidia, fido, fidos, fids, fie, fief, fiefdom, fiefs, field, fielded, fielden, fielder, fields, fieldy, fiend, fiendly, fiends, fierce, fiercer, fierier, fierily, fiery, fiesta, fiestas, fife, fifed, fifer, fifers, fifes, fifing, fifteen, fifth, fifthly, fifths, fifties, fifty, fig, figaro, figary, figent, figged, figging, figgum, fight, fighter, fights, figment, figs, figural, figure, figured, figurer, figures, figwort, fiji, fijian, fike, fil, filacer, filar, filaree, filaria, filasse, filbert, filch, filched, filcher, filches, file, filed, filemot, filer, filers, files, filet, fileted, filets, filial, filiate, filibeg, filical, filicic, filiety, filii, filing, filings, filius, fill, fille, filled, filler, fillers, filles, fillet, fillets, fillies, filling, fillip, fillips, fills, filly, film, filmdom, filmed, filmic, filmier, filmily, filming, films, filmy, filose, fils, filter, filters, filth, filths, filthy, fimbria, fin, finable, finagle, final, finale, finales, finalis, finally, finals, finance, finary, finback, finble, finch, finched, finches, find, finder, finders, finding, finds, findy, fine, fined, fineer, finely, finer, finery, fines, finesse, finest, finew, finfish, finfoot, finger, fingers, finial, finials, finical, finicky, finific, finify, finikin, fining, finings, finis, finises, finish, finite, finites, finjan, fink, finked, finking, finks, finland, finless, finlet, finlike, finmark, finn, finnan, finned, finner, finnic, finnier, finning, finnish, finns, finny, finos, finpike, fins, fint, fiord, fiorin, fiorite, fipple, fir, fire, firearm, firebox, firebug, fired, firedog, firefly, fireman, firemen, firepan, firer, firers, fires, firing, firings, firk, firkin, firkins, firlot, firm, firma, firman, firmans, firmed, firmer, firmers, firmest, firming, firmity, firmly, firms, firring, firry, firs, first, firstly, firsts, firth, firths, fisc, fiscal, fiscals, fisetic, fisetin, fish, fished, fisher, fishers, fishery, fishes, fisheye, fishful, fishgig, fishier, fishify, fishily, fishing, fishnet, fishy, fisk, fissile, fission, fissure, fist, fisted, fistful, fistic, fisting, fists, fistuca, fistula, fistule, fit, fitch, fitche, fitched, fitches, fitchet, fitchew, fitchy, fitful, fithel, fithul, fitly, fitment, fitness, fits, fitt, fitted, fitter, fitters, fittest, fitting, fitweed, five, fiver, fivers, fives, fix, fixable, fixate, fixated, fixates, fixe, fixed, fixedly, fixer, fixers, fixes, fixing, fixings, fixity, fixture, fixup, fixups, fixure, fixures, fjord, fjords, flab, flabby, flabel, flabile, flabs, flaccid, flack, flacker, flacket, flacks, flacon, flacons, flag, flagged, flagger, flaggy, flagman, flagmen, flagon, flagons, flags, flail, flailed, flails, flaily, flain, flair, flairs, flak, flake, flaked, flaker, flakers, flakes, flakier, flakily, flaking, flaky, flam, flambe, flambee, flambes, flame, flamed, flamen, flamer, flamers, flames, flamier, flaming, flammed, flams, flamy, flan, flanch, flaneur, flang, flange, flanged, flanger, flanges, flank, flanked, flanker, flanks, flannel, flannen, flans, flap, flapped, flapper, flappy, flaps, flare, flared, flares, flaring, flash, flashed, flasher, flashes, flashy, flask, flasket, flasks, flat, flatbed, flatcar, flating, flative, flatly, flatour, flats, flatted, flatten, flatter, flattop, flatus, flaunt, flaunts, flaunty, flauto, flavin, flavine, flavol, flavor, flavors, flavory, flavour, flavous, flaw, flawed, flawier, flawing, flawn, flaws, flawter, flawy, flax, flaxen, flaxes, flaxier, flaxy, flay, flayed, flayer, flayers, flaying, flays, flea, fleabag, fleagh, fleak, fleam, fleamy, flear, fleas, fleche, fleches, fleck, flecked, flecker, flecks, flecky, flector, fled, fledge, fledged, fledges, fledgy, flee, fleece, fleeced, fleecer, fleeces, fleecy, fleeing, fleen, fleer, fleered, fleerer, fleers, flees, fleet, fleeted, fleeten, fleeter, fleetly, fleets, fleigh, fleme, flemer, fleming, flemish, flench, flense, flensed, flenser, flenses, flesh, fleshed, flesher, fleshes, fleshly, fleshy, flet, fletch, flete, fleuron, fleury, flew, flewed, flews, flex, flexed, flexes, flexile, flexing, flexion, flexor, flexors, flexure, fleyed, flick, flicked, flicker, flicks, flidge, flied, flier, fliers, flies, fliest, flight, flights, flighty, flimsy, flinch, flinder, fling, flinger, flings, flint, flinted, flints, flinty, flip, flipe, flipped, flipper, flips, flirt, flirted, flirter, flirts, flirty, flisk, flit, flitch, flite, flites, flits, flitted, flitter, flitty, flivver, flix, flo, float, floated, floater, floats, floaty, flobert, flocci, floccus, flock, flocked, flockly, flocks, flocky, floe, floes, flog, flogged, flogger, flogs, flon, flong, flood, flooded, flooder, floods, flooey, flook, flookan, flooky, floor, floored, floorer, floors, flop, flopped, flopper, floppy, flops, flora, florae, floral, floran, floras, floreal, floren, floret, florets, florid, florida, florin, florins, florist, floroon, flosh, floss, flossed, flosses, flossie, flossy, flota, flotage, flotant, flote, flotery, flotsam, flotson, flotten, flounce, flouncy, flour, floured, flours, floury, flout, flouted, flouter, flouts, flow, flowage, flowed, flowen, flower, flowers, flowery, flowing, flowk, flown, flows, floyte, flu, fluate, fluavil, flub, flubbed, flubs, flucan, flue, flued, fluence, fluency, fluent, flues, fluey, fluff, fluffed, fluffs, fluffy, flugel, fluid, fluidal, fluidic, fluidly, fluids, flukan, fluke, fluked, flukes, flukey, flukier, fluking, fluky, flume, flumed, flumes, fluming, flummox, flump, flumped, flung, flunk, flunked, flunker, flunkey, flunks, flunky, fluor, fluoric, fluors, flurry, flurt, flus, flush, flushed, flusher, flushes, fluster, flute, fluted, fluter, fluters, flutes, flutier, fluting, flutist, flutter, fluty, fluvial, flux, fluxed, fluxes, fluxile, fluxing, fluxion, fluxive, fluxure, fly, flyable, flyaway, flybane, flyblow, flyboat, flyby, flybys, flyer, flyers, flyfish, flying, flyings, flyleaf, flyman, flymen, flyover, flysch, flyte, flytrap, flyway, flyways, fnese, fo, foal, foaled, foaling, foals, foam, foamed, foamer, foamers, foamier, foamily, foaming, foams, foamy, fob, fobbed, fobbing, fobs, focal, focally, foci, focus, focused, focuser, focuses, fodder, fodders, fodient, foe, foehn, foehns, foehood, foeman, foemen, foes, foetal, foeti, foetid, foetor, foetors, foetus, fog, fogbow, foge, fogey, fogeys, fogged, fogger, foggers, foggier, foggily, fogging, foggy, foghorn, fogie, fogies, fogless, fogs, fogy, fogyish, fogyism, foh, fohist, foible, foibles, foil, foiled, foiler, foiling, foils, foin, foinery, foins, foison, foist, foisted, foister, foists, foisty, fold, foldage, folded, folder, folders, folding, foldout, folds, folia, foliage, foliar, foliate, folic, folier, folily, folio, folioed, foliole, folios, foliose, folious, folium, foliums, folk, folkish, folks, folksy, folkway, follies, follow, follows, folly, folwe, foment, foments, fomes, fomites, fon, fond, fondant, fonde, fonded, fonder, fondest, fonding, fondle, fondled, fondler, fondles, fondly, fondon, fonds, fondu, fondue, fondues, fondus, fone, fonge, fonly, fonne, font, fontal, fontina, fonts, food, foodful, foods, foody, fool, foolahs, fooled, foolery, foolify, fooling, foolish, fools, foot, footage, footboy, footed, footer, footers, foothot, footier, footing, footman, footmen, footpad, foots, footsie, footway, footy, fop, fopling, fopped, foppery, fopping, foppish, fops, for, fora, forage, foraged, forager, forages, foramen, foray, forayed, forayer, forays, forbad, forbade, forbare, forbear, forbid, forbids, forbode, forbore, forby, force, forced, forceps, forcer, forcers, forces, forcing, forcite, forcut, ford, forded, fordid, fording, fordo, fordone, fordry, fords, fore, forearm, forebay, foreby, forebye, foredid, foredo, forego, foregut, forehew, foreign, forein, forel, forelay, foreleg, forelet, forelie, foreman, foremen, forepaw, foreran, forerun, fores, foresaw, foresay, foresee, forest, forests, foretop, forever, forewit, forewot, forfeit, forfend, forfete, forfex, forgat, forgave, forge, forged, forger, forgers, forgery, forges, forget, forgets, forging, forgive, forgo, forgoer, forgoes, forgone, forgot, forhall, forhend, forint, forints, fork, forked, forker, forkers, forkful, forkier, forking, forks, forky, forlaft, forlay, forlend, forlese, forlet, forlie, forlore, forlorn, forlye, form, forma, formal, formals, formant, format, formate, formats, forme, formed, formell, former, formers, formful, formic, formica, forming, forms, formula, formule, formyl, fornix, forold, forpass, forpine, forray, forrill, forsake, forsay, forsee, forseen, forslow, forsook, forster, forswat, fort, forte, forted, fortes, forth, forthby, forthy, forties, fortify, fortin, fortis, fortlet, fortran, forts, fortune, forty, forum, forums, forward, forweep, forwent, forwete, forwhy, forworn, forwot, forwrap, foryete, fossa, fossae, fossane, fossate, fosse, fosses, fosset, fossick, fossil, fossils, foster, fosters, fother, fotive, fotmal, fougade, fought, foul, foulard, foulder, foule, fouled, fouler, foulest, fouling, foully, fouls, foumart, found, founded, founder, foundry, founds, fount, founts, four, fourb, fourbe, fourche, fourgon, fours, fourth, fourths, foussa, fouter, foutra, fouty, fovea, foveae, foveal, foveate, foveola, fovilla, fowl, fowled, fowler, fowlers, fowling, fowlpox, fowls, fox, foxed, foxery, foxes, foxfire, foxfish, foxhole, foxier, foxiest, foxily, foxing, foxings, foxish, foxlike, foxly, foxship, foxskin, foxtail, foxtrot, foxy, foy, foyer, foyers, foyson, fps, fra, frab, frabbit, fracas, fracho, fracid, fract, fracted, fraena, fraenum, frag, fragged, fragile, fragor, frags, fraight, frail, frailer, frailly, frails, frailty, fraise, fraised, fraken, frame, framed, framer, framers, frames, framing, frampel, franc, franca, francas, france, frances, francic, francis, franco, francs, franion, frank, franked, franker, frankly, franks, frantic, frap, frape, frapler, frappe, frapped, frappes, fraps, frat, frater, fratery, frats, frau, fraud, frauds, frauen, fraught, fraus, fraxin, fray, frayed, fraying, frays, freak, freaked, freaks, freaky, freck, freckle, freckly, fred, free, freebee, freebie, freed, freedom, freeing, freelte, freely, freeman, freemen, freer, frees, freest, freeway, freight, frejol, frelte, fremd, fremed, fren, frena, french, frenum, frenums, freon, frere, freres, fresco, frescos, fresh, freshed, freshen, fresher, freshes, freshet, freshly, fresnel, fresno, fret, freta, fretful, frets, fretsaw, frett, fretted, fretten, fretter, fretty, fretum, freud, freya, friable, friar, friarly, friars, friary, fribble, frible, friborg, fricace, frickle, friday, fridays, fridge, fridges, fried, friend, friends, frier, friers, fries, friese, friesic, frig, frigate, frigg, frigga, frigged, fright, frights, frigid, frigs, frijol, frijole, frill, frilled, friller, frills, frilly, frim, fring, fringe, fringed, fringes, fringy, fripper, frisbee, frisian, frisk, friskal, frisked, frisker, frisket, frisks, frisky, frislet, frisson, frist, frisure, frit, fritfly, frith, frithy, fritted, fritter, frivol, fro, frock, frocked, frocks, froe, froes, frog, frogbit, frogeye, frogged, froggy, frogman, frogmen, frogs, froise, frolic, frolics, from, fromage, frond, fronde, fronded, fronds, frons, front, frontal, fronted, fronter, fronton, fronts, frore, frorn, frory, frosh, frost, frosted, frosts, frosty, frote, froth, frothed, froths, frothy, frounce, frow, froward, frower, frowey, frown, frowned, frowner, frowns, frowny, frowsty, frowsy, frowy, frubish, fructed, frug, frugal, frugged, frugs, fruit, fruited, fruiter, fruits, fruity, frump, frumper, frumps, frumpy, frush, frusta, frustum, frutage, frutex, fry, fryer, fryers, frying, frypan, frypans, fu, fuage, fuar, fub, fubbed, fubbery, fubbing, fubby, fubs, fubsier, fubsy, fucate, fucated, fuchs, fuchsia, fuci, fuck, fucked, fucking, fucks, fucoid, fucus, fucusol, fud, fudder, fuddle, fuddled, fuddler, fuddles, fudge, fudged, fudges, fudging, fuds, fuegian, fuehrer, fuel, fueled, fueler, fuelers, fueling, fuelled, fueller, fuels, fuero, fuff, fuffy, fuga, fugacy, fugal, fugally, fugato, fugatos, fugged, fuggier, fugging, fuggy, fugh, fugit, fugle, fugs, fugue, fugued, fugues, fuguing, fuguist, fuhrer, fuhrers, fuji, fujis, fulahs, fulbe, fulcra, fulcrum, fuldble, fulfil, fulfill, fulfils, fulgent, fulgid, fulgor, fulgury, fulham, full, fullage, fullam, fulled, fuller, fullers, fullery, fullest, fullfil, fulling, fulls, fully, fulmar, fulmine, fulness, fulsome, fulvid, fulvous, fum, fumade, fumades, fumado, fumage, fumaric, fumble, fumbled, fumbler, fumbles, fume, fumed, fumer, fumers, fumes, fumet, fumets, fumette, fumid, fumier, fumiest, fumify, fuming, fumlly, fummel, fumous, fumy, fun, fund, funded, fundi, funding, funds, fundus, funeral, funest, funfair, fungal, fungate, funge, fungi, fungia, fungian, fungic, fungin, fungite, fungoid, fungous, fungus, funic, funicle, funis, funk, funked, funker, funkers, funkier, funking, funks, funky, funned, funnel, funnels, funnier, funnies, funnily, funning, funny, fur, furbish, furcate, furcula, furdle, furfur, furial, furies, furile, furilic, furioso, furious, furl, furld, furled, furler, furlers, furless, furling, furlong, furls, furmity, furnace, furnish, furoin, furor, furore, furores, furors, furred, furrier, furrily, furring, furrow, furrows, furrowy, furry, furs, further, furtive, fury, fusain, fuscin, fuscine, fuscous, fuse, fused, fusee, fusees, fusel, fusels, fuses, fusible, fusibly, fusil, fusile, fusils, fusing, fusion, fusions, fusome, fuss, fussed, fusser, fussers, fusses, fussier, fussily, fussing, fusspot, fussure, fussy, fust, fusted, fustet, fustian, fustic, fustics, fustier, fustily, fusty, futchel, futhorc, futhork, futile, futtock, futural, future, futures, fwd, fy, fyke, fylfot, fylfots, fyllot, fyrd, fyrdung, fytte