ga, gab, gabbed, gabber, gabbers, gabbier, gabbing, gabble, gabbled, gabbler, gabbles, gabbro, gabbros, gabby, gabel, gabeler, gabelle, gabert, gabfest, gabion, gable, gabled, gables, gablet, gabling, gablock, gabon, gabriel, gabs, gaby, gad, gadbee, gadded, gadder, gadders, gadding, gaddish, gade, gadere, gadfly, gadget, gadgets, gadgety, gadic, gadling, gadman, gadoid, gadre, gads, gadsman, gaduin, gadwall, gaekwar, gael, gaelic, gaels, gaff, gaffe, gaffed, gaffer, gaffers, gaffes, gaffing, gaffle, gaffs, gag, gaga, gagate, gage, gaged, gager, gagers, gages, gagged, gagger, gaggers, gagging, gaggle, gaggled, gaggles, gaging, gagman, gagmen, gags, gagster, gahnite, gaidic, gaiety, gailer, gaily, gain, gainage, gained, gainer, gainers, gainful, gaining, gainly, gains, gainsay, gainst, gairish, gait, gaited, gaiter, gaiters, gaiting, gaitre, gaits, gal, gala, galage, galago, galagos, galahad, galanga, galas, galatea, galax, galaxy, galban, galbe, gale, galea, galeas, galeate, galei, galena, galenas, galenic, gales, galilee, galilei, galileo, galiot, galipot, gall, gallant, gallate, galled, gallego, gallein, galleon, galleot, gallery, galley, galleys, gallfly, gallian, gallic, gallied, gallies, gallin, galling, galliot, gallium, gallnut, gallon, gallons, galloon, galloot, gallop, gallops, gallow, gallows, galls, gallup, gallus, gally, galoche, galoot, galoots, galop, galops, galore, galores, galosh, galoshe, galpe, gals, galsome, galt, galumph, galwes, gam, gamba, gambas, gambeer, gambet, gambian, gambias, gambier, gambist, gambit, gambits, gamble, gambled, gambler, gambles, gamboge, gambol, gambols, gambrel, game, gamed, gameful, gamelan, gamely, gamer, games, gamest, gamete, gametes, gametic, gamey, gamic, gamier, gamiest, gamily, gamin, gamine, gamines, gaming, gamings, gamins, gamma, gammas, gammed, gammer, gammon, gammons, gamp, gams, gamut, gamuts, gamy, gan, ganch, gander, ganders, gandhi, gane, ganef, ganefs, ganesa, ganev, ganevs, gang, gange, ganged, ganger, gangers, ganges, ganging, gangion, ganglia, gangly, gangrel, gangs, gangue, gangues, gangway, ganil, ganja, gannet, gannets, ganoid, ganoine, gansa, ganser, gantlet, gantry, gaol, gaoled, gaoler, gaolers, gaoling, gaols, gap, gape, gaped, gaper, gapers, gapes, gaping, gaposis, gapped, gappier, gapping, gappy, gaps, gapy, gar, garage, garaged, garages, garb, garbage, garbed, garbel, garbing, garble, garbled, garbler, garbles, garbo, garboil, garbs, garcon, garcons, gard, gardant, garde, garden, gardens, gardon, gare, garfish, garget, gargil, gargle, gargled, gargler, gargles, gargol, gargyle, garish, garland, garlic, garlics, garment, garner, garners, garnet, garnets, garnish, garoted, garotes, garotte, garous, garpike, garran, garret, garrets, garron, garrot, garrote, garrupa, gars, garter, garters, garth, garths, garum, garvie, gary, gas, gasbag, gasbags, gascon, gaseity, gaseous, gases, gash, gashed, gasher, gashes, gashful, gashing, gasify, gasket, gaskets, gaskins, gasless, gaslit, gasman, gasmen, gasogen, gasohol, gasp, gasped, gasper, gaspers, gasping, gasps, gassed, gasser, gassers, gasses, gassier, gassing, gassy, gast, gaster, gastful, gastly, gastric, gat, gatch, gate, gated, gateman, gatemen, gates, gateway, gather, gathers, gating, gator, gats, gatsby, gauche, gaucher, gaucho, gauchos, gaud, gauded, gaudery, gaudful, gaudier, gaudies, gaudily, gauding, gaudish, gauds, gaudy, gauffer, gauffre, gauge, gauged, gauger, gaugers, gauges, gauging, gaul, gaulish, gauls, gault, gaunt, gaunter, gauntly, gauntry, gaur, gaure, gauss, gausses, gavage, gave, gavel, gaveled, gaveler, gavelet, gavels, gaviae, gavial, gavot, gavots, gavotte, gawby, gawk, gawked, gawker, gawkers, gawkier, gawkies, gawkily, gawking, gawkish, gawks, gawky, gawn, gay, gayal, gayer, gayest, gayety, gayly, gayne, gayness, gays, gaysome, gaytre, gds, geal, gean, gear, gearbox, geared, gearing, gears, geason, geat, geck, gecko, geckoes, geckos, gecks, ged, gedd, gee, geed, geegaw, geegaws, geeing, geek, geeks, geer, geering, gees, geese, geest, geet, gefilte, gehenna, geic, geiger, gein, geisha, geishas, gel, gelable, gelada, gelatin, geld, gelded, gelder, gelders, gelding, gelds, gelee, gelees, gelid, gelidly, gelled, gelling, gelly, gelose, gels, gelt, gelts, gem, gemara, gemaric, gemel, geminal, gemini, geminis, geminy, gemma, gemmae, gemmary, gemmate, gemmed, gemmier, gemmily, gemming, gemmule, gemmy, gemote, gems, gemsbok, gemul, gen, gena, genal, genappe, gender, genders, gene, genera, general, generic, generis, genes, geneses, genesis, genet, genetic, genette, geneva, genevan, genevas, genghis, genial, genian, genic, genie, genies, genii, genio, genip, genipap, genista, genital, genitor, genius, genoa, genoese, genome, genomes, genomic, genre, genres, gens, gent, genteel, gentes, gentian, gentil, gentile, gentle, gentled, gentler, gentles, gently, gentoo, gentoos, gentrie, gentry, gents, genty, genu, genua, genuine, genus, genuses, genys, geode, geodes, geodesy, geodic, geoduck, geog, geogony, geoid, geoidal, geoids, geol, geology, geom, georama, geordie, george, georgia, georgic, geotaxy, geotic, gepound, gerah, gerald, gerant, gerbe, gerbil, gerbils, gerboa, gere, gerent, gerful, gerland, gerlind, gerlond, germ, germain, german, germane, germans, germany, germen, germens, germier, germina, germs, germule, germy, gern, gerner, gerund, gerunds, gery, gesling, gesse, gesso, gessoes, gest, gestalt, gestant, gestapo, gestate, geste, gestes, gestic, gestour, gests, gesture, get, getable, getaway, geten, geth, gets, getter, getters, getting, getup, getups, geum, geums, gewgaw, gewgaws, geyser, geysers, ghana, ghanian, gharry, ghast, ghastly, ghat, ghats, ghaut, ghee, ghees, gherkin, ghess, ghetto, ghettos, ghole, ghost, ghosted, ghostly, ghosts, ghosty, ghoul, ghouls, ghyll, giant, giantly, giantry, giants, giaour, gib, gibaro, gibaros, gibbed, gibber, gibbers, gibbet, gibbets, gibbier, gibbing, gibbon, gibbons, gibbose, gibbous, gibe, gibed, gibel, giber, gibers, gibes, gibfish, gibing, giblet, giblets, gibs, gibsons, gid, giddap, giddied, giddier, giddies, giddily, giddy, gide, gie, gif, giffy, gift, gifted, gifting, gifts, gig, gigabit, gigas, gigaton, gigeria, gigged, gigget, gigging, giggle, giggled, giggler, giggles, giggly, giggot, giggyng, giglet, giglot, gigolo, gigolos, gigot, gigs, gigue, gigues, gila, gilbert, gild, gildale, gilded, gilden, gilder, gilders, gilding, gilds, gile, gill, gilled, giller, gillers, gillian, gillie, gillied, gillies, gilling, gillnet, gills, gilly, gilour, gilse, gilt, giltif, gilts, gim, gimbal, gimbals, gimblet, gimel, gimels, gimlet, gimlets, gimmal, gimmer, gimmick, gimmor, gimp, gimped, gimpier, gimping, gimps, gimpy, gin, ging, gingal, ginger, gingers, gingery, gingham, ginging, gingko, gingle, ginkgo, ginks, ginn, ginned, ginnee, ginner, ginners, ginnet, ginnier, ginning, ginny, gins, ginseng, ginshop, gip, gipoun, gipped, gipper, gippers, gipping, gips, gipser, gipsied, gipsies, gipsire, gipsy, giraffe, girasol, gird, girded, girder, girders, girding, girdle, girdled, girdler, girdles, girds, gire, girkin, girl, girlie, girlies, girlish, girlond, girls, girly, girn, girns, giros, girrock, girt, girted, girth, girthed, girths, girting, girts, gisarm, gise, gisle, gismo, gismos, gist, gists, git, gitana, gitano, gitanos, gite, gith, gittern, gittith, giusto, give, given, givens, giver, givers, gives, givin, giving, gjetost, glace, glaceed, glaces, glacial, glacier, glacis, glad, gladded, gladden, gladder, glade, gladen, glades, gladeye, gladful, gladier, gladii, gladius, gladly, glads, gladwyn, glady, glair, glaire, glaired, glairin, glairy, glaive, glaives, glama, glamor, glamors, glamour, glance, glanced, glances, gland, glandes, glands, glans, glare, glared, glares, glarier, glaring, glary, glase, glased, glasgow, glass, glassed, glassen, glasser, glasses, glassie, glassy, glaucic, glaucus, glaum, glave, glaver, glead, gleam, gleamed, gleams, gleamy, glean, gleaned, gleaner, gleans, gleba, glebae, glebe, glebous, gleby, glede, glee, gleed, gleeful, gleek, gleeman, gleemen, gleen, glees, gleet, gleety, gleg, gleire, glen, glenoid, glens, glent, glew, gley, gleyre, gliadin, glib, glibber, glibly, glicke, glidden, glidder, glide, glided, gliden, glider, gliders, glides, gliding, gliff, glike, glim, glimmer, glimpse, glims, glint, glinted, glints, glioma, glires, glist, glisten, glister, glitch, glitter, gloam, gloar, gloat, gloated, gloater, gloats, glob, global, globard, globate, globe, globed, globes, globing, globoid, globose, globous, globs, globule, globy, glode, glogg, gloggs, glom, glombe, glome, glommed, gloms, glonoin, gloom, gloomed, glooms, gloomth, gloomy, glop, gloppen, glops, glore, gloria, gloriam, glorias, gloried, glories, glorify, glory, glose, gloser, gloss, glossa, glossal, glossed, glosser, glosses, glossic, glossly, glossy, glost, glottal, glottic, glottis, glout, glove, gloved, glover, glovers, gloves, gloving, glow, glowed, glower, glowers, glowfly, glowing, glows, glucic, glucina, glucose, glue, glued, glueing, gluepot, gluer, gluers, glues, gluey, gluier, gluiest, gluily, gluing, gluish, glum, glumal, glume, glumly, glummer, glummy, glump, glumpy, glunch, glut, gluteal, glutei, gluten, gluteus, glutin, gluts, glutted, glutton, glycide, glycin, glycol, glycols, glycose, glyn, glynne, glyoxal, glyph, glyphic, glyphs, glyptic, glyster, gnar, gnarl, gnarled, gnarls, gnarly, gnarred, gnars, gnash, gnashed, gnashes, gnat, gnathic, gnats, gnaw, gnawed, gnawer, gnawers, gnawing, gnawn, gnaws, gneiss, gnew, gnide, gnocchi, gnof, gnome, gnomes, gnomic, gnomish, gnomist, gnomon, gnomons, gnoses, gnosis, gnostic, gnow, gnu, gnus, go, goa, goad, goaded, goading, goads, goaf, goafs, goal, goaled, goalie, goalies, goaling, goals, goar, goarish, goat, goatee, goateed, goatees, goatish, goats, goaves, gob, gobang, gobbed, gobbet, gobbets, gobbing, gobble, gobbled, gobbler, gobbles, gobelin, gobet, gobies, gobioid, goblet, goblets, goblin, gobline, goblins, goboes, gobos, gobs, goby, gocart, god, goddam, goddamn, goddams, goddard, goddess, godding, gode, godhead, godhood, godild, godless, godlier, godlike, godlily, godling, godly, godown, godowns, godroon, gods, godsend, godship, godsib, godson, godsons, godward, godwit, godwits, goel, goeland, goemin, goen, goer, goers, goes, goethe, goety, gofer, gofers, goff, goffer, gog, goggle, goggled, goggler, goggles, goggly, goglet, goglets, gogo, gogos, going, goings, goiter, goiters, goitre, goitred, goitres, gold, goldarn, goldcup, golde, golden, golder, goldest, goldie, goldin, golding, goldney, golds, goldtit, goldurn, golem, golems, golet, golf, golfed, golfer, golfers, golfing, golfs, goliard, goll, golly, golore, goloshe, goman, gombo, gombos, gome, gomer, gommal, gomuti, gon, gonad, gonadal, gonadic, gonads, gonakie, gondola, gone, goner, goners, gong, gonged, gonging, gongs, gonidia, gonif, gonifs, gonimia, gonof, gonofs, gonoph, gonophs, gonys, goo, goober, goobers, good, goodby, goodbye, goodbys, gooder, gooders, goodie, goodies, goodish, goodly, goodman, goodmen, goods, goody, gooey, goof, goofed, goofier, goofily, goofing, goofs, goofy, googly, googol, googols, gooier, gooiest, gook, gooks, gooky, goolde, goon, gooney, gooneys, goonie, goonies, goons, goony, goop, goops, gooroo, goos, goose, goosed, goosery, gooses, goosey, goosier, goosing, goosish, goost, goosy, goot, gopher, gophers, goracco, goral, gorals, goramy, gorce, gorcock, gorcrow, gord, gordian, gordius, gore, gored, gores, gorfly, gorge, gorged, gorger, gorgers, gorges, gorget, gorgets, gorging, gorgon, gorgons, gorhen, gorier, goriest, gorilla, gorily, goring, gorki, gorm, gorma, gormand, gorse, gorses, gorsier, gorsy, gory, gosh, goshawk, gosherd, goslet, gosling, gospel, gospels, goss, gossan, gossat, gossib, gossip, gossips, gossipy, gossoon, got, gote, goter, goth, gothic, gothics, gothite, goths, gotten, gouache, goud, gouda, goudron, gouge, gouged, gouger, gougers, gouges, gouging, goujere, gouland, goulash, gour, goura, gourami, gourd, gourde, gourdes, gourds, gourdy, gourmet, gournet, gout, goutier, goutily, gouts, gouty, gov, gove, govern, governs, govt, gowan, gowany, gowd, gowden, gowdie, gowk, gowl, gown, gowned, gowning, gownman, gowns, goy, goyim, goyish, goys, graal, graals, graaper, grab, grabbed, grabber, grabble, grabby, graben, grabens, grabs, grace, graced, graces, gracile, gracing, grackle, grad, gradate, grade, graded, gradely, grader, graders, grades, gradin, gradine, grading, gradino, grads, gradual, gradus, graf, graff, graffer, graft, grafted, grafter, grafts, graham, grail, graille, grails, grain, grained, grainer, grains, grainy, graip, graith, grakle, grallae, grallic, gram, grame, grammar, gramme, grammes, grammy, gramp, gramps, grampus, grams, grana, granade, granado, granary, granate, grand, grandad, grandam, grande, grandee, grander, grandly, grandma, grandpa, grands, grane, grange, granger, granges, granite, grannam, grannie, granny, granola, grant, granted, grantee, granter, grantor, grants, granule, grape, grapery, grapes, graph, graphed, graphic, graphs, grapier, grapnel, grapple, grapy, gras, grasp, grasped, grasper, grasps, grass, grassed, grasses, grassy, grata, gratae, grate, grated, grater, graters, grates, gratia, gratias, gratify, gratin, grating, gratins, gratis, graunt, graupel, grave, graved, gravel, gravels, gravely, graven, graver, gravers, gravery, graves, gravest, gravic, gravid, gravies, graving, gravity, gravure, gravy, gray, grayed, grayer, grayest, grayfly, graying, grayish, graylag, grayly, grays, gre, grease, greased, greaser, greases, greasy, great, greaten, greater, greatly, greats, greave, greaved, greaves, grebe, grebes, grecian, grecism, greco, gree, greece, greed, greeds, greedy, greek, greeks, green, greened, greener, greenly, greens, greenth, greeny, grees, greet, greeted, greeter, greets, greeve, gregal, grege, gregge, greggoe, grego, gregory, greisen, greit, greith, gremial, gremlin, gremmie, gremmy, grenada, grenade, grenado, grene, gres, gret, greta, grete, gretto, greve, grew, grey, greyed, greyer, greyest, greying, greyish, greylag, greyly, greys, gribble, grice, grid, griddle, gride, grided, grides, griding, grids, grief, griefs, griego, grieve, grieved, griever, grieves, griff, griffe, griffin, griffon, grift, grifted, grifter, grifts, grig, grigs, gril, grill, grille, grilled, griller, grilles, grills, grilly, grilse, grim, grimace, griman, grime, grimed, grimes, grimier, grimily, griming, grimly, grimm, grimme, grimmer, grimsir, grimy, grin, grind, grinded, grinder, grindle, grinds, gringo, gringos, grinned, grinner, grins, grint, grinte, griot, griots, grip, gripe, griped, griper, gripers, gripes, gripey, gripier, griping, grippe, gripped, gripper, grippes, gripple, grippy, grips, gript, gripy, gris, grise, griskin, grisled, grisly, grison, grisons, grist, gristle, gristly, grists, grit, grith, grits, gritted, gritty, grivet, groan, groaned, groaner, groans, groat, groats, grobian, grocer, grocers, grocery, grog, groggy, grogram, grogran, grogs, groin, groined, groins, grolier, gromet, gromill, grommet, grond, gronte, groom, groomed, groomer, grooms, grooper, groove, grooved, groover, grooves, groovy, grope, groped, groper, gropers, gropes, groping, gros, gross, grossed, grosser, grosses, grossly, grot, grote, grots, grotto, grottos, grouch, groucho, grouchy, ground, grounds, group, grouped, grouper, groupie, groups, grouse, groused, grouser, grouses, grout, grouted, grouter, grouts, grouty, grove, groved, grovel, grovels, groves, groving, grovy, grow, growan, grower, growers, growing, growl, growled, growler, growls, growly, grown, grownup, grows, growse, growth, growths, groyne, grub, grubbed, grubber, grubbla, grubby, grubs, grucche, grudge, grudged, grudger, grudges, gruel, grueled, grueler, gruelly, gruels, gruf, gruff, gruffed, gruffer, gruffly, gruffs, gruffy, grum, grumble, grumbly, grume, grumose, grumous, grump, grumped, grumps, grumpy, grundel, grungy, grunion, grunt, grunted, grunter, gruntle, grunts, grutch, grutten, gry, gryde, gryfon, gryllus, grype, gryphon, grysbok, guacho, guachos, guaco, guaiac, guam, guan, guana, guanaco, guanin, guanine, guano, guanos, guar, guara, guarana, guarani, guard, guarded, guarder, guards, guarish, guars, guava, guavas, guck, gucks, gudgeon, gue, gueber, guebre, guelf, guelfic, guelph, guenon, guerdon, guerite, guerre, guess, guessed, guesser, guesses, guest, guested, guests, guff, guffaw, guffaws, guffer, guffs, guggle, guhr, guiac, guiacol, guiacum, guiana, guib, guid, guidage, guide, guided, guider, guiders, guides, guiding, guidon, guidons, guild, guilder, guildry, guilds, guile, guiled, guiles, guiling, guilor, guilt, guilts, guilty, guimpe, guinea, guinean, guineas, guipure, guiro, guise, guised, guiser, guises, guising, guist, guitar, guitars, gula, gulae, gular, gulas, gulaund, gulch, gulches, gulden, guldens, gule, gules, gulf, gulfed, gulfier, gulfing, gulfs, gulfy, gulge, gulgul, gulist, gull, gullage, gulled, guller, gullery, gulles, gullet, gullets, gulley, gulleys, gullied, gullies, gulling, gullish, gulls, gully, gulp, gulped, gulper, gulpers, gulph, gulpier, gulping, gulps, gulpy, gult, gulty, guly, gum, gumbo, gumboil, gumbos, gumdrop, gumless, gumlike, gumma, gummata, gummed, gummer, gummers, gummier, gumming, gummite, gummous, gummy, gump, gums, gumshoe, gumtree, gumweed, gumwood, gun, guna, gunboat, gundog, gunfire, gung, gunjah, gunk, gunks, gunless, gunlock, gunman, gunmen, gunnage, gunned, gunnel, gunnels, gunner, gunners, gunnery, gunnie, gunnies, gunning, gunny, gunplay, gunroom, guns, gunsel, gunsels, gunship, gunshot, gunwale, guppies, guppy, gurding, gurge, gurgle, gurgled, gurgles, gurglet, gurjun, gurl, gurlet, gurmy, gurnard, gurnet, gurney, gurneys, gurniad, gurry, gurt, gurts, guru, gurus, gush, gushed, gusher, gushers, gushes, gushier, gushily, gushing, gushy, gusset, gussets, gussied, gussies, gussy, gust, gustard, gusted, gustful, gustier, gustily, gusting, gusto, gustoes, gustoso, gusts, gusty, gut, gutless, gutlike, guts, gutsier, gutsy, gutta, guttae, guttate, gutted, gutter, gutters, guttery, guttier, gutting, guttle, guttler, gutty, gutwort, guy, guyana, guyed, guying, guyle, guys, gweduc, gweduck, gweducs, gwiniad, gyall, gyb, gybe, gybed, gybing, gye, gyle, gym, gymnal, gymnast, gymnic, gymnite, gyms, gyn, gynno, gyp, gypped, gypper, gyppers, gypping, gyps, gypse, gypsey, gypsied, gypsies, gypsum, gypsums, gypsy, gyral, gyrant, gyrate, gyrated, gyrates, gyrator, gyre, gyred, gyreful, gyres, gyri, gyring, gyrland, gyro, gyrodus, gyroma, gyron, gyronny, gyros, gyrose, gyrus, gyse, gyte, gyve, gyved, gyves, gyving