ha, haaf, haak, haar, habeas, habile, habit, habitan, habitat, habited, habits, habitue, habitus, hable, habnab, hachure, hack, hackbut, hacked, hackee, hacker, hackers, hackery, hackie, hackies, hacking, hackle, hackled, hackler, hackles, hackly, hackman, hackmen, hackney, hacks, hacksaw, had, hadder, haddie, haddock, hade, hades, hading, hadj, hadjee, hadjees, hadjes, hadji, hadjis, hadron, hadrons, hadsome, hadst, haemad, haemal, haemic, haemin, haemol, haemony, haets, haf, haffle, hafnium, haft, hafted, hafter, hafting, hafts, hag, hagborn, hagbut, hagbuts, hagdon, hagfish, haggada, haggard, hagged, hagging, haggis, haggish, haggle, haggled, haggler, haggles, hagride, hagrode, hags, hagseed, hagship, hague, hah, hahnium, hahs, haiduck, haik, haikal, haiku, haikwan, hail, hailed, hailer, hailers, hailing, hails, hailse, haily, hair, haircut, hairdo, hairdos, haired, hairen, hairier, hairpin, hairs, hairy, haiti, haitian, haitic, haji, hajis, hajj, hajjes, hajji, hajjis, hake, hakeems, hakes, haketon, hakim, halacha, halavah, halberd, halcyon, hale, haled, haler, halers, hales, halesia, halest, half, halfen, halfer, halfway, halibut, halide, halides, halidom, halifax, haling, halite, halk, hall, hallage, hallah, halled, hallier, hallo, halloa, halloas, halloed, halloes, halloo, halloos, hallos, hallow, hallows, halls, hallux, hallway, halm, halma, halmas, halo, haloed, haloes, halogen, haloid, haloids, haloing, halones, halos, halp, halpace, hals, halse, halsed, halser, halsing, halt, halted, halter, halters, halting, halts, halva, halvah, halvahs, halvans, halvas, halve, halved, halvers, halves, halving, halwe, halyard, ham, hamal, hamate, hamated, hamatum, hamble, hamburg, hame, hamel, hamite, hamlet, hamlets, hammed, hammer, hammers, hammier, hammily, hamming, hammock, hammy, hamose, hamous, hamper, hampers, hams, hamster, hamular, hamule, hamuli, hamulus, han, hanap, hanaper, hance, hanch, hand, handbag, handcar, handed, handel, hander, handful, handgun, handier, handily, handing, handle, handled, handler, handles, handoff, handout, hands, handsaw, handsel, handset, handy, hang, hangar, hangars, hangdog, hanged, hanger, hangers, hanging, hangman, hangmen, hangout, hangs, hangtag, hangup, hangups, hank, hanked, hanker, hankers, hankie, hankies, hanking, hanks, hanky, hanoi, hansard, hanse, hansel, hansom, hansoms, hants, hanukka, hanuman, haole, haoles, hap, hapless, haploid, haplomi, haply, happed, happen, happens, happier, happily, happing, happy, haps, hapuku, harass, harbor, harbors, harbour, hard, harden, hardens, harder, hardest, hardhat, hardier, hardies, hardily, harding, hardish, hardly, hardock, hardpan, hards, hardset, hardtop, hardy, hare, hared, hareem, hareems, hareld, harelip, harem, harems, hares, harfang, haricot, harier, haring, harish, hark, harked, harken, harkens, harking, harks, harl, harle, harlem, harlock, harlot, harlots, harm, harmed, harmel, harmer, harmers, harmful, harmine, harming, harmony, harmost, harms, harness, harns, harold, harp, harpa, harped, harper, harpers, harpies, harping, harpist, harpoon, harps, harpy, harrage, harre, harried, harrier, harries, harriet, harris, harrow, harrows, harry, harsh, harshen, harsher, harshly, harslet, hart, harten, harts, harvard, harvest, hary, has, hasard, hase, hash, hashed, hashes, hashing, hashish, hasid, hasidic, hasidim, hask, haslet, hasp, hasped, hasping, hasps, hassels, hassle, hassled, hassles, hassock, hast, hasta, hastate, haste, hasted, hasten, hastens, hastes, hastier, hastif, hastile, hastily, hasting, hastive, hasty, hat, hatable, hatband, hatbox, hatch, hatched, hatchel, hatcher, hatches, hatchet, hate, hated, hateful, hatel, hater, haters, hates, hatful, hatfuls, hath, hating, hatless, hatpin, hatpins, hatrack, hatred, hatreds, hats, hatsful, hatte, hatted, hatter, hatters, hatting, hattree, hauberk, haugh, haught, haughty, haul, haulage, hauled, hauler, haulers, haulier, hauling, haulm, hauls, haulse, hault, haum, haunce, haunch, haunt, haunted, haunter, haunts, hausen, hausse, haut, hautboy, haute, hautein, hauteur, hautpas, havana, have, haven, havened, havener, havens, haver, havers, haves, havier, having, havior, haviors, haviour, havoc, havocs, haw, hawaii, hawed, hawhaw, hawing, hawk, hawkbit, hawked, hawker, hawkers, hawkey, hawkeye, hawkeys, hawkies, hawking, hawkish, hawks, hawm, haws, hawse, hawser, hawsers, hawses, hay, haybird, haybote, haycock, haydn, haye, hayed, hayer, hayers, hayes, hayfork, haying, hayings, hayloft, haymow, haymows, hayrack, hayrake, hayrick, hayride, hays, hayseed, haytian, hayward, haywire, he, head, headed, header, headers, headier, headily, heading, headman, headmen, headpan, headpin, heads, headset, headway, heady, heal, healall, heald, healed, healer, healers, healful, healing, heals, health, healths, healthy, heam, heap, heaped, heaper, heaping, heaps, heapy, hear, heard, hearer, hearers, hearing, hearken, hears, hearsal, hearsay, hearse, hearsed, hearses, heart, hearted, hearten, hearth, hearths, hearts, hearty, heat, heated, heater, heaters, heath, heathen, heather, heaths, heathy, heating, heats, heave, heaved, heaven, heavens, heaver, heavers, heaves, heavier, heavies, heavily, heaving, heavy, hebe, heben, hebenon, hebete, hebraic, hebrew, hebrews, heck, heckle, heckled, heckler, heckles, hecks, hectare, hectic, hector, hectors, heddle, heddles, hederal, hederic, hedge, hedged, hedger, hedgers, hedges, hedgier, hedging, hedgy, hedonic, hee, heed, heeded, heeder, heeders, heedful, heeding, heeds, heedy, heehaw, heehaws, heel, heeled, heeler, heelers, heeling, heels, heeltap, heep, heer, heft, hefte, hefted, hefter, hefters, heftier, heftily, hefting, hefts, hefty, hegemon, hegge, hegira, hegiras, heifer, heifers, heigh, height, heighth, heights, heil, heiled, heiling, heils, heinie, heinies, heinous, heir, heirdom, heired, heiress, heiring, heirs, heist, heisted, heister, heists, hejira, hektare, helamys, held, hele, helen, helena, helenin, heliac, helical, helices, helicin, helicon, helio, helios, helipad, helium, heliums, helix, helixes, hell, hellbox, hellcat, helled, hellene, heller, hellers, hellhag, hellier, helling, hellion, hellish, hello, helloed, helloes, hellos, hells, helluva, helly, helm, helmage, helmed, helmet, helmets, helming, helms, helot, helotry, helots, help, helped, helper, helpers, helpful, helping, helps, helve, helved, helves, helvine, helving, helvite, hem, hemal, heman, hematic, hematin, hemato, heme, hemin, hemina, heminae, hemiola, hemline, hemlock, hemmed, hemmel, hemmer, hemmers, hemming, hemp, hempen, hempier, hemps, hempy, hems, hemself, hemuse, hen, henbane, henbit, henbits, hence, hencoop, hende, hendy, henen, henfish, heng, henna, hennaed, hennas, hennery, hennes, henotic, henpeck, henries, henry, henrys, hens, hent, hente, henting, hents, henware, henxman, hep, hepar, heparin, hepatic, hepburn, hepcat, hepcats, heppen, hepper, hepta, heptad, heptade, heptads, heptane, heptene, heptine, heptoic, heptone, heptyl, her, herald, heralds, heraud, herb, herbage, herbal, herbals, herbar, herbary, herber, herbert, herbid, herbier, herbist, herblet, herbose, herbous, herbs, herby, herd, herded, herder, herders, herdess, herdic, herding, herdman, herdmen, herds, here, hereat, hereby, herein, heremit, heren, hereof, hereon, hereout, heres, heresy, heretic, hereto, heretog, herie, heriot, heritor, herl, herling, herma, hermae, herman, hermes, hermit, hermits, hern, hernani, herne, hernia, herniae, hernial, hernias, hero, heroes, heroess, heroic, heroics, heroin, heroine, heroins, heroism, heron, heroner, heronry, herons, heros, herpes, herr, herring, hers, hersal, herse, herself, hershey, hert, herte, hertely, hery, hesp, hesper, hessian, hessite, hest, hestern, het, hetaera, hetaira, hetchel, hete, hetero, heteros, hething, hetman, hetmans, heugh, heuk, heved, hew, hewable, hewe, hewed, hewer, hewers, hewhole, hewing, hewn, hews, hex, hexa, hexacid, hexad, hexade, hexads, hexagon, hexane, hexapla, hexapod, hexed, hexene, hexer, hexers, hexes, hexine, hexing, hexoic, hexone, hexose, hexyl, hexylic, hexyls, hey, heyday, heydays, heydey, heydeys, heygh, heyh, heyne, heyten, hi, hiatal, hiation, hiatus, hibachi, hic, hiccup, hiccups, hick, hickey, hickeys, hickory, hicks, hickup, hickway, hid, hidable, hidage, hidalgo, hidden, hide, hided, hideous, hideout, hider, hiders, hides, hiding, hidings, hie, hied, hieing, hiems, hieron, hies, higgle, higgled, higgler, high, highboy, higher, highest, highly, highmen, highs, hight, highted, highth, highths, hights, highway, higre, hijack, hijacks, hijera, hijinks, hijra, hike, hiked, hiker, hikers, hikes, hiking, hilal, hilar, hilding, hile, hill, hilled, hiller, hillers, hillier, hilling, hillock, hills, hilltop, hilly, hilt, hilted, hilting, hilts, hilum, hilus, him, himpne, himself, hin, hind, hinder, hinders, hindgut, hindi, hindoo, hindoos, hinds, hindu, hindus, hine, hinge, hinged, hinger, hingers, hinges, hinging, hink, hinnied, hinnies, hinny, hint, hinted, hinter, hinters, hinting, hints, hip, hipbone, hipe, hiped, hiphalt, hiping, hipless, hipline, hipness, hippa, hippe, hipped, hipper, hippest, hippie, hippier, hippies, hipping, hippish, hippo, hippos, hipps, hippy, hips, hipshot, hipster, hir, hirable, hircic, hircin, hircine, hire, hired, hirer, hirers, hires, hiring, hirling, hirs, hirsute, hirudo, hirundo, his, hisn, hispano, hispid, hiss, hissed, hisself, hisser, hissers, hisses, hissing, hist, histed, histing, histoid, history, hists, hit, hitch, hitched, hitchel, hitcher, hitches, hithe, hither, hitler, hitless, hits, hitter, hitters, hitting, hittite, hive, hived, hiver, hives, hiving, ho, hoa, hoagie, hoagies, hoagy, hoar, hoard, hoarded, hoarder, hoards, hoared, hoarier, hoarily, hoarse, hoarsen, hoarser, hoary, hoax, hoaxed, hoaxer, hoaxers, hoaxes, hoaxing, hob, hobanob, hobbies, hobbism, hobbist, hobbit, hobble, hobbled, hobbler, hobbles, hobbly, hobby, hobiler, hobit, hobnail, hobnob, hobnobs, hobo, hoboed, hoboes, hoboing, hoboism, hobos, hoboy, hobs, hoc, hocco, hock, hockday, hocked, hocker, hockers, hockey, hockeys, hocking, hockle, hockled, hocks, hocus, hocused, hocuses, hod, hodad, hodaddy, hodads, hoddy, hodiern, hodman, hodmen, hods, hoe, hoecake, hoed, hoedown, hoeing, hoer, hoers, hoes, hoful, hog, hogan, hogans, hogback, hogcote, hogfish, hogged, hogger, hoggers, hoggery, hogget, hogging, hoggish, hoggs, hogh, hogherd, hognose, hognut, hognuts, hogo, hogpen, hogs, hogskin, hogsty, hogtie, hogtied, hogties, hogwash, hogweed, hoi, hoiden, hoise, hoist, hoisted, hoister, hoists, hoit, hoke, hokeday, hoker, hokey, hokier, hokiest, hoking, hokum, hokums, hol, holcad, hold, holdall, holden, holder, holders, holding, holdout, holds, holdup, holdups, hole, holed, holer, holes, holey, holibut, holidam, holiday, holier, holies, holiest, holily, holing, holism, holisms, holist, holists, holla, hollaed, holland, holler, hollers, hollies, hollo, holloa, holloed, hollow, hollows, holly, holm, holmes, holmia, holmium, holmos, holour, holp, holpen, holsom, holster, holt, holts, holwe, holy, holyday, homage, homaged, homager, homages, homarus, hombre, hombres, homburg, home, homed, homely, homelyn, homer, homeric, homers, homes, homey, homier, homiest, homily, hominem, homing, hominid, hominy, homish, hommock, homo, homolog, homonym, homos, homy, hon, honan, honcho, honchos, hond, honda, hondas, hone, honed, honer, honers, hones, honest, honesty, honey, honeyed, honeys, hong, honied, honing, honk, honked, honker, honkers, honkey, honkeys, honkie, honkies, honking, honks, honky, honor, honored, honoree, honorer, honors, honour, honours, hont, honved, hoo, hooch, hooches, hood, hoodcap, hooded, hooding, hoodlum, hoodman, hoodoo, hoodoos, hoods, hoody, hooey, hooeys, hoof, hoofed, hoofer, hoofers, hoofing, hoofs, hook, hooka, hookah, hookahs, hookas, hooked, hooker, hookers, hookey, hookeys, hookier, hookies, hooking, hooklet, hooks, hookup, hookups, hooky, hool, hoolock, hoom, hoop, hooped, hooper, hoopers, hooping, hoopla, hooplas, hoopoe, hoopoo, hoops, hoorah, hoorahs, hooray, hoorays, hoosgow, hoosier, hoot, hootch, hooted, hooter, hooters, hooting, hoots, hoove, hooven, hoover, hooves, hop, hopbind, hopbine, hope, hoped, hopeful, hopeite, hoper, hopers, hopes, hophead, hopi, hoping, hopis, hoplite, hopped, hopper, hoppers, hoppet, hopping, hopple, hoppled, hoppo, hops, hopsack, hoptoad, hopyard, hor, hora, horace, horah, horal, horaly, horary, horas, horde, horded, hordeic, hordein, hordes, hording, hordock, hore, hormone, horn, hornbug, horned, hornel, horner, hornet, hornets, hornier, hornify, hornily, horning, hornish, hornito, hornowl, horns, horny, horrent, horrid, horrify, horror, horrors, hors, horse, horsed, horses, horsey, horsier, horsily, horsing, horsly, horst, horsy, hosanna, hose, hosed, hosen, hoses, hosier, hosiers, hosiery, hosing, hosp, hospice, host, hostage, hosted, hostel, hostels, hostess, hostie, hostile, hosting, hostler, hostly, hostry, hosts, hot, hotbed, hotbeds, hotbox, hotcake, hotdog, hotdogs, hote, hotel, hotels, hoten, hotfoot, hothead, hotkey, hotline, hotly, hotness, hotrod, hotrods, hots, hotshot, hotspur, hotted, hotter, hottest, hotting, hottish, houdah, hough, houghed, houlet, hoult, hound, hounded, hounder, hounds, houp, hour, houri, houris, hourly, hours, housage, house, housed, housel, houser, housers, houses, housing, houss, houston, houtou, houve, hove, hovel, hoveled, hoveler, hovels, hoven, hover, hovered, hoverer, hovers, how, howadji, howbeit, howdah, howdahs, howdie, howdies, howdy, howe, howel, howell, howes, however, howker, howl, howled, howler, howlers, howlet, howling, howls, howp, hows, howso, howve, hox, hoy, hoyden, hoydens, hoyle, hoyles, hoyman, hoymen, hp, hr, hrs, hsien, hts, huanaco, hub, hubbies, hubbub, hubbubs, hubby, hubcap, hubcaps, hubner, hubris, hubs, huch, huchen, huck, huckle, hucks, hud, huddle, huddled, huddler, huddles, hudge, hudson, hue, hued, hueless, huer, hues, huff, huffcap, huffed, huffer, huffier, huffily, huffing, huffish, huffs, huffy, hug, huge, hugely, huger, hugest, hugged, hugger, huggers, hugging, huggle, hugs, hugy, huh, huisher, huke, hula, hulan, hulas, hulch, hulchy, hulk, hulked, hulkier, hulking, hulks, hulky, hull, hulled, huller, hullers, hulling, hullo, hulloed, hulloes, hullos, hulls, hully, huloist, hulver, hum, human, humane, humaner, humanly, humans, humate, humbird, humble, humbled, humbler, humbles, humbly, humbug, humbugs, humdrum, humect, humeral, humeri, humerus, humic, humid, humidly, humidor, humin, humiri, humite, hummed, hummel, hummer, hummers, humming, hummock, hummum, humor, humoral, humored, humorer, humors, humour, humours, hump, humped, humph, humphed, humphs, humpier, humping, humps, humpy, hums, humulin, humus, humuses, hun, hunch, hunched, hunches, hundred, hung, hungary, hunger, hungers, hungred, hungry, hunk, hunker, hunkers, hunks, hunky, hunnish, huns, hunt, hunte, hunted, hunter, hunters, hunting, huntley, hunts, hup, hurden, hurdle, hurdled, hurdler, hurdles, hurds, hurkaru, hurl, hurlbat, hurled, hurler, hurlers, hurling, hurls, hurly, huron, hurons, hurr, hurra, hurrah, hurrahs, hurray, hurrays, hurried, hurrier, hurries, hurry, hurst, hurt, hurter, hurters, hurtful, hurting, hurtle, hurtled, hurtles, hurts, husband, hush, hushaby, hushed, husher, hushes, hushful, hushing, husk, husked, husker, huskers, huskier, huskies, huskily, husking, husks, husky, huso, hussar, hussars, hussies, hussite, hussy, hustle, hustled, hustler, hustles, huswife, hut, hutch, hutched, hutches, hutment, huts, hutted, hutting, huxter, hwy, hy, hyacine, hyades, hyads, hyaena, hyaenas, hyaenic, hyalea, hyaline, hyalite, hyaloid, hybodus, hybrid, hybrids, hydage, hydatid, hyde, hydra, hydrae, hydrant, hydras, hydrate, hydria, hydriad, hydric, hydride, hydrina, hydro, hydroid, hydros, hydrous, hydroxy, hydrus, hye, hyemal, hyemate, hyen, hyena, hyenas, hyetal, hygeia, hygeian, hygeist, hygiene, hygrine, hying, hyke, hyksos, hylic, hylism, hylodes, hyloism, hyloist, hymar, hymen, hymenal, hymenia, hymens, hymn, hymnal, hymnals, hymnary, hymned, hymnic, hymning, hymnist, hymnody, hymns, hympne, hyne, hyoid, hyp, hype, hyped, hyper, hypes, hyphae, hyphen, hyphens, hyping, hypnic, hypnoid, hypnum, hypo, hypoed, hypogea, hypogyn, hypoing, hypos, hypoxia, hypoxic, hyppish, hypural, hyrax, hyraxes, hyrcan, hyrse, hyrst, hyson, hysons, hyssop, hyssops, hystrix, hythe