la, laager, laas, lab, labara, labarum, labefy, label, labeled, labeler, labella, labels, labent, labia, labial, labials, labiate, labile, labiose, labium, labiums, lablab, labor, labored, laborer, labors, labour, labours, labra, labras, labret, labri, labroid, labrose, labrum, labrums, labrus, labs, lac, laccic, laccin, lace, laced, laceier, laceman, lacemen, lacer, lacers, lacert, lacerta, lacerti, laces, lacey, lache, laches, lacier, laciest, lacily, lacing, lacings, lacinia, lack, lacked, lacker, lackers, lackey, lackeys, lacking, lacks, lacmus, laconic, lactage, lactam, lactant, lactary, lactate, lacteal, lactean, lactic, lactide, lactim, lactin, lactone, lactory, lactose, lactuca, lactyl, lacuna, lacunae, lacunal, lacunar, lacunas, lacune, lacwork, lacy, lad, ladanum, ladde, ladder, ladders, laddie, laddies, lade, laded, lademan, laden, ladened, ladens, lader, laders, lades, ladied, ladies, ladify, ladin, lading, ladings, ladino, ladinos, ladkin, ladle, ladled, ladler, ladlers, ladles, ladling, ladron, ladrone, ladrons, lads, lady, ladybug, ladyish, ladykin, laelaps, laft, lafte, lag, lagan, lagarto, lagena, lagenae, lagenas, lager, lagers, laggard, lagged, lagger, laggers, lagging, lagly, lagoon, lagoons, lags, laguay, laguna, lagunas, lagune, lahore, laic, laical, laid, laidly, lain, lainere, lair, laird, lairdly, lairds, laired, lairing, lairs, laism, lait, laities, laity, lakao, lake, laked, lakelet, laker, lakers, lakes, lakh, lakier, lakiest, lakin, laking, lakings, lakke, laky, lalo, lam, lama, lamaic, lamaism, lamaist, lamaite, lamas, lamb, lambale, lambast, lambda, lambdas, lambed, lambent, lamber, lambers, lambert, lambie, lambies, lambing, lambkin, lamboys, lambs, lame, lamed, lamedhs, lameds, lamel, lamella, lamely, lament, laments, lamer, lames, lamest, lametta, lamia, lamias, lamina, laminae, laminal, laminar, laminas, laming, lamish, lamm, lammas, lammed, lamming, lamp, lampad, lampas, lampate, lamped, lampern, lampers, lampic, lamping, lampoon, lamprel, lamprey, lampron, lamps, lams, lanai, lanais, lanary, lanate, lanated, lance, lanced, lancely, lancer, lancers, lances, lancet, lancets, lanch, lanched, lancing, land, landau, landaus, landed, lander, landers, landing, landman, landmen, lands, landsat, landtag, lane, lanes, lang, langaha, langate, langdak, langley, langrel, langret, langued, langues, languet, languid, languor, langur, langure, langya, laniard, laniary, laniate, lanier, lanioid, lank, lanker, lankest, lankier, lankily, lankly, lanky, lanner, lanolin, lanseh, lansing, lant, lantana, lantern, lanugo, lanyard, lanyer, laocoon, laos, laotian, lap, lapdog, lapdogs, lapel, lapels, lapful, lapfuls, lapides, lapilli, lapin, lapis, lapises, lapland, lapling, lapp, lapped, lapper, lappers, lappet, lappets, lappic, lapping, lappish, lapps, laps, lapse, lapsed, lapser, lapsers, lapses, lapsing, lapsus, laptop, laputan, lapwing, lapwork, lar, larceny, larch, larchen, larches, lard, larded, larder, larders, lardery, lardier, larding, lardon, lardoon, lardry, lards, lardy, lare, lares, large, largely, larger, larges, largess, largest, larget, largish, largo, largos, lariat, lariats, larine, lark, larked, larker, larkers, larkier, larking, larks, larky, larmier, laroid, larrup, larrups, larry, lars, larum, larums, larva, larvae, larval, larvas, larvate, larve, larves, lary, larynx, las, lasagna, lasagne, lascar, lascars, lased, laser, lasers, lases, lash, lashed, lasher, lashers, lashes, lashing, lashng, lasing, lask, lasket, lass, lasse, lasses, lassie, lassies, lasso, lassoed, lassoer, lassoes, lassos, last, lastage, laste, lasted, laster, lasters, lastery, lasting, lastly, lasts, lat, lata, latah, latakia, latch, latched, latches, latchet, late, lated, lateen, lateens, lately, laten, latence, latency, latened, latens, latent, latents, later, laterad, lateral, lateran, latered, lateres, lates, latest, latests, latex, latexes, lath, lathe, lathed, lather, lathers, lathery, lathes, lathier, lathing, laths, lathy, latian, latigo, latimer, latin, latinly, latino, latinos, latins, lation, latish, latitat, laton, latoun, latrant, latrate, latria, latrine, latten, latter, lattice, latvia, latvian, laud, laude, lauded, lauder, lauders, lauding, lauds, laugh, laughed, laugher, laughs, launce, launch, laund, launder, laundry, laura, lauras, laurate, laurel, laurels, laurer, lauric, laurin, lauriol, laurite, laurone, laurus, laus, lava, lavabo, lavage, lavages, lavaret, lavas, lavatic, lave, laved, laveer, laver, lavers, laves, lavic, laving, lavish, lavolt, lavolta, lavour, lavrock, law, lawbook, lawe, lawed, lawer, lawful, lawing, lawings, lawless, lawm, lawman, lawmen, lawn, lawnd, lawns, lawny, laws, lawsuit, lawyer, lawyers, lax, laxator, laxer, laxest, laxity, laxly, laxness, lay, layaway, layed, layer, layered, layers, layette, laying, layland, layman, laymen, layner, layoff, layoffs, layout, layouts, layover, lays, layship, lbs, lea, leach, leached, leacher, leaches, leachy, lead, leaded, leaden, leader, leaders, leadier, leading, leadman, leadmen, leadoff, leads, leady, leaf, leafage, leafcup, leafed, leafet, leafier, leafing, leaflet, leafs, leafy, league, leagued, leaguer, leagues, leak, leakage, leaked, leaker, leakers, leakier, leakily, leaking, leaks, leaky, leal, leam, leamer, lean, leaned, leaner, leanest, leaning, leanly, leans, leant, leany, leap, leaped, leaper, leapers, leapful, leaping, leaps, leapt, lear, learn, learned, learner, learns, learnt, leary, leas, lease, leased, leaser, leasers, leases, leash, leashed, leashes, leasing, leasow, least, leasts, leasy, leat, leather, leave, leaved, leaven, leavens, leaver, leavers, leaves, leavier, leaving, leavy, leban, lebanon, lebban, lecama, lech, leche, lecher, lechers, lechery, leches, lect, lectern, lectica, lection, lector, lectors, lectual, lecture, lecturn, led, ledden, leden, ledge, ledger, ledgers, ledges, ledgier, ledgy, lee, leech, leeched, leeches, leed, leede, leeds, leef, leek, leeks, leeme, leep, leer, leere, leered, leerier, leerily, leering, leers, leery, lees, leese, leet, leetman, leetmen, leeward, leeway, leeways, left, lefter, leftest, lefties, leftism, leftist, lefts, lefty, leful, leg, legacy, legal, legally, legals, legate, legated, legatee, legates, legato, legator, legatos, lege, legend, legends, leger, leges, legge, legged, leggier, leggin, legging, leggins, leggy, leghorn, legible, legibly, legific, legion, legions, legist, legists, legit, legitim, legits, legless, legman, legmen, legroom, legs, legume, legumen, legumes, legumin, legwork, lehayim, lei, leiger, leipoa, leis, leister, leisure, lek, leks, leman, lemans, leme, lemma, lemman, lemmas, lemmata, lemming, lemnian, lemon, lemons, lemony, lempira, lemur, lemures, lemuria, lemurid, lemurs, lena, lend, lender, lenders, lendes, lending, lends, lene, lenger, lengest, length, lengths, lengthy, lenient, lenify, lenin, lenity, leno, lens, lense, lensed, lenses, lent, lenten, lentic, lentigo, lentil, lentils, lentisk, lento, lentoid, lentor, lentos, lentous, leo, leod, leon, leonard, leonced, leone, leones, leonese, leonid, leonine, leopard, leos, leotard, lep, lepal, lepas, leper, lepered, lepers, lepid, lepisma, lepra, lepre, leprose, leprosy, leprous, lepry, lepton, leptons, leptus, lere, lered, lernaea, lernean, lerot, les, lesbian, lese, lesion, lesions, less, lessee, lessees, lessen, lessens, lesser, lesses, lesson, lessons, lessor, lessors, lest, lester, let, letch, letches, letchy, letdown, lete, leten, lethal, lethals, lethe, lethean, letheed, letheon, lethes, lethy, lets, lette, letted, letter, lettern, letters, lettic, letting, lettish, letts, lettuce, letuary, letup, letups, leu, leucic, leucin, leucite, leucoma, leucous, leuke, leukoma, lev, leva, levana, levant, levants, levator, leve, leveche, levee, leveed, levees, leveful, level, leveled, leveler, levelly, levels, leven, lever, levered, leveret, levers, levesel, levet, levi, levied, levier, leviers, levies, levin, leviner, levir, levis, levite, levity, levo, levulin, levy, levying, levyne, lew, lewd, lewder, lewdest, lewdly, lewis, lewises, lex, lexical, lexicon, ley, leys, leyser, lf, lh, li, liable, liage, liaise, liaised, liaises, liaison, liana, lianas, liane, lianes, liangle, liar, liard, liars, lias, liassic, lib, libant, libbard, libbed, libber, libbers, libbing, libel, libeled, libelee, libeler, libels, liber, liberal, liberia, libers, liberty, libido, libidos, libitum, libken, libkin, libra, librae, libral, library, libras, librate, libre, libris, libs, libya, libyan, libyans, lice, licence, license, lich, lichee, lichees, lichen, lichens, lichi, lichis, licht, licit, licitly, lick, licked, licker, lickers, lickety, licking, licks, licour, lictor, lictors, lid, lidar, lidded, lidding, lidge, lidless, lido, lidos, lids, lie, lied, lieder, lief, liefer, liefest, liefly, liege, lieger, lieges, lien, lienal, lienee, lienor, liens, lier, liers, lies, lieu, lieut, lieve, lif, life, lifeful, lifely, lifen, lifer, lifers, lifeway, liflode, lift, lifted, lifter, lifters, lifting, liftman, liftmen, liftoff, lifts, lig, ligan, ligate, ligated, ligates, ligator, lige, liger, ligge, ligger, light, lighte, lighted, lighten, lighter, lightly, lights, lighty, lignify, lignin, lignins, lignite, lignone, lignose, lignous, lignum, lignums, ligroin, ligsam, ligula, ligulae, ligulas, ligule, ligure, likable, like, liked, likely, liken, likened, likens, liker, likers, likes, likest, likin, liking, likings, lilac, lilacin, lilacs, lilial, lilied, lilies, lill, lilly, lilt, lilted, lilting, lilts, lily, lim, lima, liman, limas, limax, limb, limbat, limbate, limbec, limbeck, limbed, limber, limbers, limbic, limbier, limbing, limbo, limbos, limbous, limbs, limbus, limby, lime, limeade, limed, limens, limer, limes, limey, limeys, limier, limiest, liminal, liming, limit, limited, limiter, limits, limmer, limn, limned, limner, limners, limniad, limning, limns, limo, limoges, limonin, limos, limosis, limous, limp, limped, limper, limpers, limpest, limpet, limpets, limpid, limpin, limping, limpkin, limply, limps, limpsy, limsy, limu, limule, limuli, limulus, limy, lin, linable, linac, linacs, linage, linages, linch, linchi, lincoln, linctus, lind, linda, lindane, linden, lindens, lindia, lindies, lindy, line, lineage, lineal, linear, lineary, lineate, linecut, lined, lineman, linemen, linen, linener, linens, lineny, liner, liners, lines, lineup, lineups, liney, ling, linga, lingam, lingams, lingas, lingel, linger, lingers, linget, lingier, lingism, lingle, lingo, lingoes, lingot, lings, lingua, linguae, lingual, lingula, linier, liniest, lining, linings, link, linkage, linkboy, linked, linker, linkers, linking, linkman, linkmen, links, linkup, linkups, linky, linne, linnean, linnet, linnets, lino, linos, linoxin, lins, linsang, linseed, linsey, linseys, lint, lintel, lintels, linter, linters, lintie, lintier, lints, linty, linum, liny, lion, lionced, lioncel, lionel, lioness, lionet, lionise, lionism, lionly, lions, lip, lipans, lipase, lipic, lipid, lipids, lipinic, lipless, liplet, lipoma, lipped, lipper, lippers, lippier, lipping, lippy, lips, lipse, lipyl, lira, liras, lire, lirella, lisbon, lisle, lisles, lisne, lisp, lisped, lisper, lispers, lisping, lisps, liss, lissom, lissome, list, listed, listel, listen, listens, lister, listers, listful, listing, lists, lit, litany, litarge, litate, litchi, litchis, lite, liter, literal, liters, lites, lith, lithate, lithe, lithely, lither, lithest, lithia, lithias, lithic, lithium, litho, lithoid, lithos, lithy, litmus, litoral, litotes, litre, litres, lits, litten, litter, litters, littery, little, littler, littles, litui, lituite, liturgy, lituus, livable, live, lived, lively, liven, livened, livener, livens, liver, livered, livers, livery, lives, livest, livid, lividly, liviers, living, livings, livor, livre, livres, lixt, ll, llama, llamas, llanero, llano, llanos, lo, loach, loaches, load, loaded, loader, loaders, loading, loads, loaf, loafed, loafer, loafers, loafing, loafs, loam, loamed, loamier, loaming, loams, loamy, loan, loaned, loaner, loaners, loanin, loaning, loans, loath, loathe, loathed, loather, loathes, loathly, loathy, loaves, lob, lobar, lobate, lobated, lobbed, lobber, lobbers, lobbied, lobbies, lobbing, lobbish, lobby, lobbyer, lobcock, lobe, lobed, lobefin, lobelet, lobelia, lobelin, lobes, lobiped, lobo, lobos, lobosa, lobs, lobster, lobular, lobule, lobules, lobworm, loc, loca, local, locale, locales, locally, locals, locao, locate, located, locater, locates, locator, loch, lochage, lochan, loche, lochia, lochial, lochs, loci, lock, lockage, lockbox, locked, locken, locker, lockers, locket, lockets, locking, lockjaw, lockman, locknut, lockout, lockram, locks, lockup, lockups, locky, loco, locoed, locoes, locoing, locoism, locos, locular, locule, loculi, loculus, locus, locust, locusta, locusts, lodde, lode, loden, lodes, lodge, lodged, lodger, lodgers, lodges, lodging, loess, loesses, loffe, loft, lofted, lofter, lofters, loftier, loftily, lofting, lofts, lofty, log, logan, logans, logbook, logcock, loge, loges, loggan, loggat, logge, logged, logger, loggers, loggia, loggias, loggie, loggier, logging, loggy, logia, logic, logical, logics, logier, logiest, logily, logjam, logjams, logman, logmen, logo, logos, logroll, logs, logway, logways, logwood, logy, lohock, loimic, loin, loins, loir, loiter, loiters, lok, loke, loki, lokorys, loligo, loll, lollard, lolled, loller, lollers, lollies, lolling, lollop, lollops, lolls, lolly, loma, lomata, lombard, loment, lompish, lond, london, lone, lonely, loner, loners, long, longan, longbow, longe, longed, longer, longers, longes, longest, longing, longish, longly, longrun, longs, longue, longues, loo, loob, loobies, loobily, looby, looch, looed, loof, loofa, loofah, loofahs, loofas, loofs, looing, look, looked, looker, lookers, looking, lookout, looks, lookup, lookups, lool, loom, loomed, looming, looms, loon, looney, loonier, loonies, loons, loony, loop, looped, looper, loopers, loopie, loopier, looping, loops, loopy, loord, loos, loose, loosed, loosely, loosen, loosens, looser, looses, loosest, loosing, loosish, loot, looted, looter, looters, looting, loots, loover, lop, lope, loped, lopeman, loper, lopers, lopes, lophine, loping, loppard, lopped, lopper, loppers, loppier, lopping, loppy, lops, lopseed, loral, loran, lorans, lorate, lorcha, lord, lorded, lording, lordkin, lordly, lords, lore, loreal, lorel, loren, lores, loreto, lorette, loretto, lori, lorica, loricae, lories, lorimer, loriner, loring, loriot, loris, lorises, lorn, lorrie, lorries, lorry, lory, los, losable, losange, lose, losel, loser, losers, loses, losing, losings, loss, losses, lossful, lossy, lost, lot, lote, loth, lothly, lotion, lotions, loto, lotong, lotos, lots, lotted, lottery, lotting, lotto, lottos, loture, lotus, lotuses, loud, louden, loudens, louder, loudest, loudful, loudish, loudly, lough, louie, louies, louis, louise, louk, lounge, lounged, lounger, lounges, loungy, loup, loupe, louped, loupes, louping, loups, lour, louri, lours, loury, louse, loused, louses, lousier, lousily, lousing, lousy, lout, louted, louting, loutish, loutou, louts, louver, louvers, louvre, louvres, lovable, lovably, lovage, lovages, love, loved, lovee, loveful, lovely, lover, loverly, lovers, lovery, loves, loving, lovyer, low, lowbell, lowborn, lowboy, lowboys, lowbred, lowbrow, lowdown, lowed, lower, lowered, lowers, lowery, lowest, lowgh, lowh, lowing, lowings, lowish, lowk, lowland, lowlier, lowlife, lowlily, lowly, lown, lowness, lowry, lows, lox, loxes, loxing, loy, loyal, loyaler, loyally, loyalty, lpm, lr, lu, luau, luaus, lubbard, lubber, lubbers, lube, lubes, lubric, lucarne, luce, lucence, lucency, lucent, lucern, lucerne, luces, lucia, lucid, lucidly, lucifer, lucific, lucille, lucite, luck, lucked, luckie, luckier, luckies, luckily, lucking, lucks, lucky, lucre, lucres, luctual, lucule, lucuma, lucy, luddite, ludwig, lues, luff, luffa, luffed, luffer, luffing, luffs, lug, luge, luges, luggage, lugged, lugger, luggers, luggies, lugging, lugmark, lugs, lugsail, lugworm, luke, lull, lullaby, lulled, luller, lulling, lulls, lulu, lulus, lum, lumbago, lumbal, lumbar, lumbars, lumber, lumbers, lumbric, lumen, lumens, lumina, luminal, lumine, lummox, lump, lumped, lumpen, lumpens, lumper, lumpers, lumpier, lumpily, lumping, lumpish, lumps, lumpy, luna, lunacy, lunar, lunaria, lunars, lunary, lunas, lunate, lunated, lunatic, lunch, lunched, luncher, lunches, lune, lunes, lunet, lunets, lunette, lung, lunge, lunged, lungee, lunger, lungers, lunges, lungie, lunging, lungis, lungoor, lungs, lunier, lunies, luniest, lunk, lunker, lunkers, lunks, lunt, lunula, lunulae, lunular, lunule, lunulet, luny, lupin, lupine, lupines, lupinin, lupins, lupulin, lupus, lupuses, lurch, lurched, lurcher, lurches, lurdan, lure, lured, lurer, lurers, lures, lurg, lurid, luridly, luring, lurk, lurked, lurker, lurkers, lurking, lurks, lurry, lusern, lush, lushed, lusher, lushes, lushest, lushing, lushly, lusk, luskish, lusory, lust, lusted, luster, lusters, lustful, lustic, lustier, lustily, lusting, lustra, lustral, lustre, lustred, lustres, lustrum, lusts, lusty, lute, luteal, luted, luteic, lutein, luteous, luter, lutes, luteum, luth, luther, luthern, luting, lutings, lutist, lutists, lutose, luwack, lux, luxate, luxated, luxe, luxes, luxive, luxury, lyam, lycea, lycee, lycees, lyceum, lyceums, lyche, lychee, lychees, lychnis, lycine, lycopod, lyddite, lyden, lydian, lydine, lye, lyerman, lyes, lying, lyingly, lyings, lyken, lym, lymail, lymph, lymphs, lymphy, lyn, lyncean, lynch, lynched, lyncher, lynches, lynde, lynden, lyne, lynx, lynxes, lyra, lyraid, lyrate, lyrated, lyre, lyres, lyric, lyrical, lyrics, lyrid, lyrie, lyrism, lyrisms, lyrist, lyrists, lysed, lyses, lysin, lysine, lysing, lysins, lysis, lyssa, lythe, lytta, lyttae