ma, maa, maad, maalin, maasha, maat, mabble, mabby, mabolo, mac, macabre, macaco, macacus, macadam, macao, macauco, macaw, macaws, macco, mace, maced, macer, macers, maces, mach, macher, machete, machina, machine, macho, machos, machree, machs, macing, mack, mackle, macks, macle, macled, macrame, macro, macron, macrons, macros, macrura, macs, mactra, macula, maculae, macular, maculas, macule, mad, madam, madame, madames, madams, madcap, madcaps, madded, madden, maddens, madder, madders, maddest, madding, maddish, made, madefy, madeira, madge, madia, madid, madison, madjoun, madly, madman, madmen, madnep, madness, madonna, madras, madre, madres, madrid, madrier, madrina, madrone, mads, madwort, maenad, maenads, maestri, maestro, maffia, maffias, maffle, maffler, mafia, mafias, mafiosi, mafioso, mag, magbote, magdala, mage, magenta, mages, magged, maggie, maggot, maggots, maggoty, maghet, magi, magian, magic, magical, magics, magilp, magilph, magma, magmas, magnate, magnes, magnet, magneto, magnets, magnify, magnum, magnums, magot, magpie, magpies, mags, maguari, maguey, magueys, magus, magyar, magyars, maha, mahaled, maharif, mahatma, mahdi, mahdism, mahjong, mahoe, maholi, mahomet, mahone, mahonia, mahori, mahound, mahout, mahouts, mahovo, mahrati, maia, maian, maid, maidan, maiden, maidens, maidish, maids, maiger, maigre, maihem, maikel, maikong, mail, mailbag, mailbox, mailed, mailer, mailers, mailing, maillot, mailman, mailmen, mails, maim, maimed, maimer, maimers, maiming, maims, main, maine, mainly, mainor, mainpin, mains, maintop, maioid, maist, maister, maistre, maistry, maithes, maitre, maitres, majesty, major, majora, majorat, majored, majorem, majors, majoun, makable, makaron, make, maked, maker, makers, makes, makeup, makeups, maki, making, makings, mal, mala, malabar, malacca, malady, malaga, malaise, malambo, malamic, malar, malaria, malarky, malate, malawi, malax, malay, malaya, malayan, malays, male, maleate, malefic, maleic, maleo, males, malet, maleyl, malgre, mali, malic, malice, malices, malicho, malign, maligns, maline, malines, malison, malkin, mall, mallard, malleal, malled, mallee, mallei, mallet, mallets, malleus, malling, mallow, mallows, malls, malm, malma, malmag, malmsey, malodor, malonic, malonyl, malpais, malt, malta, maltase, malted, malteds, maltese, maltha, malthus, maltier, maltin, maltine, malting, maltman, maltmen, maltose, malts, malty, malum, mam, mama, mamas, mamba, mambas, mambo, mamboed, mamboes, mambos, mamelon, mameyes, mameys, mamie, mamies, mamma, mammae, mammal, mammals, mammary, mammas, mammate, mammee, mammer, mammet, mammey, mammeys, mammie, mammies, mammock, mammon, mammons, mammose, mammoth, mammy, man, manable, manace, manacle, manage, managed, manager, manages, manakin, manana, mananas, manas, manatee, manbird, manbote, manca, manche, manchet, manchu, manchus, mancus, mand, mandala, mandate, mander, mandil, mandioc, mandola, mandore, mandrel, mandril, mane, maned, manege, maneh, manes, manful, mangan, mange, mangels, manger, mangers, manges, mangey, mangier, mangily, mangle, mangled, mangler, mangles, mango, mangoes, mangos, mangue, mangy, manhead, manhole, manhood, manhunt, mania, maniac, maniacs, manias, manic, manics, manid, manie, manihoc, manihot, manikin, manila, manilas, manilio, manilla, manille, manioc, maniocs, maniple, manis, manito, manitou, manitu, mankind, manks, manless, manlier, manlike, manling, manly, manmade, manna, mannas, manned, manner, manners, mannide, manning, mannish, mannite, mano, manor, manors, manos, manpack, manred, manrent, manrope, mans, mansard, manse, manses, mansion, manta, mantas, manteau, mantel, mantels, mantes, mantic, mantid, mantids, mantis, mantle, mantled, mantles, mantlet, manto, mantra, mantrap, mantras, mantua, mantuan, mantuas, manu, manual, manuals, manuary, manul, manumit, manure, manured, manurer, manures, manus, manward, manway, manwise, manx, many, mao, maoism, maoist, maoists, maori, maoris, map, mapach, maple, maples, maplike, mapped, mapper, mappers, mappery, mapping, maps, mar, mara, marabou, maraca, maracan, maracas, marai, maranta, marathi, maraud, marauds, marble, marbled, marbler, marbles, marbly, marc, marcato, marcel, marcels, march, marched, marcher, marches, marchet, marcian, marcid, marconi, marcor, marcs, mardi, mare, mareis, marena, mares, margay, margays, marge, margent, marges, margin, margins, margosa, maria, marian, marie, mariet, marilyn, marimba, marina, marinas, marine, marined, mariner, marines, mariput, marish, marital, mark, marked, markee, marker, markers, market, markets, marking, markis, markka, markkaa, markman, marks, markup, markups, marl, marled, marlier, marlin, marline, marling, marlins, marlite, marlpit, marly, marmite, marmose, marmot, marmots, marone, maroon, maroons, marplot, marram, marred, marrer, marrers, married, marrier, marries, marring, marron, marrons, marroon, marrot, marrow, marrows, marrowy, marry, mars, marsala, marse, marses, marsh, marshal, marshes, marshs, marshy, mart, marted, martel, marten, martens, martern, martha, martial, martian, martin, marting, martini, martins, martite, martlet, marts, martyr, martyrs, martyry, marvel, marvels, marver, marx, marxian, marxism, marxist, mary, mas, mascara, mascle, mascled, mascon, mascons, mascot, mascots, mase, maselyn, maser, masers, mash, mashed, masher, mashers, mashes, mashie, mashies, mashing, mashlin, mashy, mask, masked, masker, maskers, maskery, masking, masks, maslach, maslin, mason, masoned, masonic, masonry, masons, masora, masoret, mass, massa, massage, massas, masse, massed, masser, masses, masseur, massier, massif, massifs, massing, massive, massora, massy, mast, mastaba, mastax, masted, master, masters, mastery, mastful, mastic, mastich, mastics, mastiff, masting, mastlin, mastoid, masts, masty, mat, mataco, matador, match, matched, matcher, matches, mate, mated, mater, materia, maters, mates, matey, mateys, math, mather, mathes, maths, matico, matie, matilda, matin, matinal, matinee, mating, matings, matins, matless, matrass, matress, matrice, matrix, matron, matrons, matross, mats, matt, matte, matted, matter, matters, mattery, mattes, matthew, matting, mattins, mattock, mattoid, mattoir, matts, mature, matured, maturer, matures, matweed, maty, maucaco, maud, maudle, maudlin, mauger, maugre, maukin, maul, maule, mauled, mauler, maulers, mauling, mauls, maumet, maunch, maund, maunder, maundy, maungy, maurist, maut, mauther, mauve, mauves, mauvine, maven, mavens, mavin, mavins, mavis, maw, mawk, mawkin, mawkish, mawks, mawky, mawmet, mawmish, maws, mawseed, mawworm, max, maxi, maxilla, maxim, maxima, maximal, maximin, maxims, maximum, maxis, maxixe, maxwell, may, maya, mayan, mayans, mayas, maybe, maybird, maybush, mayday, maydays, mayduke, mayest, mayfish, mayfly, mayhap, mayhem, mayhems, maying, mayings, mayo, mayor, mayoral, mayors, maypole, maypop, maypops, mays, mayst, mayvin, mayvins, mayweed, mb, mc, md, me, mea, meach, meacock, mead, meadow, meadows, meadowy, meads, meager, meagre, meak, meaking, meal, mealie, mealier, mealies, meals, mealy, mean, meander, meandry, meaner, meaners, meanest, meanie, meanies, meaning, meanly, means, meant, meany, mear, meas, mease, measle, measled, measles, measly, measure, meat, meatal, meated, meath, meathe, meatier, meatily, meats, meatus, meaty, meaw, meawl, mebles, mecate, mecca, meccas, mech, mechlin, meconic, meconin, mecum, mecums, medal, medaled, medalet, medals, meddle, meddled, meddler, meddles, mede, medevac, media, mediacy, mediae, medial, medials, median, medians, mediant, medias, mediate, medic, medical, medicks, medico, medicos, medics, mediety, medii, medino, medium, mediums, medius, medlar, medlars, medle, medley, medleys, medly, medoc, medrick, medulla, medusa, medusae, medusan, medusas, meech, meed, meedful, meeds, meek, meeken, meeker, meekest, meekly, meer, meerkat, meet, meeten, meeter, meeters, meeth, meeting, meetly, meets, meg, mega, megabar, megabit, megapod, megaric, megass, megasse, megaton, megerg, megilp, megilph, megohm, megohms, megrim, mein, meine, meint, meinte, meiny, meioses, meiosis, meiotic, mekong, melada, melado, melaena, melain, melam, melange, melanic, melanin, melasma, melba, meld, melded, melder, melders, melding, melds, melee, melees, melena, melene, meletin, melic, melilot, melisma, melissa, mell, mellate, mellay, mellic, melligo, mellite, mellone, mellow, mellows, mellowy, melluco, melne, melodic, melody, meloe, melon, melons, melrose, melt, meltage, melted, melter, melters, melting, melton, meltons, melts, member, members, membral, memento, meminna, memnon, memo, memoir, memoirs, memoria, memory, memos, memphis, men, menace, menaced, menacer, menaces, menads, menage, menages, menaia, menaion, menald, mend, mended, mendel, mender, menders, mending, mendole, mends, menfolk, menge, menhir, menhirs, menial, menials, menild, meninx, menisci, meniver, menorah, menow, mens, mensal, mensas, mensch, mense, mensed, menses, mensing, ment, mental, mente, mentha, menthe, menthol, menthyl, mention, mentis, mentor, mentors, mentum, menu, menus, menuse, meow, meowed, meowing, meows, mer, mercat, merce, mercer, mercers, mercery, merchet, merci, mercies, mercify, mercury, mercy, merd, mere, merely, merer, meres, merest, merge, merged, merger, mergers, merges, merging, meride, merils, merino, merinos, merit, merited, meritot, merits, merk, merke, merkin, merl, merle, merlin, merling, merlins, merlon, merlons, merluce, mermaid, merman, mermen, mero, meros, merou, merrier, merrily, merry, mersion, merus, mesa, mesad, mesal, mesally, mesas, mescal, mescals, meseems, mesel, meselry, mesh, meshed, meshes, meshier, meshing, meshy, mesiad, mesial, mesityl, meslin, mesne, mesole, meson, mesonic, mesons, mess, message, messed, messes, messet, messiad, messiah, messias, messier, messily, messing, messman, messmen, messrs, messy, mest, mestee, mester, mestino, met, meta, metage, metal, metalaw, metaled, metals, metamer, metate, metayer, mete, meted, metely, meteor, meteors, meter, metered, meters, metes, meth, methal, methane, methene, methide, method, methods, methol, methyl, methyls, metic, metier, metiers, metif, meting, metis, metisse, metive, metoche, metol, metonic, metonym, metope, metopic, metre, metred, metres, metric, metrics, metrify, metring, metrist, metro, metros, mette, mettle, mettled, mettles, meum, meute, meve, mew, mewed, mewing, mewl, mewled, mewler, mewlers, mewling, mewls, mews, mexal, mexical, mexican, mexico, mf, mfd, mfg, mg, mho, mhorr, mi, miami, miamis, miaou, miaoued, miaous, miaow, miaowed, miaows, mias, miasm, miasma, miasmal, miasmas, miasmic, miasms, miaul, miauled, mibs, mica, micas, mice, micella, mich, michael, miche, micher, michery, miching, mick, mickey, mickeys, mickle, micks, micmacs, mico, micro, microbe, microhm, micron, microns, micros, mid, mida, midair, midairs, midas, midbody, midday, middays, midden, middens, middest, middies, midding, middle, middled, middler, middles, middy, mideast, midgard, midge, midges, midget, midgets, midgut, midguts, midi, midiron, midis, midland, midleg, midlegs, midline, midmain, midmost, midrash, midrib, midribs, midriff, mids, midship, midst, midsts, midterm, midtown, midward, midway, midways, midweek, midwest, midwife, midwive, midyear, mien, miens, miff, miffed, miffing, miffs, miffy, mig, miggs, might, mights, mighty, mignon, mignons, migo, migrant, migrate, migs, mikado, mikados, mike, mikes, mikmaks, mikrons, mikvah, mikveh, mil, miladis, milady, milage, milages, milan, milch, mild, milden, mildens, milder, mildest, mildew, mildews, mildewy, mildly, mildred, mile, mileage, milen, miler, milers, miles, milfoil, miliary, milice, milieu, milieus, milieux, miliola, militar, militia, milk, milked, milken, milker, milkers, milkful, milkier, milkily, milking, milkman, milkmen, milks, milksop, milky, mill, millage, milldam, mille, milled, miller, millers, milles, millet, millets, millier, milling, million, millrea, millree, millrun, mills, milord, milords, milos, milreis, mils, milt, milter, milton, milvine, milvus, mime, mimed, mimeo, mimeoed, mimeos, mimer, mimers, mimes, mimesis, mimetic, mimic, mimical, mimicry, mimics, miming, mimosa, mimosas, min, mina, minable, minae, minaret, minas, minaul, mince, minced, mincer, mincers, minces, mincier, mincing, mincy, mind, minded, minder, minders, mindful, minding, minds, mine, mined, miner, mineral, miners, minerva, mines, minette, minever, ming, minge, minging, mingle, mingled, mingler, mingles, mingy, mini, miniard, miniate, minibus, minicab, minicar, minify, minikin, minim, minima, minimal, minimax, minimi, minims, minimum, minimus, mining, minings, minion, minions, minious, minis, minish, minium, miniver, minivet, mink, minks, minnie, minnow, minnows, minny, minor, minora, minorat, minorca, minored, minors, minos, minow, mins, minster, mint, mintage, minted, minter, minters, mintier, minting, mintman, mintmen, mints, minty, minuend, minuet, minuets, minum, minus, minuses, minute, minuted, minuter, minutes, minutia, minx, minxes, minxish, miny, minyan, minyans, miocene, miosis, miotic, mir, mira, mirable, miracle, mirador, mirage, mirages, mirbane, mire, mired, mires, miriam, mirier, miriest, mirific, miring, mirk, mirkest, mirkier, mirkily, mirks, mirky, mirror, mirrors, mirth, mirths, mirv, mirvs, miry, mis, misact, misadd, misaim, misbear, misbede, misbode, misborn, misc, miscall, miscast, mischna, miscite, miscopy, miscue, miscued, miscues, miscut, misdate, misdeal, misdeed, misdeem, misdid, misdiet, misdo, misdoer, misdoes, misdone, mise, misease, miseasy, miser, miserly, misers, misery, misfall, misfare, misfell, misfile, misfire, misfit, misfits, misform, misgave, misget, misgie, misgive, misgye, mishap, mishaps, mishcup, mishear, mishna, mishnic, misjoin, miskeep, misken, miskin, misknow, mislaid, mislain, mislay, mislays, misle, mislead, misled, mislies, mislike, mislin, misling, mislive, misluck, misly, mismark, mismate, misname, miso, misos, mispay, mispell, mispend, misplay, misrate, misread, misrule, misruly, miss, missa, missae, missaid, missal, missals, missay, missed, misseek, misseem, missel, missend, misses, misset, missies, missile, missing, mission, missis, missish, missit, missive, missort, misstep, missus, missy, mist, mistake, mistbow, misted, mistell, mister, misterm, misters, mistery, mistful, mistic, mistico, mistide, mistier, mistily, mistime, misting, mistion, mistle, mistold, mistook, mistral, mistrow, mists, mistune, mistura, misturn, misty, mistype, misuse, misused, misuser, misuses, misway, miswear, miswed, misween, miswend, misword, misy, misyoke, mite, miter, mitered, miterer, miters, mites, mithic, mithras, mitier, mitiest, miting, mitome, mitoses, mitosis, mitotic, mitral, mitre, mitred, mitres, mitring, mitt, mitten, mittens, mittent, mitts, mitty, mitu, mity, mix, mixable, mixed, mixedly, mixen, mixer, mixers, mixes, mixing, mixt, mixtion, mixtly, mixture, mixup, mixups, mkt, mktg, mn, mnemic, mo, moa, moabite, moan, moaned, moanful, moaning, moans, moas, moat, moate, moated, moating, moats, mob, mobbed, mobber, mobbers, mobbing, mobbish, mobcap, mobcaps, mobil, mobile, mobiles, mobilia, moble, mobles, mobs, mobster, mocha, mochas, moche, mochel, mochila, mock, mockado, mockage, mocked, mocker, mockers, mockery, mocking, mockish, mockle, mocks, mockup, mockups, moco, mod, modal, modally, mode, model, model's, modeled, modeler, models, modem, modems, modena, moder, modern, moderns, modes, modest, modesty, modi, modicum, modify, modii, modioli, modish, modist, modiste, modius, modo, modocs, mods, modula, modular, module, modules, moduli, modulo, modulus, modus, mody, moe, moebles, moellon, moeve, moff, mog, moggan, mogged, mogging, mogul, moguls, moha, mohair, mohairs, mohawk, mohawks, moho, mohock, moholi, mohr, mohur, moi, moider, moidore, moiety, moil, moile, moiled, moiler, moilers, moiling, moils, moineau, moira, moire, moireed, moires, moist, moisten, moister, moistly, moisty, moither, mojarra, moke, moky, mola, molar, molars, molary, molasse, mold, molded, molder, molders, moldery, moldier, molding, molds, moldy, mole, molebut, molech, moled, moles, molest, molests, molesty, moliere, molies, moline, moling, moll, mollah, molle, mollie, mollies, mollify, molls, mollusc, mollusk, molly, moloch, molochs, molosse, molt, molted, molten, molter, molters, molting, molto, molts, moly, mom, mome, moment, momenta, momento, moments, momier, momism, momisms, momma, mommas, mommery, mommies, mommy, momot, moms, momus, mon, mona, monacid, monaco, monad, monadal, monadic, monads, monal, monarch, monas, monday, mondays, monde, mondo, mondos, mone, moner, monera, moneral, moneran, moneron, monesia, monesin, monest, moneth, money, moneyed, moneyer, moneys, monger, mongers, mongol, mongols, mongoos, mongrel, mongst, monied, monies, moniker, monish, monism, monisms, monist, monists, monitor, monk, monkery, monkey, monkeys, monking, monkish, monkly, monks, mono, monocle, monocot, monodic, monody, monogam, monogyn, monolog, monome, monomer, monomya, monos, monroe, mons, monsoon, monster, mont, montage, montana, montane, montant, monte, montem, montero, montes, monteth, month, month's, monthly, months, montoir, monton, montre, montrue, mony, moo, mooch, mooched, moocher, mooches, mood, mooder, moodier, moodily, moodir, moodish, moods, moody, mooed, mooing, moola, moolah, moolahs, moolas, moollah, moolley, moon, moonbow, mooned, mooner, moonery, moonet, moong, moonie, moonier, moonily, mooning, moonish, moonlet, moonlit, moons, moonset, moony, moor, moorage, moore, moored, mooress, moorier, mooring, moorish, moorpan, moors, mooruk, moory, moos, moose, moot, moote, mooted, mooter, mooters, mooting, mootman, mootmen, moots, mop, mope, moped, mopeder, mopeds, mopeful, moper, mopers, mopes, mopey, mopier, mopiest, moping, mopish, moplah, mopped, mopper, moppers, moppet, moppets, mopping, mops, mopsey, mopsy, mopus, mopy, mora, moraine, moral, morale, moraler, morales, morally, morals, morass, morassy, morate, moray, morays, morbid, morbose, morceau, mordant, mordent, more, moreen, morel, morelle, morello, morels, morendo, mores, moresk, morgan, morgay, morgens, morglay, morgue, morgues, moria, morian, moric, morice, moril, morin, morinda, morinel, moringa, morion, morisco, morisk, morkin, morland, morling, mormal, mormo, mormon, mormons, morn, morne, morning, morns, moro, morocco, moron, morone, morones, moronic, morons, moros, morose, morosis, morph, morphew, morphia, morphic, morphin, morpho, morphon, morphos, morphs, morpion, morrice, morris, morro, morrot, morrow, morrows, morse, morsel, morsels, morsure, mort, mortal, mortals, mortar, mortars, mortary, mortem, mortice, mortify, mortis, mortise, mortmal, mortpay, mortrew, morula, morulae, morus, morwe, mos, mosaic, mosaics, mosaism, moscow, mosel, moselle, moses, mosey, moseyed, moseys, mosk, mosks, moslem, moslems, moss, mossed, mosser, mossers, mosses, mossier, mossing, mossy, most, moste, mostic, mostick, mostly, mostra, mosts, mot, motacil, mote, moted, motel, motels, motes, motet, motets, motey, moth, mothen, mother, mothers, mothery, mothier, moths, mothy, motif, motific, motifs, motile, motiles, motion, motions, motive, motived, motives, motivic, motivo, motley, motleys, motlier, motmot, moto, moton, motor, motored, motoric, motors, motory, mots, motte, mottle, mottled, mottler, mottles, motto, mottoed, mottoes, mottos, motty, moue, moues, mouflon, mought, mouille, moujik, mould, moulded, moulder, moulds, mouldy, moule, moulin, mouline, moulins, moult, moulted, moulten, moulter, moults, moun, mounch, mound, mounded, mounds, mount, mounted, mounter, mountie, mounts, mounty, mourn, mourne, mourned, mourner, mourns, mouse, moused, mouser, mousers, mouses, mousey, mousie, mousier, mousily, mousing, mousle, mousse, mousses, mousy, moutan, mouth, mouthed, mouther, mouths, mouthy, mouton, movable, movably, move, moved, movent, mover, movers, moves, movie, movies, moving, mow, mowburn, mowe, mowed, mowen, mower, mowers, mowing, mown, mows, mowyer, moxa, moxas, moxie, moxies, moya, moyle, mpg, mph, mr, ms, msec, msg, mss, mucate, muce, mucedin, much, muchel, muches, muchkin, mucic, mucid, mucific, mucigen, mucin, muck, mucked, mucker, muckers, muckier, muckily, mucking, muckle, muckles, mucks, mucksy, mucky, mucoid, muconic, mucor, mucous, mucro, mucus, mucuses, mucusin, mud, mudar, mudarin, mudcap, mudcaps, mudded, mudder, mudders, muddied, muddier, muddies, muddily, mudding, muddle, muddled, muddler, muddles, muddy, mudfish, mudhole, mudir, mudlark, mudra, mudras, muds, mudsill, mudwall, mudwort, mue, muff, muffed, muffin, muffing, muffins, muffish, muffle, muffled, muffler, muffles, muffs, muflon, mufti, muftis, mug, muggar, muggard, mugged, mugger, muggers, mugget, muggier, muggily, mugging, muggins, muggish, muggs, muggur, muggy, mugient, mugil, mugs, mugweed, mugwort, mugwump, mujik, mukluk, mukluks, mulada, mulatto, mulch, mulched, mulches, mulct, mulcted, mulcts, mule, muled, mules, muley, muleys, mulier, muling, mulish, mull, mulla, mullah, mullahs, mullar, mulled, mullein, mullen, mullens, muller, mullers, mullet, mullets, mulley, mulling, mulliod, mullion, mullock, mulls, mulmul, mulse, multi, multo, multum, multure, mum, mumble, mumbled, mumbler, mumbles, mumbo, mumm, mummed, mummer, mummers, mummery, mummied, mummies, mummify, mumming, mumms, mummy, mump, mumped, mumper, mumping, mumpish, mumps, mums, mun, munch, munched, muncher, munches, munchy, mund, mundane, mundic, mundify, mundil, mung, munga, mungo, mungoos, mungrel, munich, munific, munify, munite, munity, munjeet, munnion, munster, muntin, munting, muntjac, muon, muonic, muons, muraena, murage, mural, murals, murder, murders, mure, mured, mures, murex, murexan, murexes, muriate, murices, muride, murine, murines, muring, murk, murker, murkest, murkier, murkily, murkly, murks, murky, murlins, murmur, murmurs, murphy, murr, murrain, murre, murrey, murrion, murry, murth, murther, mus, musa, musae, musal, musang, musar, musard, musca, muscae, muscat, muscats, musci, muscid, muscle, muscled, muscles, muscly, muscoid, muscule, muse, mused, museful, muser, musers, muses, muset, musette, museum, museums, mush, mushed, musher, mushers, mushes, mushier, mushily, mushing, mushy, music, musical, musics, musimon, musing, musings, musit, musk, muskat, muskeg, muskegs, musket, musketo, muskets, muskie, muskier, muskies, muskily, muskits, muskrat, musks, musky, muslim, muslims, muslin, muslins, musmon, musrol, musrole, muss, mussed, mussel, mussels, musses, mussier, mussily, mussing, mussite, mussy, must, mustac, mustang, mustard, musted, mustee, muster, musters, mustier, mustily, musting, musts, musty, mutable, mutably, mutage, mutagen, mutanda, mutant, mutants, mutate, mutated, mutates, mutator, mutch, mute, muted, mutedly, mutely, muter, mutes, mutest, mutic, mutine, muting, mutiny, mutism, mutt, mutter, mutters, mutton, muttons, muttony, mutts, mutual, mutuals, mutuary, mutuel, mutuels, mutule, muumuu, muumuus, mux, muxy, mw, my, mya, myalgia, myaria, mycetes, mycose, mydaus, myelin, myeloid, myeloma, myelon, mygale, myips, mykiss, mylar, mylodon, myna, mynah, mynahs, mynas, mynchen, mynheer, myogram, myoid, myolin, myology, myoma, myope, myopes, myophan, myopia, myopias, myopic, myopsis, myopy, myosin, myosis, myotic, myotome, myotomy, myrcia, myriad, myriads, myriare, myrica, myricin, myricyl, myronic, myrosin, myrrh, myrrhic, myrrhs, myrtle, myrtles, myself, mysis, mystery, mystic, mystics, mystify, myth, mythe, mythic, mythos, myths, mytilus, myxa, myxine, myxoma, myxopod