oad, oaf, oafish, oafs, oak, oaken, oaker, oakland, oakling, oaks, oakum, oakums, oaky, oar, oared, oarfish, oarfoot, oaring, oarless, oarlock, oars, oarsman, oarsmen, oary, oases, oasis, oast, oasts, oat, oatcake, oaten, oater, oaters, oath, oaths, oatmeal, oats, ob, obbe, obconic, obduce, obduct, obdure, obdured, obeah, obeahs, obeli, obelion, obelisk, obelus, oberon, obese, obesely, obesity, obey, obeyed, obeyer, obeyers, obeying, obeys, obfirm, obi, obiism, obis, obit, obiter, obits, obitual, object, objects, oblata, oblate, oblates, oblati, oblatum, oblige, obliged, obligee, obliger, obliges, obligor, oblite, oblong, oblonga, oblongs, oboe, oboes, oboist, oboists, obol, obolary, obole, oboli, obolo, obols, obolus, oboval, obovate, obovoid, obrok, obscene, obscura, obscure, observe, obsess, obsign, obtain, obtains, obtend, obtest, obtrude, obtund, obtuse, obtuser, obverse, obvert, obverts, obviate, obvious, oby, oca, ocarina, occamy, occiput, occlude, occluse, occult, occults, occupy, occur, occurs, occurse, ocean, oceanic, oceanid, oceans, oceanus, ocelli, ocellus, oceloid, ocelot, ocelots, ocher, ochered, ochers, ochery, ochimy, ochre, ochrea, ochred, ochres, ochrey, ochring, ochroid, ochrous, ochry, ochymy, ocra, ocrea, ocreate, octad, octads, octagon, octal, octane, octanes, octant, octants, octapla, octaval, octave, octaves, octavo, octavos, octene, octet, octets, octette, octic, octile, octoate, october, octofid, octoic, octopi, octopod, octopus, octoyl, octroi, octuor, octuple, octuply, octyl, octylic, octyls, ocular, oculars, oculary, oculate, oculi, oculina, oculist, oculus, ocurred, od, odal, odalisk, odalman, odd, oddball, odder, oddest, oddish, oddity, oddly, oddment, oddness, odds, ode, odelet, odeon, odeons, odes, odessa, odeum, odfend, odible, odic, odin, odinic, odinism, odious, odist, odium, odiums, odmyl, odonata, odor, odorant, odorate, odored, odorful, odorous, odors, odour, odours, ods, odyl, odyle, odylic, odyssey, oe, oecoid, oedema, oedipal, oedipus, oeiliad, oelet, oenomel, oersted, oes, oestrus, oeuvre, oeuvres, of, ofay, ofays, off, offal, offals, offbeat, offcast, offcut, offed, offence, offend, offends, offense, offer, offered, offeree, offerer, offeror, offers, offhand, office, officer, offices, officio, offing, offings, offish, offlet, offload, offpay, offs, offscum, offset, offsets, offside, offskip, offtake, oft, often, oftener, ofter, oftest, ogam, ogdoad, ogee, ogees, ogham, oghamic, ogive, ogle, ogled, ogler, oglers, ogles, ogling, oglio, ogre, ogreish, ogreism, ogres, ogress, ogrish, ogrism, ogygian, oh, ohed, ohing, ohio, ohioan, ohioans, ohm, ohmage, ohmages, ohmic, ohms, oho, ohs, oidium, oil, oilbird, oilcan, oilcans, oilcup, oilcups, oiled, oiler, oilers, oilery, oilhole, oilier, oiliest, oilily, oiling, oillet, oilman, oilmen, oilnut, oils, oilseed, oilskin, oilway, oily, oink, oinked, oinking, oinks, oint, ointed, ointing, ojibwa, ojibwas, ojo, ok, okapi, okapis, okay, okayed, okaying, okays, oke, okenite, oker, okie, okinawa, okra, okras, olay, old, olden, older, oldest, oldie, oldies, oldish, oldness, olds, oldster, ole, olea, oleamen, oleate, olefine, oleic, olein, olent, oleo, oleone, oleos, oleose, oleous, oles, oleums, olf, oliban, olibene, olid, olidous, olifant, oligist, olio, olios, olitory, oliva, olivary, olive, olived, oliver, olives, olivia, olivil, olivin, olivine, olivite, olla, ollas, ologies, ologist, ology, olpe, olympia, olympic, olympus, om, omagra, omaha, omahas, omasum, omber, ombre, ombres, omega, omegas, omegoid, omelet, omelets, omen, omened, omening, omens, omenta, omental, omentum, omer, omicron, omikron, ominate, ominous, omit, omits, omitted, omitter, ommatea, omnibus, omniety, omnific, omnify, omnium, omphali, oms, omy, on, onager, onagers, onagga, onagri, onanism, onanist, onappo, onboard, once, onces, oncost, onde, one, onefold, oneida, oneidas, onely, onement, oneness, onerary, onerate, onerous, onery, ones, oneself, onethe, onetime, ongoing, onguent, onion, onions, onloft, only, onology, onrush, onset, onsets, onshore, onside, onstage, onstead, ontario, onto, onus, onuses, onward, onwards, ony, onycha, onychia, onyx, onyxes, oo, oocyte, oodles, ooecia, ooecium, oogonia, ooh, oohed, oohing, oohs, ooidal, ook, oolite, oolith, oolitic, oology, oolong, oolongs, oomiac, oomiak, oomph, oomphs, oon, oones, oop, oopack, oopak, oophore, oophyte, oops, oorial, oospere, oosperm, oospore, ootheca, ootooid, ootype, opacate, opacify, opacity, opacous, opah, opake, opal, opaline, opals, ope, opec, opelet, open, opened, opener, openers, openest, opening, openly, opens, opera, operand, operant, operas, operate, opercle, operose, operous, opes, opetide, ophelic, ophidia, ophism, ophite, ophiura, ophryon, opianic, opianyl, opiate, opiated, opiates, opie, opifice, opine, opined, opiner, opiners, opines, opining, opinion, opium, opiums, opossum, opp, oppidan, opplete, oppone, opposal, oppose, opposed, opposer, opposes, oppress, oppugn, oppugns, ops, opt, optable, optate, opted, optic, optical, optics, optima, optimal, optime, optimum, opting, option, options, opts, opulent, opuntia, opus, opuscle, opuses, opye, or, ora, orach, orache, oracle, oracled, oracles, oraison, oral, orality, orally, oralogy, orals, orang, orange, oranges, orangey, orangs, orangy, orarian, orate, orated, orates, orating, oration, orator, orators, oratory, oratrix, orb, orbate, orbed, orbic, orbical, orbicle, orbing, orbit, orbital, orbitar, orbited, orbiter, orbits, orbity, orbs, orby, orc, orca, orcas, orcein, orch, orchal, orchard, orchel, orchid, orchids, orchil, orchis, orcin, orcs, ord, ordain, ordains, ordal, ordeal, ordeals, order, ordered, orderer, orderly, orders, ordinal, ordo, ordos, ordure, ordures, ore, oread, oreades, orectic, oregano, oregon, oreide, oreodon, ores, oreweed, orewood, orf, orfe, orfgild, orfray, orfrays, orgal, organ, organa, organdy, organic, organon, organs, organum, organy, orgasm, orgasms, orgeat, orgeats, orgeis, orgiac, orgic, orgies, orgue, orgy, orgyia, oriel, oriels, oriency, orient, orients, orifice, orig, origami, origan, origin, origins, orillon, oriol, oriole, orioles, orion, orison, orisons, orisont, ork, orle, orleans, orlo, orlon, orlop, ormer, ormolu, ormolus, orn, ornate, ornery, orogeny, oroide, orology, orotund, orphan, orphans, orphean, orpheus, orphic, orphrey, orpin, orpine, orpines, orrach, orrery, orris, orrises, ors, orsedew, orsedue, ort, orth, orthid, orthis, orthite, ortho, ortive, ortolan, orts, ortygan, orval, orvet, orwell, oryal, oryall, oryx, oryxes, os, osage, osages, osaka, osanne, osar, oscan, oscar, oscars, oscine, oscines, oscula, oscular, oscule, oscules, osculum, osier, osiered, osiers, osiery, osiris, oslo, osmanli, osmate, osmic, osmious, osmite, osmium, osmiums, osmose, osmosed, osmoses, osmosis, osmotic, osmund, ospray, osprey, ospreys, oss, ossa, osse, ossea, ossean, ossein, osselet, osseous, osseter, ossia, ossicle, ossific, ossify, ossuary, ost, osteal, ostein, osteler, ostend, ostent, osteoid, osteoma, ostia, ostiary, ostic, ostiole, ostitis, ostium, ostler, ostlers, ostlery, ostmark, ostmen, ostomy, ostosis, ostrea, ostrich, oswego, otalgia, otalgic, otalgy, otaries, otary, other, others, othman, otic, otiose, otis, otitis, otocyst, otolite, otolith, otology, ottar, ottawa, ottawas, otter, otters, otto, ottoman, ouakari, ouarine, ouch, ouches, oughne, ought, oughted, oughts, oui, ouija, oul, ounce, ounces, ounded, ounding, oundy, ouphe, ouphen, our, ourang, ourangs, ourebi, ouretic, ours, ourself, ouse, ousel, ousels, oust, ousted, ouster, ousters, ousting, ousts, out, outact, outage, outages, outback, outbade, outbar, outbeg, outbid, outbids, outborn, outbow, outbox, outbrag, outbray, outbud, outburn, outcant, outcast, outcept, outcome, outcrop, outcry, outdare, outdate, outdid, outdo, outdoer, outdoes, outdone, outdoor, outdraw, outdrew, outdure, outed, outer, outerly, outers, outface, outfall, outfawn, outfeat, outfit, outfits, outflew, outflow, outfly, outfool, outfoot, outform, outfox, outgas, outgate, outgive, outgo, outgoer, outgoes, outgone, outgrew, outgrow, outgun, outguns, outgush, outhaul, outher, outhess, outhire, outhit, outhits, outing, outings, outjest, outjet, outjuts, outland, outlast, outlaw, outlaws, outlay, outlays, outleap, outlet, outlets, outlie, outlier, outlies, outlimb, outline, outlive, outlook, outlope, outmode, outmost, outname, outness, outpace, outpart, outpass, outpeer, outplay, outport, outpost, outpour, outpray, output, outputs, outrace, outrage, outran, outrank, outray, outraye, outre, outrede, outride, outring, outrive, outroad, outroar, outrode, outroom, outroot, outrun, outruns, outrush, outs, outsail, outsee, outsell, outset, outsets, outshut, outside, outsing, outsit, outsoar, outsold, outsole, outspan, outspin, outstay, outstep, outswam, outswim, outswum, outtake, outtalk, outtell, outterm, outtoil, outtop, outvie, outvote, outwait, outwalk, outwall, outward, outway, outwear, outweed, outweep, outwell, outwent, outwin, outwind, outwing, outwit, outwits, outwoe, outwore, outwork, outworn, outyell, ova, oval, ovality, ovally, ovals, ovant, ovaria, ovarial, ovarian, ovaries, ovarium, ovary, ovate, ovated, ovately, ovation, oven, ovens, over, overact, overage, overall, overarm, overate, overawe, overbid, overbow, overbuy, overdid, overdo, overdry, overdue, overdye, overeat, overed, overest, overeye, overfed, overfly, overget, overgo, overhip, overjoy, overlap, overlay, overlie, overlip, overly, overman, overmen, overmix, overpay, overply, overran, overred, overrid, overrun, overs, oversaw, oversay, oversea, oversee, overset, oversow, oversum, overt, overtax, overtly, overtop, overuse, overwar, overwax, overwet, overwit, ovicell, ovicyst, ovid, ovidian, oviduct, oviform, ovile, ovine, ovines, ovipara, ovisac, ovism, ovist, ovoid, ovoidal, ovoids, ovolo, ovology, ovula, ovular, ovulary, ovulate, ovule, ovules, ovulist, ovulite, ovulum, ovum, ovums, ow, owch, owe, owed, owel, owelty, owen, owenite, owes, owher, owing, owl, owled, owler, owlery, owlet, owlets, owling, owlish, owlism, owllike, owls, own, ownable, owned, owner, owners, owning, owns, owre, owse, owser, ox, oxacid, oxalan, oxalate, oxalic, oxaline, oxalis, oxalite, oxalyl, oxamate, oxamic, oxamide, oxbane, oxbird, oxbiter, oxblood, oxbow, oxbows, oxcart, oxcarts, oxen, oxes, oxeye, oxeyed, oxeyes, oxfly, oxford, oxfords, oxgall, oxgang, oxgoad, oxhead, oxheal, oxheart, oxhide, oxid, oxidant, oxidate, oxide, oxides, oxidic, oxidise, oxime, oxindol, oxiodic, oxlike, oxlip, oxlips, oxonate, oxonian, oxonic, oxshoe, oxtail, oxtails, oxter, oxters, oxy, oxyacid, oxygen, oxygens, oxygon, oxymel, oxyntic, oxyopia, oxyopy, oxysalt, oxytone, oyer, oyers, oyes, oylet, oynoun, oyster, oysters