pa, paage, paard, paas, pablum, pabular, pabulum, pac, paca, pacable, pacane, pacate, pacated, pace, paced, pacer, pacers, paces, pacfier, pacha, pachak, pachisi, pacific, pacify, pacing, pack, package, packed, packer, packers, packet, packets, packing, packman, packmen, packs, packwax, packway, paco, pacos, pacs, pact, pacta, paction, pacts, pacu, pad, padar, padded, padder, paddies, padding, paddle, paddled, paddler, paddles, paddock, paddy, padella, padesoy, padge, padlock, padnag, padow, padre, padres, padri, padrone, padroni, pads, padshah, paean, paeans, paella, paellas, paeon, paeons, paeony, pagan, paganic, paganly, pagans, page, pageant, pageboy, paged, pagers, pages, pagina, paginae, paginal, paging, pagod, pagoda, pagodas, paguma, pah, pahi, pahlevi, pahutes, paid, paien, paigle, paijama, pail, pailful, paillon, pails, pain, paine, pained, painful, painim, paining, pains, paint, painted, painter, paints, painty, pair, paired, pairer, pairing, pairs, pais, paisan, paisano, paisans, paise, paisley, pajama, pajamas, pajock, pakfong, pal, palace, palaced, palaces, paladin, palama, palamme, palanka, palatal, palate, palates, palatic, palaver, pale, palea, paleae, paled, palely, paleola, paleous, paler, pales, palesie, palest, palesy, palet, paletot, palets, palette, palfrey, pali, palier, paling, palings, palish, palissy, palkee, pall, palla, pallah, pallas, palled, pallet, pallets, pallia, pallial, pallid, pallier, palling, pallium, pallone, pallor, pallors, palls, pally, palm, palmar, palmary, palmate, palmed, palmer, palmers, palmic, palmier, palmin, palming, palmist, palmite, palms, palmy, palmyra, palo, palola, palolo, palooka, palp, palpal, palpate, palped, palpi, palps, palpus, pals, palsied, palsies, palster, palsy, palter, palters, paltock, paltry, paludal, palule, paluli, palulus, palus, paly, pam, pament, pampa, pampano, pampas, pampean, pamper, pampero, pampers, pampre, pan, panacea, panache, panada, panade, panama, panamas, panary, pancake, pance, panch, pancy, panda, pandar, pandas, pandean, pandect, pander, panders, pandit, pandits, pandoor, pandora, pandore, pandour, pane, paned, panel, paneled, panels, panes, panful, panfuls, pang, panga, panged, pangful, panging, pangs, panic, panical, panicky, panicle, panics, panicum, panier, panim, pannade, pannage, pannary, panne, panned, pannel, pannier, panning, pannose, pannus, panocha, panoply, panpipe, pans, panshon, pansied, pansies, pansy, pant, panted, panter, panther, pantie, panties, pantile, panting, pantler, panton, pantry, pants, panty, panurgy, panyard, panym, paolo, pap, papa, papacy, papagay, papain, papains, papal, papally, papalty, papas, papaver, papaw, papaws, papaya, papayan, papayas, papboat, pape, papejay, paper, papered, paperer, papers, papery, papess, paphian, papier, papilio, papilla, papion, papism, papist, papists, papoose, pappies, pappose, pappous, pappus, pappy, paprica, paprika, paps, papua, papuan, papuans, papuars, papula, papulae, papular, papule, papules, papyral, papyri, papyrus, par, para, parable, parade, paraded, parader, parades, parados, paradox, parage, paragon, parail, param, paramo, paramos, parapet, paraph, paras, parasol, parboil, parcae, parcase, parcel, parcels, parch, parched, parches, parcity, pard, pardale, parde, pardie, pardine, pardner, pardo, pardon, pardons, pare, pared, parella, parelle, parent, parents, parer, parergy, parers, pares, paresis, paretic, pareve, parfait, parfay, parfit, parforn, parget, pariah, pariahs, parial, parian, paries, paring, parings, paris, parises, parish, paritor, parity, park, parka, parkas, parked, parkee, parker, parkers, parking, parks, parkway, parlay, parlays, parle, parley, parleys, parlor, parlors, parlour, parlous, parodic, parody, paroket, parol, parole, paroled, parolee, paroler, paroles, parols, paronym, parotic, parotid, parr, parral, parred, parrel, parried, parries, parring, parrock, parrot, parrots, parroty, parry, pars, parse, parsec, parsecs, parsed, parsee, parser, parsers, parses, parsing, parsley, parsnip, parson, parsons, part, partage, partake, partan, parte, parted, parter, parti, partial, partied, parties, parting, partita, partite, partlet, partly, partner, partook, parts, parture, partway, party, parure, parusia, parve, parvenu, parvis, parvise, parvity, pas, pasan, pascal, pasch, pascha, paschal, paseng, paseo, paseos, pash, pasha, pashas, pashaw, pashes, pask, paso, paspy, pass, passade, passado, passage, passant, passe, passed, passee, passel, passels, passer, passers, passes, passim, passing, passion, passive, passkey, passman, passmen, passus, passway, past, pasta, pastas, paste, pasted, pastel, pastels, paster, pastern, pasters, pastes, pasteur, pastier, pasties, pastil, pastils, pastime, pastina, pasting, pastor, pastors, pastry, pasts, pasture, pasty, pat, pataca, patache, patagia, patamar, patas, patch, patched, patcher, patches, patchy, pate, pated, patee, patela, patella, paten, patena, patency, patens, patent, patents, pater, patera, paterae, paters, pates, patesi, path, pathed, pathic, pathing, pathos, paths, pathway, patible, patient, patin, patina, patinas, patine, patio, patios, patly, patness, patois, patolli, patonce, patrial, patrick, patriot, patrist, patrol, patrole, patrols, patron, patrons, patroon, pats, patsies, patsy, patte, patted, pattee, patten, patter, pattern, patters, pattie, patties, patting, patty, pau, paucity, paugie, paugies, paugy, paul, paulian, paulin, pauline, paulist, paum, paunce, paunch, paunchy, paune, pauper, paupers, pause, paused, pauser, pausers, pauses, pausing, pauxi, pavage, pavan, pavane, pavanes, pavans, pave, paved, paven, paver, pavers, paves, pavese, pavesse, paviage, pavian, pavid, pavier, paviin, pavin, paving, pavings, pavior, pavise, pavisor, pavlov, pavo, pavon, pavone, paw, pawed, pawer, pawers, pawing, pawk, pawky, pawl, pawls, pawn, pawned, pawnee, pawnees, pawner, pawners, pawning, pawnor, pawns, pawpaw, pawpaws, paws, pax, paxes, paxilli, paxwax, pay, payable, payably, payback, payday, paydays, payed, payee, payees, payen, payer, payers, paying, payload, payment, payn, paynim, paynims, payoff, payoffs, payola, payolas, payor, payors, payout, payroll, pays, payse, paytine, pbx, pc, pct, pea, peabird, peace, peaced, peaces, peach, peached, peacher, peaches, peachy, peacing, peacoat, peacock, peafowl, peag, peage, peagrit, peahen, peahens, peak, peaked, peakier, peaking, peakish, peaks, peaky, peal, pealed, pealing, peals, pean, peanism, peanut, peanuts, pear, pearch, pearl, pearled, pearler, pearls, pearly, pears, peart, pearter, peartly, peas, peasant, peascod, pease, peasen, peases, peat, peatier, peats, peaty, peavey, peaveys, peavies, peavy, peba, pebble, pebbled, pebbles, pebbly, pebrine, pecan, pecans, pecary, peccant, peccary, peccavi, pecco, peck, pecked, pecker, peckers, peckier, pecking, peckish, peckled, pecks, pecky, pecora, pectate, pecten, pectic, pectin, pectins, pectora, pectose, pectous, pectus, pecul, ped, pedage, pedagog, pedal, pedaled, pedals, pedant, pedants, pedanty, pedary, pedata, pedate, peddlar, peddle, peddled, peddler, peddles, pedes, pedesis, pedial, pedicab, pedicel, pedicle, pedlar, pedler, pedrail, pedro, pedros, peds, pee, peece, peechi, peed, peeing, peek, peeked, peeking, peeks, peel, peele, peeled, peeler, peelers, peeling, peels, peen, peened, peenge, peening, peens, peep, peeped, peeper, peepers, peeping, peeps, peer, peerage, peerdom, peered, peeress, peerie, peering, peers, peert, peery, pees, peeve, peeved, peeves, peeving, peevish, peevit, peewee, peewees, peewit, peewits, peg, pegador, pegasus, pegbox, pegged, pegger, pegging, peggy, pegless, pegm, pegs, pehlevi, pein, peins, peiping, peise, peitrel, pekan, pekans, peke, pekes, pekin, peking, pekins, pekoe, pekoes, pela, pelage, pelagic, pelecan, pelf, pelfish, pelfray, pelfry, pelfs, pelican, pelick, peliom, pelioma, pelisse, pell, pellack, pellage, pellet, pellets, pellile, pelma, pelmata, peloria, peloric, pelorus, pelota, pelt, pelta, peltae, peltate, pelted, pelter, pelters, pelting, peltry, pelts, peludo, pelure, pelves, pelvic, pelvics, pelvis, pen, penal, penally, penalty, penance, penang, penary, penates, penaunt, pence, pencel, pencil, pencils, pend, pendant, pended, pendent, pendice, pending, pends, pendule, penes, penfish, penfold, penguin, penible, penicil, penile, penis, penises, penk, penlite, penman, penmen, penna, pennach, pennae, pennage, penname, pennant, pennate, penned, penner, penners, penney, pennies, penning, pennon, pennons, penny, penock, penrack, pens, pense, pensees, pensel, pensile, pension, pensive, pent, pentad, pentads, pentail, pentane, pentene, pentice, pentile, pentine, pentoic, pentone, pentose, pentyl, penuche, penult, penults, penury, peon, peonage, peones, peonies, peonism, peons, peony, people, peopled, peopler, peoples, peorias, pep, peplis, peplum, peplus, pepo, pepped, pepper, peppers, peppery, peppier, peppily, pepping, peppy, peps, pepsi, pepsin, pepsine, pepsins, peptic, peptics, peptide, peptids, peptone, per, peract, perbend, perca, percale, percase, perce, percely, percent, percept, perch, perched, percher, perches, percoid, percuss, perdie, perdix, perdu, perdue, perdues, perdure, perdus, perdy, pere, peregal, perel, perempt, peres, perfect, perfidy, perfit, perfix, perform, perfume, perfuse, pergola, pergolo, perhaps, peri, periapt, peridia, peridot, perigee, peril, periled, perilla, perils, perinea, period, periods, peris, perish, perisse, perite, periwig, perjure, perjury, perk, perked, perkier, perkily, perkin, perking, perkish, perks, perky, perlid, perlite, perlous, perm, permian, permiss, permit, permits, permix, perms, permute, pern, pernel, pernio, pernor, perogue, perpend, perplex, perrie, perrier, perron, perry, pers, persalt, persant, perseid, perseus, persia, persian, persic, persico, persis, persism, persist, person, persona, persons, pert, pertain, perter, pertest, pertly, perturb, pertuse, peru, peruke, perukes, perula, perulae, perule, perusal, peruse, perused, peruser, peruses, pervade, pervert, pervial, pervis, pery, pes, pesade, pesage, pesane, pese, peseta, pesetas, peshito, peskier, peskily, pesky, peso, pesos, pessary, pessuli, pest, pester, pesters, pestful, pestle, pestled, pestles, pests, pet, petal, petala, petaled, petals, petalum, petar, petard, petards, petasus, petcock, peter, petered, peterel, peters, petiole, petit, petite, petites, petitor, petits, petong, petrary, petre, petrean, petrel, petrels, petri, petrify, petrine, petro, petrol, petrols, petrous, pets, petted, petter, petters, pettier, pettily, petting, pettish, petto, petty, petune, petuned, petunia, petunse, peucil, peugeot, pew, pewee, pewees, pewet, pewit, pewits, pews, pewter, pewters, pewtery, pexity, peyote, peyotes, peyotl, peyotyl, peytrel, pf, pfennig, phacoid, phacops, phaeton, phage, phages, phalanx, phalli, phallic, phallus, phanar, phane, phantom, pharaoh, pharaon, phare, pharm, pharo, pharos, pharynx, phase, phaseal, phased, phasel, phaser, phasers, phases, phasic, phasing, phasis, phasm, phasma, phasmid, phebe, pheer, pheese, phene, phenic, phenix, phenol, phenols, phenose, phenyl, pheon, phew, phi, phial, phialed, phials, philip, philol, philos, philter, philtre, phlegm, phlegms, phlegmy, phleme, phleum, phloem, phlorol, phlox, phloxes, phobia, phobias, phobic, phoca, phocal, phocine, phoebe, phoebes, phoebus, phoenix, pholad, pholas, phonal, phone, phoned, phoneme, phones, phoney, phoneys, phonic, phonics, phonier, phonies, phonily, phoning, phono, phonons, phonos, phons, phony, phooey, phorone, photic, photics, photism, photo, photoed, photog, photogs, photon, photons, photos, phrasal, phrase, phrased, phrases, phratry, phren, phrenic, phrensy, phthor, phycite, phyla, phylae, phyle, phylon, phylum, phyma, phymata, phys, physa, physic, physics, physis, phytoid, phyton, phytons, pi, piacaba, piacle, pial, pian, pianet, pianic, pianino, pianist, piano, pianos, piapec, piarist, piaster, piastre, piation, piatti, pibcorn, pibroch, pic, pica, picador, picamar, picard, picaro, picaros, picas, picasso, piccage, piccolo, pice, picea, picene, piceous, pichey, pici, picine, pick, pickax, pickaxe, picke, picked, pickeer, picker, pickers, pickery, picket, pickets, pickier, picking, pickle, pickled, pickler, pickles, picks, picksy, pickup, pickups, picky, picnic, picnics, picoid, picot, picotee, picots, picra, picrate, picric, picrite, picryl, pics, pictish, picts, pictura, picture, picul, piculet, picus, piddle, piddled, piddler, piddles, piddock, pidgin, pidgins, pie, piebald, piece, pieced, piecely, piecer, piecers, pieces, piecing, pied, pieing, pieman, piemen, piend, pieno, pier, pierage, pierce, pierced, piercel, piercer, pierces, pierian, pierid, pierre, pierrot, piers, pies, piet, pieta, pietas, pieties, pietism, pietist, piety, piewipe, piffara, piffero, piffle, piffled, piffles, pig, pigeon, pigeons, pigfish, pigfoot, pigg, pigged, piggery, piggie, piggier, piggies, piggin, pigging, piggins, piggish, piggy, pight, pightel, piglet, piglets, pigmean, pigment, pigmies, pigmy, pignet, pignora, pignus, pignut, pignuts, pigpen, pigpens, pigs, pigskin, pigsney, pigsty, pigtail, pigweed, pika, pike, piked, pikelet, pikelin, pikeman, pikemen, piker, pikers, pikes, piking, pilaf, pilaff, pilaffs, pilafs, pilage, pilar, pilate, pilau, pilch, pilcher, pilcrow, pildia, pile, pileate, piled, pilei, pilenta, pileous, piler, piles, pileup, pileups, pileus, pilfer, pilfers, pilfery, pilgrim, piling, pilings, pill, pillage, pillar, pillars, pillau, pillbox, pilled, piller, pillery, pilling, pillion, pillory, pillow, pillows, pillowy, pills, pilon, pilonce, pilose, pilot, piloted, pilotry, pilots, pilour, pilous, pilpul, pilser, pilsner, pilular, pilwe, pily, pima, pimaric, pimas, pimelic, piment, pimenta, pimento, pimlico, pimola, pimp, pimped, pimping, pimple, pimpled, pimples, pimply, pimps, pin, pina, pinaces, pinata, pinatas, pinax, pinball, pincer, pincers, pinch, pinched, pinchem, pincher, pinches, pindal, pindar, pinder, pine, pineal, pined, pinery, pines, pinesap, pinetum, piney, pinfish, pinfold, ping, pinged, pinger, pingers, pinging, pingle, pings, pinguid, pinhead, pinhold, pinhole, pinic, pinier, piniest, pining, pinion, pinions, pinite, pink, pinked, pinker, pinkest, pinkeye, pinkie, pinkies, pinking, pinkish, pinkly, pinko, pinkoes, pinkos, pinks, pinky, pinna, pinnace, pinnae, pinnage, pinnal, pinnas, pinnate, pinned, pinner, pinners, pinnet, pinning, pinnock, pinnula, pinnule, pinocle, pinole, pinoles, pinon, pinones, pinons, pins, pint, pinta, pintado, pintail, pintas, pintle, pinto, pintoes, pintos, pints, pinule, pinup, pinups, pinus, pinweed, pinworm, pinxit, pinxter, piny, pinyon, pinyons, pion, pioned, pioneer, pioner, pionic, pions, piony, piosity, piot, pious, piously, pip, pipa, pipage, pipas, pipe, piped, pipeful, piper, piperic, pipers, pipes, pipet, pipets, pipette, pipier, piping, pipings, pipit, pipits, pipkin, pipkins, pipped, pippin, pipping, pippins, pipra, pipras, piprine, pips, pipy, piracy, piragua, pirai, pirana, piranas, piranha, pirate, pirated, pirates, piratic, piraya, pirie, pirl, pirn, pirog, piroghi, pirogi, pirogue, pirojki, pirrie, pirry, pisa, pisay, piscary, pisces, piscina, piscine, pise, pish, pished, pishes, pishing, pishu, pismire, piss, pissant, pissed, pisses, pissing, pissoir, pist, piste, pistel, pistic, pistil, pistils, pistol, pistole, pistols, piston, pistons, pit, pita, pitapat, pitas, pitch, pitched, pitcher, pitches, pitchy, piteous, pitfall, pith, pitheci, pithed, pithful, pithier, pithily, pithing, piths, pithy, pitied, pitier, pitiers, pities, pitiful, pitman, pitmen, piton, pitons, pitpan, pitpat, pits, pitsaw, pitta, pitted, pitter, pitting, pituite, pity, pitying, piu, pius, pivot, pivotal, pivoted, pivots, pix, pixel, pixels, pixes, pixie, pixies, pixy, pixyish, pkg, pkwy, pl, placard, placate, place, placebo, placed, placer, placers, places, placet, placid, placing, placit, placita, plack, placket, placks, placoid, plaga, plagae, plagal, plagate, plage, plages, plagium, plagose, plague, plagued, plaguer, plagues, plaguey, plaguy, plaice, plaid, plaided, plaids, plain, plained, plainer, plainly, plains, plaint, plaints, plaise, plait, plaited, plaiter, plaits, plan, planar, planary, planch, plane, planed, planer, planers, planes, planet, planets, planing, planish, plank, planked, planks, planned, planner, plans, plant, plantal, plantar, planted, planter, plants, planula, planxty, plash, plashed, plasher, plashes, plashet, plashy, plasm, plasma, plasmas, plasmic, plasmid, plasmin, plasmon, plasms, plasson, plaster, plastic, plastid, plastin, plat, platan, plate, plateau, plated, platel, platen, platens, plater, platers, plates, platier, platies, platin, platina, plating, platly, plato, platoon, plats, platt, platted, platten, platter, platy, platypi, platys, plaud, plaudit, play, playa, playact, playas, playboy, playday, played, player, players, playful, playing, playlet, playoff, playpen, plays, playte, plea, pleach, plead, pleaded, pleader, pleads, pleas, please, pleased, pleaser, pleases, pleat, pleated, pleater, pleats, plebe, plebes, plebian, plebs, plectra, pled, pledge, pledged, pledgee, pledger, pledges, pledget, pledgor, pleiad, plein, plena, plenal, plenary, plene, plenish, plenist, plenty, plenum, plenums, pleopod, plerome, plesh, plete, plethra, pleura, pleurae, pleural, pleuras, pleuric, pleuron, plevin, plexure, plexus, pley, pleyt, pliable, pliably, pliancy, pliant, plica, plicate, plied, plier, pliers, plies, pliform, plight, plights, plim, plink, plinked, plinker, plinks, plinth, plinths, plisse, plitt, ploc, ploce, plod, plodded, plodder, plods, plonge, plongee, plonk, plonked, plonks, plop, plopped, plops, plosive, plot, plotful, plots, plotted, plotter, plough, ploughs, plouter, plover, plovers, plow, plowboy, plowed, plower, plowers, plowing, plowman, plowmen, plows, ploy, ployed, ploying, ploys, pluck, plucked, plucker, plucks, plucky, pluff, plug, plugged, plugger, plugs, plum, pluma, plumae, plumage, plumb, plumbed, plumber, plumbic, plumbs, plumbum, plumcot, plume, plumed, plumery, plumes, plumier, pluming, plummet, plummy, plumose, plumous, plump, plumped, plumper, plumply, plumps, plumpy, plums, plumula, plumule, plumy, plunder, plunge, plunged, plunger, plunges, plunk, plunked, plunker, plunket, plunks, plural, plurals, pluries, plurisy, plus, pluses, plush, plusher, plushes, plushly, plushy, plusses, pluteal, plutei, pluteus, pluto, pluton, plutons, plutus, pluvial, pluvian, ply, plyer, plyers, plyght, plying, plywood, pm, pneuma, pneumas, pnyx, po, poa, poach, poached, poacher, poaches, poachy, poak, poake, pocan, pochard, pock, pocked, pocket, pockets, pockier, pockily, pocking, pocks, pocky, poco, pocock, pocoson, pod, podagra, podded, podder, podding, podesta, podetia, podge, podgier, podgily, podgy, podia, podical, podium, podiums, podley, podrida, pods, podura, podurae, poduras, podurid, poe, poebird, poecile, poem, poems, poenamu, poesies, poesy, poet, poetess, poetic, poetics, poetise, poetry, poets, poggy, pogrom, pogroms, pogy, poh, pohagen, poi, poicile, poilu, poilus, poind, poinder, point, pointal, pointe, pointed, pointel, pointer, pointes, points, pointy, poise, poised, poiser, poisers, poises, poising, poison, poisons, poisure, poitrel, pokal, poke, pokebag, poked, poker, pokers, pokes, poket, pokey, pokeys, pokier, pokies, pokiest, pokily, poking, poky, pol, polacca, polack, polacre, poland, polar, polaric, polaris, polars, polary, polder, polders, poldway, pole, poleax, poleaxe, polecat, poled, polemic, polemy, polenta, poler, polers, poles, polewig, poley, police, policed, polices, policy, poling, polio, polios, polis, polish, polit, polite, politer, politic, polity, polive, polk, polka, polkaed, polkas, poll, pollack, pollage, pollan, pollard, pollax, polled, pollee, pollees, pollen, pollens, poller, pollers, pollex, polling, pollist, pollock, polloi, polls, pollute, pollux, polly, polo, poloist, polony, polron, pols, polt, poluria, polwig, poly, polygon, polygyn, polymer, polynia, polyp, polype, polypi, polypod, polyps, polypus, polys, polyve, pomace, pomade, pomaded, pomades, pomatum, pome, pomel, pomelo, pomely, pomes, pomey, pomeys, pomfret, pommage, pomme, pommel, pommels, pomona, pomp, pompano, pompeii, pompet, pompion, pompire, pompom, pompoms, pompon, pompons, pomposo, pompous, pomps, ponce, ponces, poncho, ponchos, pond, ponder, ponders, ponds, pone, ponent, pones, pong, pongee, pongees, ponghee, pongid, pongo, poniard, ponied, ponies, pons, pontage, pontee, pontes, pontiac, pontic, pontiff, pontil, pontile, pontine, pontius, ponton, pontons, pontoon, ponty, pony, ponying, pooch, pooches, pood, poodle, poodles, pooh, poohed, poohing, poohs, pookoo, pool, pooled, pooler, pooling, pools, poon, poonac, poop, pooped, pooping, poops, poopsie, poor, poorbox, poorer, poorest, poorish, poorly, pop, popcorn, pope, popedom, popery, popes, popet, popeye, popeyed, popgun, popguns, popish, poplar, poplars, poplexy, poplin, poplins, popover, poppa, poppas, popped, popper, poppers, poppet, poppets, poppied, poppies, popping, popple, poppy, pops, popular, populi, populin, porcate, porch, porches, porcine, pore, pored, porer, pores, porgies, porgy, porime, poring, porism, porite, porites, pork, porker, porkers, porket, porkier, porkies, porkpie, porks, porky, porn, porno, pornos, porns, porose, porotic, porous, porpita, porpus, porrect, porret, port, porta, portace, portae, portage, portal, portals, portass, portate, porte, ported, portend, portent, porter, porters, portico, porting, portion, portise, portly, portman, portmen, portoir, portos, portray, ports, pory, pose, posed, poser, posers, poses, poseur, poseurs, poseuse, posh, posher, poshest, poshly, posied, posies, posing, posit, posited, posits, posnet, poss, posse, posses, possess, posset, possets, possum, possums, post, postact, postage, postal, postals, postbag, postbox, postboy, postea, posted, postel, poster, postern, postero, posters, postfix, postic, postil, posting, postman, postmen, posts, posture, postwar, posy, pot, potable, potage, potager, potages, potagro, potale, potance, potargo, potash, potassa, potato, potator, potboy, potboys, potch, potcher, poteen, poteens, potelot, potence, potency, potent, potful, potfuls, potgun, pothead, potheen, pother, potherb, pothole, pothook, potiche, potion, potions, potlach, potlid, potluck, potman, potmen, potomac, potoo, potoroo, potpie, potpies, pots, potshot, potsie, potsies, potsy, pott, pottage, pottain, potted, potteen, potter, pottern, potters, pottery, pottier, potties, potting, pottle, potto, potty, pouch, pouched, pouches, pouchy, poudre, pouf, poufed, pouff, pouffe, pouffed, pouffes, pouffs, poufs, poulard, poulder, poulp, poulpe, poult, poulter, poultry, poults, pounce, pounced, pouncer, pounces, pound, poundal, pounded, pounder, pounds, poup, pour, poured, pourer, pourers, pouring, pours, pousse, pout, pouted, pouter, pouters, poutier, pouting, pouts, pouty, povert, poverty, pow, powan, powder, powders, powdery, powdike, powdry, powen, power, powered, powers, powp, powpow, pows, powter, powwow, powwows, pox, poxed, poxes, poxing, poy, poynado, poynd, poynder, poyntel, poyou, pp, ppd, praam, practic, prad, praecox, praetor, prague, prairie, praise, praised, praiser, praises, prakrit, praline, pram, prame, prams, prana, prance, pranced, prancer, prances, prangos, prank, pranked, pranker, pranks, praos, prase, prasoid, prat, prate, prated, prater, praters, prates, pratic, prating, prats, prattle, praus, pravity, prawn, prawned, prawner, prawns, praxes, praxis, pray, prayed, prayer, prayers, praying, prays, pre, preace, preach, preachy, preact, preamp, preamps, prearm, prearms, prease, prebend, prebill, preboil, precant, precast, precede, precel, precent, precept, precess, precipe, precis, precise, precoce, precook, precox, precut, predal, predate, predawn, prede, predial, predict, predoom, predy, preedy, preef, preemie, preempt, preen, preened, preener, preens, prees, prefab, prefabs, preface, prefect, prefer, prefers, prefine, prefix, preform, pregage, pregame, preheat, prehend, prelacy, prelal, prelate, prelaty, prelect, prelim, prelims, prelook, prelude, premed, premeds, premial, premie, premier, premies, premise, premiss, premit, premium, premix, prename, prender, prenote, preoral, prep, prepack, prepaid, prepare, prepay, prepays, preplan, prepose, prepped, preppie, preps, prepuce, pres, presage, presell, present, preset, presets, preshow, preside, presift, presley, presoak, presold, press, pressed, presser, presses, pressly, pressor, prest, prester, presto, prestos, presume, preteen, pretend, pretest, pretex, pretext, pretor, pretors, pretty, prevail, preve, prevene, prevent, preview, previse, prevue, prevued, prevues, prewar, prewarm, prewarn, prewash, prexies, prexy, prey, preyed, preyer, preyers, preyful, preying, preys, prial, prian, priapic, price, priced, pricer, pricers, prices, pricey, pricier, pricing, prick, pricked, pricker, pricket, prickle, prickly, pricks, pricky, pricy, pride, prided, prides, pridian, priding, prie, pried, prief, prier, priers, pries, priest, priests, prieve, prig, prigged, prighte, prigs, prill, prim, prima, primacy, primage, primal, primary, primas, primate, prime, primed, primely, primer, primero, primers, primes, primine, priming, primity, primly, primmed, primmer, primo, primos, primp, primped, primps, prims, primula, primus, primy, prince, princes, princox, prink, prinked, prinker, prinks, print, printed, printer, prints, prior, priori, priorly, priors, priory, pris, prisage, prise, prised, priser, prises, prism, prisms, prismy, prison, prisons, priss, prisses, prissy, pritch, prithee, privacy, privado, private, privet, privets, privier, privies, privily, privity, privy, prix, pro, proa, proach, proant, proas, probacy, probal, probang, probate, probe, probed, prober, probers, probes, probing, probity, problem, proc, proceed, procere, process, procris, proctor, procure, procyon, prod, prodd, prodded, prodder, prodigy, prods, produce, product, proem, proems, prof, proface, profane, profert, profess, proffer, profile, profit, profits, profs, profuse, prog, progeny, progged, progne, program, progs, progue, proheme, proin, proitor, project, projet, proke, prolata, prolate, prole, proleg, proles, prolix, proll, prolled, proller, prolog, prologs, prolong, prom, promise, promont, promote, promove, prompt, prompts, proms, promt, pron, pronaos, pronate, prone, pronely, prong, pronged, prongs, pronity, pronota, pronoun, pronto, proof, proofed, proofer, proofs, prootic, prop, propane, proped, propel, propels, propend, propene, proper, propers, prophet, propice, propine, propjet, propleg, propman, propmen, propone, propose, propped, props, propugn, propyl, propyla, prorate, prore, pros, prosaic, prosal, prose, prosed, proser, prosers, proses, prosier, prosily, prosing, prosit, prosody, prosoma, prosper, prosy, protea, protean, proteas, protect, protege, proteid, protein, protend, protest, proteus, protist, proton, protons, protyle, proud, prouder, proudly, provand, provant, prove, provect, proved, proven, provend, provent, prover, proverb, provers, proves, provide, provine, proving, proviso, provoke, provost, prow, prowar, prowess, prowl, prowled, prowler, prowls, prows, prox, proxene, proxies, proxima, proxime, proximo, proxy, prs, pruce, prude, prudent, prudery, prudes, prudish, prune, pruned, pruner, pruners, prunes, pruning, prunus, prurigo, prussia, prussic, pry, pryan, pryer, pryers, prying, prytany, prythee, psalm, psalmed, psalmic, psalms, psalter, psaltry, pschent, pseud, pseudo, psf, pshaw, pshawed, pshaws, psi, psoas, psora, psoric, psst, psych, psychal, psyche, psyched, psyches, psychic, psycho, psychol, psychos, psychs, psylla, psyllae, pteron, pteryla, ptisan, ptolemy, ptomain, ptosis, pts, ptyalin, ptyxis, pub, pubble, puberal, puberty, pubes, pubic, pubis, public, publics, publish, pubs, puccini, puccoon, puce, pucel, pucelle, puceron, puces, puck, pucka, pucker, puckers, puckery, puckish, pucks, pucras, pud, pudder, pudding, puddle, puddled, puddler, puddles, puddly, puddock, pudency, pudenda, pudgier, pudgily, pudgy, pudic, pudical, puds, pudu, pue, pueblo, pueblos, pued, puer, puerco, puerile, puerto, puet, puff, puffed, puffer, puffers, puffery, puffier, puffily, puffin, puffing, puffins, puffs, puffy, pug, pugged, pugger, pugging, puggish, puggree, puggry, puggy, pugh, pugil, pugs, puh, puing, puisne, puisny, puit, puke, puked, puker, pukes, puking, pukka, pulas, pule, puled, puler, pulers, pules, pulex, puling, pulings, pulkha, pull, pullail, pulled, pullen, puller, pullers, pullet, pullets, pulley, pulleys, pulli, pulling, pullman, pullout, pulls, pullus, pulp, pulped, pulper, pulpers, pulpier, pulpily, pulping, pulpit, pulpits, pulpous, pulps, pulpy, pulsar, pulsars, pulsate, pulse, pulsed, pulser, pulsers, pulses, pulsing, pulsion, pulsive, pult, pultise, pulu, pulvil, puma, pumas, pume, pumice, pumiced, pumicer, pumices, pummace, pummel, pummels, pump, pumpage, pumped, pumper, pumpers, pumpet, pumping, pumpion, pumpkin, pumps, pumy, pun, puna, punch, punched, puncher, punches, punchin, punchy, puncto, punctum, pundit, pundits, pundle, punese, pung, pungent, pungled, pungy, punic, punice, punier, puniest, punily, punish, punk, punka, punker, punkest, punkey, punkie, punkier, punkin, punkins, punks, punky, punned, punner, punners, punnet, punnier, punning, punny, puns, punster, punt, punted, puntel, punter, punters, puntil, punting, punto, punts, punty, puny, puoy, pup, pupa, pupae, pupal, pupas, pupate, pupated, pupates, pupe, pupelo, pupfish, pupil, pupilar, pupils, pupped, puppet, puppets, puppied, puppies, pupping, puppy, pups, pur, purana, puranic, purdah, purdahs, purdas, pure, pured, puree, pureed, purees, purely, purer, purest, purfile, purfle, purfled, purflew, purge, purged, purger, purgers, purgery, purges, purging, puri, purify, purim, purine, purins, purism, purisms, purist, purists, puritan, purity, purl, purled, purlieu, purlin, purline, purling, purloin, purls, purple, purpled, purpler, purples, purply, purport, purpose, purpre, purpura, purpure, purr, purre, purred, purree, purring, purrock, purrs, purse, pursed, purser, pursers, purses, purset, pursier, pursily, pursing, pursive, pursual, pursue, pursued, pursuer, pursues, pursuit, pursy, purvey, purveys, purview, pus, pusane, push, pushed, pusher, pushers, pushes, pushier, pushily, pushing, pushpin, pushup, pushups, pushy, pusil, pusley, puslike, puss, pusses, pussier, pussies, pussy, pustule, put, putage, putamen, putdown, puteal, puteli, putery, putid, putlog, putoff, putoffs, puton, putons, putour, putout, putouts, putrefy, putrid, putrify, putry, puts, putsch, putt, putted, puttee, puttees, putter, putters, puttied, puttier, putties, putting, puttock, putts, putty, puy, pyaemia, pyaemic, pycnite, pye, pyebald, pyemia, pyet, pygal, pygarg, pygidia, pygmean, pygmies, pygmoid, pygmy, pygopod, pyin, pyjama, pyjamas, pykar, pyla, pylae, pylas, pylon, pylons, pylori, pyloric, pylorus, pyne, pynoun, pyoid, pyot, pyral, pyralid, pyramid, pyramis, pyre, pyrena, pyrenae, pyrene, pyrenes, pyres, pyretic, pyrex, pyrexia, pyrgom, pyric, pyridic, pyridyl, pyrite, pyrites, pyritic, pyro, pyrogen, pyrone, pyrope, pyrosis, pyrotic, pyrrhic, pyrrol, pyrula, pyruric, pyrus, pyruvic, pyruvil, pythiad, pythian, python, pythons, pyuria, pyx, pyxes, pyxidia, pyxie, pyxies, pyxis, pyxle