sa, saadh, saan, sabaean, sabaism, sabal, sabaoth, sabbat, sabbath, sabbats, sabean, sabeism, sabella, saber, sabered, sabers, sabian, sabicu, sabine, sabines, sable, sabled, sables, sabling, sabot, sabots, sabra, sabras, sabre, sabred, sabres, sabring, sac, sacar, sacbut, sacbuts, saccade, saccate, sacci, saccule, sacculi, saccus, sacella, sachel, sachem, sachems, sachet, sachets, saciety, sack, sackage, sackbut, sacked, sacker, sackers, sackful, sacking, sacks, saclike, sacra, sacral, sacrals, sacrate, sacre, sacred, sacring, sacrist, sacrum, sacrums, sacs, sad, sadda, sadden, saddens, sadder, saddest, saddhu, saddhus, saddle, saddled, saddler, saddles, sadh, sadhu, sadhus, sadiron, sadism, sadisms, sadist, sadists, sadly, sadness, sadr, safari, safaris, safe, safely, safer, safes, safest, safety, safeway, safflow, saffron, sag, saga, sagapen, sagas, sagathy, sage, sagely, sagene, sager, sages, sagest, sagged, sagger, saggers, saggier, sagging, saggy, sagier, sagiest, sagitta, sago, sagoin, sagos, sags, saguaro, sagum, sagus, sagy, sahara, saharan, saheb, sahib, sahibah, sahibs, sahidic, sahlite, sahui, sai, saic, said, saids, saiga, saigon, saikyr, sail, sailed, sailer, sailers, sailing, sailor, sailors, sails, saily, saim, saimir, sain, saint, sainted, saintly, saints, saith, saithe, saiva, saivism, sajene, sajou, sake, saker, sakeret, sakes, saki, sakieh, sakis, sakiyeh, sakti, sal, salaam, salaams, salable, salably, salad, salade, salads, salam, salami, salamis, salary, sale, saleb, salem, salep, sales, salian, saliant, salic, salices, salicin, salicyl, salient, salify, saligot, salina, salinas, saline, salines, salite, saliva, salival, salivas, salix, sallet, sallied, sallier, sallies, sallow, sallows, sallowy, sally, salm, salmi, salmiac, salmis, salmon, salmons, salogen, salol, salon, salons, saloon, saloons, saloop, salp, salpa, salpae, salpas, salpian, salpid, salpinx, salsa, salsafy, salse, salsify, salsoda, salsola, salt, saltant, saltate, saltbox, saltcat, salted, salter, saltern, salters, saltest, saltier, salties, saltily, saltine, salting, saltire, saltish, saltle, saltly, salts, salty, salue, salute, saluted, saluter, salutes, salvage, salve, salved, salver, salvers, salves, salvia, salvias, salving, salvo, salvoed, salvoes, salvor, salvos, sam, samadhi, samaj, samara, samare, samarra, samba, sambaed, sambas, sambo, samboo, sambos, sambuke, sambur, same, samechs, samekhs, samette, samian, samiel, samiot, samisen, samite, samites, samlet, sammier, samoa, samoan, samoans, samovar, samp, sampan, sampans, sample, sampled, sampler, samples, samsara, samshoo, samshu, samson, samuel, samurai, san, sanable, sancho, sancta, sanctum, sanctus, sand, sandal, sandals, sandbag, sandbar, sandbox, sanded, sander, sanders, sandfly, sandhog, sandier, sanding, sandish, sandix, sandlot, sandman, sandmen, sandpit, sandra, sandre, sands, sandy, sandyx, sane, saned, sanely, saner, sanes, sanest, sang, sanga, sanger, sangh, sangha, sangiac, sangria, sangu, sanhita, sanicle, sanies, sanious, sanity, sanjak, sank, sanka, sankha, sankhya, sannop, sannup, sanny, sans, sansei, sanseis, santa, santal, santee, santees, santer, santon, sao, sap, sapajo, sapajou, sapful, saphead, sapid, sapiens, sapient, sapless, sapling, saponin, saponul, sapor, sapota, sappare, sapped, sapper, sappers, sapphic, sappho, sappier, sappily, sapping, sappy, saps, sapsago, sapwood, saracen, sarah, saran, sarape, sarapes, sarasin, sarcasm, sarcel, sarcin, sarcina, sarcle, sarcode, sarcoid, sarcoma, sarcous, sard, sardan, sardel, sardine, sardius, sardoin, saree, sarees, sarge, sarges, sargo, sari, sarigue, saris, sark, sarkin, sarking, sarlac, sarlyk, sarment, sarn, sarod, sarong, sarongs, saros, sarplar, sarpo, sarsa, sarse, sarsen, sart, sartor, sash, sashay, sashays, sashed, sashery, sashes, sashimi, sashing, sashoon, sasin, sass, sassaby, sasse, sassed, sasses, sassier, sassies, sassily, sassing, sassy, sastra, sat, satan, satanic, satchel, sate, sated, sateen, sateens, sates, satiate, satiety, satin, satinet, sating, satins, satiny, sation, satire, satires, satiric, satisfy, sativa, sative, satle, satori, satoris, satrap, satraps, satrapy, saturn, satyr, satyric, satyrid, satyrs, sauce, sauced, saucer, saucers, sauces, saucier, saucily, saucing, saucy, saudi, saudis, sauf, saufly, sauger, saugh, sauh, sauks, saul, saulie, sauls, sault, saults, sauna, saunas, saunter, saur, saurel, sauria, saurian, sauries, sauroid, saury, sausage, saut, saute, sauted, sauteed, sauter, sautes, sautrie, savable, savage, savaged, savager, savages, savanna, savant, savants, savate, savates, save, saved, saveloy, savely, saver, savers, saves, savin, savine, saving, savings, savior, saviors, saviour, savor, savored, savorer, savorly, savors, savory, savour, savours, savoury, savoy, savoys, savvey, savvied, savvies, savvy, saw, sawbill, sawbuck, sawder, sawdust, sawed, sawer, sawers, sawfish, sawfly, sawing, sawmill, sawn, sawneb, saws, sawtry, sawyer, sawyers, sax, saxes, saxhorn, saxon, saxonic, saxons, saxony, say, sayable, sayee, sayer, sayers, sayest, sayette, saying, sayings, sayman, saynd, says, sayst, sc, scab, scabbed, scabble, scabby, scabies, scabs, scad, scads, scag, scaglia, scags, scala, scalade, scalado, scalae, scalar, scalars, scalary, scald, scalded, scalder, scaldic, scalds, scale, scaled, scalene, scaler, scalers, scales, scalier, scaling, scall, scalled, scallop, scalls, scalp, scalped, scalpel, scalper, scalps, scaly, scam, scamble, scamell, scammel, scamp, scamped, scamper, scampi, scamps, scams, scan, scandal, scandia, scandic, scanned, scanner, scans, scant, scanted, scanter, scantle, scantly, scants, scanty, scape, scaped, scapes, scaping, scapple, scapula, scapus, scar, scarab, scarabs, scarce, scarcer, scard, scare, scared, scarer, scarers, scares, scarey, scarf, scarfed, scarfs, scarier, scarify, scaring, scarlet, scarn, scaroid, scarp, scarped, scarper, scarps, scarred, scarry, scars, scarus, scarves, scary, scasely, scat, scatch, scate, scath, scathe, scathed, scathes, scathly, scats, scatt, scatted, scatter, scaup, scauper, scaur, scavage, scelet, scena, scenary, scene, scenery, scenes, scenic, scent, scented, scents, scepsis, scepter, sceptic, sceptre, scern, schade, schah, schappe, scheik, schelly, schema, schemas, scheme, schemed, schemer, schemes, schene, scherif, schesis, schetic, schick, schism, schisma, schisms, schist, schists, schlep, schlepp, schleps, schlich, schlock, schmeer, schmo, schmoe, schmoes, schmoos, schmuck, schnaps, schnook, scholar, scholia, scholy, school, schools, schorl, schorly, schrode, schtick, schul, schuss, schwa, schwas, sci, sciatic, science, scient, scil, sciniph, scink, scion, scions, sciot, scious, scirrhi, scise, scissel, scissil, scissor, sciurus, sclaff, sclav, sclave, sclavic, sclera, scleral, scleras, scoat, scobby, scobs, scoff, scoffed, scoffer, scoffs, scoke, scolay, scold, scolded, scolder, scolds, scole, scolex, scoley, scollop, scomber, scomfit, scomm, sconce, sconced, sconces, scone, scones, scoop, scooped, scooper, scoops, scoot, scooted, scooter, scoots, scop, scopate, scope, scopes, scoping, scoppet, scoptic, scopula, scorce, scorch, score, scored, scorer, scorers, scores, scoria, scoriac, scoriae, scorie, scorify, scoring, scorn, scorned, scorner, scorns, scorny, scorper, scorpio, scorse, scot, scotal, scotale, scotch, scoter, scoth, scotia, scotist, scotoma, scotomy, scots, scott, scottie, scour, scoured, scourer, scourge, scours, scourse, scouse, scout, scouted, scouter, scouts, scovel, scow, scowed, scowl, scowled, scowler, scowls, scows, scraber, scrag, scraggy, scragly, scrags, scram, scrams, scranch, scranky, scranny, scrap, scrape, scraped, scraper, scrapes, scrappy, scraps, scrat, scratch, scraw, scrawl, scrawls, scrawly, scrawny, scray, screak, scream, screams, scree, screech, screed, screen, screens, screes, screw, screwed, screwer, screws, screwy, scribal, scribe, scribed, scriber, scribes, scrid, scrim, scrimer, scrimp, scrimps, scrimpy, scrims, scrine, scrip, scrips, script, scripts, scrit, scritch, scrive, scrived, scrives, scrod, scrode, scrods, scrog, scroggy, scroll, scrolls, scrooge, scrota, scrotal, scrotum, scrouge, scrow, scroyle, scrub, scrubby, scrubs, scruff, scruffs, scruffy, scrunch, scruple, scry, scuba, scubas, scud, scudded, scuddle, scudi, scudo, scuds, scuff, scuffed, scuffle, scuffs, scug, sculk, sculked, sculker, sculks, scull, sculled, sculler, sculls, sculp, sculpin, sculpt, sculpts, scum, scumber, scumble, scummed, scummer, scummy, scums, scunner, scup, scupper, scups, scur, scurf, scurff, scurfs, scurfy, scurrit, scurry, scurvy, scut, scuta, scutage, scutal, scutate, scutch, scute, scuts, scutter, scuttle, scutum, scybala, scye, scyle, scylla, scypha, scyphae, scyphi, scyphus, scythe, scythed, scythes, sd, sdan, sdeign, se, sea, seabag, seabags, seabed, seabeds, seabird, seaboat, seabord, seadog, seadogs, seafood, seagirt, seah, seak, seal, sealant, sealed, sealer, sealers, sealery, sealgh, sealing, seals, seam, seaman, seamark, seamed, seamen, seamer, seamers, seamier, seaming, seams, seamy, sean, seance, seances, seaport, seapoy, sear, searce, searcer, search, seared, searer, searing, sears, seas, seasick, seaside, season, seasons, seat, seated, seater, seaters, seating, seats, seattle, seave, seavy, seawall, seawan, seawand, seawant, seaward, seaware, seaway, seaways, seaweed, seawife, sebacic, sebat, sebate, sebic, sec, secale, secancy, secant, secants, secco, secede, seceded, seceder, secedes, secern, secess, seche, sechium, seck, seckel, secle, seclude, seconal, second, seconde, secondo, seconds, secre, secrecy, secrely, secret, secrete, secrets, secs, sect, sectant, sectary, sectile, section, sectism, sectist, sector, sectors, sects, secular, secund, secunda, secure, secured, securer, secures, sedan, sedans, sedate, sedated, sedater, sedates, sedent, seder, seders, sedge, sedged, sedges, sedgier, sedgy, sedilia, seduce, seduced, seducee, seducer, seduces, sedum, sedums, see, seeable, seed, seedbed, seedbox, seedcod, seeded, seeder, seeders, seedier, seedily, seeding, seedlip, seedlop, seedman, seedmen, seedpod, seeds, seedy, seeing, seeings, seek, seeker, seekers, seeking, seeks, seel, seeled, seelily, seeling, seels, seely, seem, seemed, seemer, seemers, seeming, seemly, seems, seen, seep, seepage, seeped, seepier, seeping, seeps, seepy, seer, seeress, seers, sees, seesaw, seesaws, seet, seeth, seethe, seethed, seether, seethes, seg, segar, seggar, segge, segment, segnity, segno, segnos, sego, segos, segue, segued, segues, seguing, seiches, seid, seige, seigh, seine, seined, seiner, seiners, seines, seining, seint, seise, seisin, seism, seismal, seismic, seisms, seisure, seity, sejant, sejeant, sejein, seke, sekes, selah, selch, seld, seldem, selden, seldom, select, selects, selenic, self, selfdom, selfed, selfing, selfish, selfism, selfist, selfs, selion, sell, seller, sellers, selling, sellout, sells, selsyn, selsyns, selvage, selvas, selve, selves, sely, sematic, semble, seme, semele, semen, semens, semi, semidry, semilor, semina, seminal, seminar, semined, semious, semiped, semipro, semis, semita, semitae, semite, semites, semitic, semivif, semoule, semper, sempre, semster, sen, senary, senate, senates, senator, send, sendal, sendee, sender, senders, sending, sendoff, sends, seneca, senecas, senecio, senega, senegal, senegin, senge, senhor, senhora, senhors, senile, seniles, senior, seniors, seniory, senna, sennas, sennet, sennets, sennit, sennits, senor, senora, senoras, senores, senors, sens, sensate, sense, sensed, sensery, senses, sensing, sensism, sensist, sensive, sensor, sensors, sensory, sensu, sensual, sent, sentery, senteur, senti, sentine, sentry, seoul, sepal, sepaled, sepals, sepawn, sephen, sepia, sepiae, sepias, sepic, sepon, sepose, seposit, sepoy, seppuku, sepsin, sepsis, sept, septa, septal, septane, septate, septet, septets, septic, septics, septime, septoic, septs, septula, septum, septums, septuor, sera, serac, serai, seral, serang, serape, serapes, seraph, seraphs, serapis, serb, serbia, serbian, sere, sered, serein, serene, serener, serenes, serer, seres, serest, serf, serfage, serfdom, serfish, serfism, serfs, serge, serges, serging, serial, serials, seriate, sericin, serie, seriema, series, serif, serifs, serin, serine, sering, serins, serious, seriph, sermon, sermons, serolin, seron, seroon, serose, serous, serow, serpens, serpent, serpet, serpigo, serpula, serr, serrate, serried, serries, serrous, serrula, serry, serum, serumal, serums, servage, serval, servals, servant, serve, served, server, servers, serves, servian, service, servile, serving, servite, servo, servos, serye, sesame, sesames, sesban, sess, sessa, sessile, session, sestet, sestets, sestina, sestine, sestuor, set, seta, setae, setal, setback, setbolt, setdown, setee, seten, setfoil, sethen, sethic, setiger, setim, setness, setoff, setoffs, seton, setons, setose, setous, setout, sets, sett, settee, settees, setter, setters, setting, settle, settled, settler, settles, setula, setulae, setule, setup, setups, setwall, seven, sevens, seventh, seventy, sever, several, severe, severed, severer, severs, severy, seville, sew, sewage, sewages, sewe, sewed, sewel, sewen, sewer, sewers, sewin, sewing, sewings, sewn, sews, sewster, sex, sexed, sexes, sexfid, sexier, sexiest, sexifid, sexily, sexing, sexism, sexisms, sexist, sexists, sexless, sexly, sexpot, sexpots, sext, sextain, sextan, sextans, sextant, sextary, sextet, sextets, sexteyn, sextic, sextile, sexto, sexton, sextons, sextos, sextry, sexts, sexual, sexy, sey, seye, seyen, seyh, seynd, seynt, sfumato, sh, shab, shabbed, shabble, shabby, shack, shacked, shacker, shackle, shackly, shacks, shad, shadd, shadde, shade, shaded, shader, shaders, shades, shadier, shadily, shading, shadoof, shadow, shadows, shadowy, shads, shady, shaffle, shaft, shafted, shafts, shag, shagged, shaggy, shags, shah, shahdom, shahin, shahs, shaik, shail, shaitan, shake, shaken, shaker, shakers, shakes, shakeup, shakier, shakily, shaking, shako, shakoes, shakos, shakudo, shaky, shale, shaled, shales, shalier, shall, shalli, shallon, shallop, shallot, shallow, shalm, shalom, shalt, shaly, sham, shama, shaman, shamans, shamble, shame, shamed, shamer, shames, shaming, shammed, shammer, shammes, shammy, shamois, shamoy, shampoo, shams, shamus, shank, shanked, shanker, shanks, shanny, shantey, shanti, shantis, shanty, shape, shaped, shapely, shapen, shaper, shapers, shapes, shapeup, shaping, shapoo, shaps, shard, sharded, shards, shardy, share, shared, sharer, sharers, shares, sharif, sharifs, sharing, shark, sharked, sharker, sharks, sharock, sharp, sharped, sharpen, sharper, sharpie, sharply, sharps, sharpy, shash, shasta, shaster, shastra, shat, shatter, shave, shaved, shaven, shaver, shavers, shaves, shaving, shaw, shawed, shawl, shawled, shawls, shawm, shawms, shawn, shawnee, shaws, shay, shays, she, sheaf, sheafed, sheafs, sheafy, sheal, shear, sheard, sheared, shearer, shearn, shears, sheath, sheathe, sheaths, sheathy, sheave, sheaved, sheaves, shebang, shebeen, shed, shedded, shedder, sheds, sheely, sheen, sheened, sheeney, sheenie, sheenly, sheens, sheeny, sheep, sheepy, sheer, sheered, sheerer, sheerly, sheers, sheet, sheeted, sheeter, sheets, sheik, sheikh, sheikhs, sheiks, sheil, sheila, sheitan, shekel, shekels, sheld, shelf, shelfa, shelfy, shell, shellac, shelled, sheller, shelley, shells, shelly, shelter, sheltie, shelty, shelve, shelved, shelver, shelves, shelvy, shemite, shend, shent, sheol, sheols, shepen, sherbet, sherd, sherds, shereef, sheriat, sherif, sheriff, sherifs, shern, sherpa, sherpas, sherris, sherry, shes, shet, shete, sheth, shette, shew, shewed, shewel, shewer, shewers, shewing, shewn, shews, shiah, shiatsu, shicer, shicksa, shide, shie, shied, shiel, shield, shields, shier, shiers, shies, shiest, shiff, shift, shifted, shifter, shifts, shifty, shiite, shikari, shiksa, shiksas, shikses, shilf, shilfa, shill, shilled, shills, shiloh, shily, shim, shimmed, shimmer, shimmy, shims, shin, shindig, shindle, shindy, shindys, shine, shined, shiner, shiners, shines, shiness, shingle, shingly, shinier, shinily, shining, shinned, shinney, shinny, shins, shinto, shinty, shiny, ship, shipful, shiplet, shipman, shipmen, shipped, shippen, shipper, shippo, shippon, ships, shipt, shipway, shire, shires, shirk, shirked, shirker, shirks, shirky, shirl, shirley, shirr, shirred, shirrs, shirt, shirted, shirts, shirty, shish, shist, shists, shit, shits, shittah, shitted, shittim, shittle, shiv, shiva, shivah, shivas, shive, shiver, shivers, shivery, shivs, shlep, shlock, shlocks, shmo, shmoes, shnaps, shoad, shoal, shoaled, shoaler, shoals, shoaly, shoar, shoat, shoats, shock, shocked, shocker, shocks, shod, shodden, shoddy, shode, shoder, shoding, shoe, shoed, shoefly, shoeing, shoer, shoers, shoes, shog, shogged, shoggle, shogun, shoguns, shoji, shojis, shola, shole, sholom, shonde, shone, shoo, shooed, shoofly, shooi, shooing, shook, shooks, shoon, shoop, shoos, shoot, shooter, shoots, shooty, shop, shopboy, shope, shopen, shopman, shopmen, shoppe, shopped, shopper, shoppes, shoppy, shops, shorage, shore, shored, shorer, shores, shoring, shorl, shorn, short, shorted, shorten, shorter, shortie, shortly, shorts, shorty, shory, shot, shote, shotes, shotgun, shots, shotted, shotten, shough, should, shout, shouted, shouter, shouts, shove, shoved, shovel, shovels, shoven, shover, shovers, shoves, shoving, show, showed, shower, showers, showery, showier, showily, showing, showish, showman, showmen, shown, showoff, shows, showup, showy, shrag, shram, shrank, shrap, shrape, shred, shreddy, shreds, shrew, shrewd, shrewed, shrews, shriek, shrieks, shrieky, shrieve, shrift, shrifts, shright, shrike, shrikes, shrill, shrills, shrilly, shrimp, shrimps, shrimpy, shrine, shrined, shrines, shrink, shrinks, shrive, shrived, shrivel, shriven, shriver, shrives, shroff, shrood, shroud, shrouds, shroudy, shrove, shrow, shrowd, shrub, shrubby, shrubs, shruff, shrug, shrugs, shrunk, shtetel, shtetl, shtick, shticks, shuck, shucked, shucker, shucks, shudder, shude, shuffle, shug, shul, shuls, shumac, shun, shunned, shunner, shuns, shunt, shunted, shunter, shunts, shush, shushed, shushes, shut, shute, shuted, shutes, shuteye, shuting, shutoff, shutout, shuts, shutter, shuttle, shy, shyer, shyers, shyest, shying, shylock, shyly, shyness, shyster, si, siaga, siam, siamang, siamese, sib, sibbens, siberia, sibling, sibs, sibyl, sibylic, sibyls, sic, sicca, siccate, sicced, siccing, siccity, sice, sicer, sich, sicily, sick, sickbay, sickbed, sicked, sicken, sickens, sicker, sickest, sicking, sickish, sickle, sickled, sickler, sickles, sickly, sickout, sicks, sicle, sics, sida, siddow, side, sidearm, sidecar, sided, sideman, sidemen, sider, sideral, sides, sideway, siding, sidings, sidle, sidled, sidler, sidlers, sidles, sidling, sidney, siecle, siege, sieged, sieges, sieging, sienite, sienna, siennas, sierra, sierran, sierras, siesta, siestas, sieur, sieurs, sieva, sieve, sieved, sieves, sieving, sifac, sifilet, sift, sifted, sifter, sifters, sifting, sifts, sig, sigger, sigh, sighed, sigher, sighers, sighing, sighs, sight, sighted, sighter, sightly, sights, sigil, sigilla, sigils, sigla, siglos, sigma, sigmas, sigmoid, sign, signal, signals, signate, signed, signee, signer, signers, signet, signets, signify, signing, signior, signor, signora, signore, signori, signors, signory, signs, sik, sike, siker, sikerly, sikh, sikhism, sikhs, silage, silages, sile, silence, silene, silent, silents, silenus, silesia, silex, silica, silicas, silicea, silicic, silicle, silicon, siling, silk, silked, silken, silkier, silkily, silking, silkman, silkmen, silks, silky, sill, siller, sillers, sillier, sillies, sillily, sillock, sillon, sills, silly, silo, siloed, siloing, silos, silt, silted, siltier, silting, silts, silty, silure, silurus, silva, silvae, silvan, silvans, silvas, silvate, silver, silvern, silvers, silvery, silvics, sima, simagre, simar, simarre, simblot, simia, simial, simian, simians, similar, simile, similes, similor, simitar, simmer, simmers, simnel, simon, simony, simoom, simoon, simous, simp, simpai, simper, simpers, simple, simpler, simples, simplex, simply, simps, simular, simulty, sin, sinaic, sinapic, sinapis, sinatra, since, sincere, sinch, sindi, sindon, sine, sines, sinew, sinewed, sinews, sinewy, sinful, sing, singe, singed, singer, singers, singes, singing, single, singled, singles, singlet, singly, sings, singult, sinh, sinhs, siniate, sinic, sinical, sink, sinkage, sinker, sinkers, sinking, sinks, sinless, sinned, sinner, sinners, sinnet, sinning, sinoper, sinopia, sinopis, sinople, sins, sinter, sinters, sinto, sintoc, sintu, sinuate, sinuose, sinuous, sinus, sinuses, siogoon, sioux, sip, sipage, sipe, siphoid, siphon, siphons, sipid, sipped, sipper, sippers, sippet, sippets, sipping, sipple, sippy, sips, sipy, sir, sircar, sirdar, sire, sired, siredon, siree, siren, sirene, sirenia, sirens, sires, siring, sirius, sirkeer, sirloin, sirname, siroc, sirocco, sirrah, sirrahs, sirree, sirrees, sirs, sirt, sirup, siruped, sirups, sirupy, sis, sisal, sisals, sise, sisel, siser, siskin, siss, sissier, sissies, sissoo, sissy, sist, sister, sisters, sistine, sistren, sistrum, sit, sitar, sitars, sitcom, sitcoms, site, sited, sites, sitfast, sith, sithe, sithed, sithen, sithens, siting, sits, sitten, sitter, sitters, sittine, sitting, situ, situate, situp, situps, situs, siva, sivan, siver, sivvens, siwin, six, sixes, sixfold, sixing, sixte, sixteen, sixtes, sixth, sixthly, sixths, sixties, sixty, skaddle, skaddon, skag, skags, skain, skaith, skald, skaldic, skalds, skaling, skall, skar, skare, skart, skat, skate, skated, skater, skaters, skates, skating, skatol, skayles, skean, skeans, skee, skeed, skeeing, skeel, skeet, skeeter, skeets, skeg, skegger, skein, skeine, skeined, skeins, skelder, skelet, skellum, skelly, skelp, skelter, sken, skene, skep, skepsis, skeptic, skerry, sketch, sketchy, skew, skewed, skewer, skewers, skewing, skews, ski, skiable, skid, skiddaw, skidded, skidder, skiddoo, skiddy, skidoo, skidoos, skidpan, skids, skied, skier, skiers, skies, skiey, skiff, skiffed, skiffs, skiing, skiings, skiis, skilder, skilful, skill, skilled, skillet, skills, skilts, skilty, skim, skimmed, skimmer, skimp, skimped, skimps, skimpy, skims, skin, skinch, skinful, skink, skinked, skinker, skinks, skinned, skinner, skinny, skins, skip, skipped, skipper, skippet, skips, skirl, skirled, skirls, skirr, skirret, skirt, skirted, skirter, skirts, skis, skit, skits, skitter, skittle, skitty, skive, skiver, skiving, skivvy, skiwear, sklayre, sklere, skoal, skoaled, skoals, skonce, skoptsy, skout, skreen, skrike, skrim, skrimp, skringe, skrite, skua, skuas, skue, skulk, skulked, skulker, skulks, skull, skulled, skulls, skulpin, skun, skunk, skunked, skunks, skurry, skute, sky, skycap, skycaps, skydive, skydove, skyed, skyey, skyhook, skying, skyish, skyjack, skylab, skylark, skyline, skyman, skymen, skys, skysail, skyward, skyway, skyways, slab, slabbed, slabber, slabby, slabs, slack, slacked, slacken, slacker, slackly, slacks, slade, slag, slagged, slaggy, slags, slaie, slain, slake, slaked, slaker, slakers, slakes, slakin, slaking, slalom, slaloms, slam, slamkin, slammed, slams, slander, slang, slanged, slangs, slangy, slank, slant, slanted, slantly, slants, slap, slape, slapped, slapper, slaps, slash, slashed, slasher, slashes, slashy, slat, slatch, slate, slated, slater, slaters, slates, slather, slatier, slating, slats, slatt, slatted, slatter, slaty, slav, slave, slaved, slaver, slavers, slavery, slaves, slavey, slaveys, slavic, slaving, slavish, slavism, slavs, slaw, slawen, slaws, slay, slayer, slayers, slaying, slays, sle, sleave, sleaved, sled, sledded, sledder, sledge, sledged, sledges, sleds, slee, sleek, sleeked, sleeker, sleekly, sleeks, sleeky, sleep, sleeper, sleeps, sleepy, sleer, sleet, sleetch, sleeted, sleets, sleety, sleeve, sleeved, sleeves, sleid, sleided, sleigh, sleighs, sleight, slender, slent, slep, slept, sleuth, sleuths, slew, slewed, slewing, slews, slewth, sley, slibber, slice, sliced, slicer, slicers, slices, slich, slicing, slick, slicked, slicken, slicker, slickly, slicks, slid, slidden, slidder, slide, slider, sliders, slides, sliding, slier, sliest, slight, slights, slighty, slik, slily, slim, slime, slimed, slimes, slimier, slimily, sliming, slimly, slimmed, slimmer, slims, slimsy, slimy, sliness, sling, slinger, slings, slink, slinks, slinky, slip, slipes, slipped, slipper, slippy, slips, slipt, slipup, slipups, slish, slit, slither, slits, slitted, slitter, slive, sliver, slivers, sloakan, sloam, sloat, slob, slobber, slobs, slock, slocken, sloe, sloes, slog, slogan, slogans, slogged, slogger, sloggy, slogs, sloke, sloo, sloom, sloomy, sloop, sloops, slop, slope, sloped, sloper, slopers, slopes, sloping, slopped, sloppy, slops, slopy, slosh, sloshed, sloshes, sloshy, slot, sloth, sloths, slots, slotted, slouch, slouchy, slough, sloughs, sloughy, slovak, slovaks, sloven, slovens, slow, slowed, slower, slowest, slowh, slowing, slowish, slowly, slows, sloyd, slub, slubbed, slubber, slubs, sludge, sludger, sludges, sludgy, sludy, slue, slued, slues, slug, slugged, slugger, sluggy, slugs, sluice, sluiced, sluices, sluicy, sluing, slum, slumber, slumgum, slummed, slummer, slummy, slump, slumped, slumps, slumpy, slums, slung, slunk, slur, slurp, slurped, slurps, slurred, slurry, slurs, slush, slushed, slushes, slushy, slut, slutch, slutchy, sluts, sly, slyer, slyest, slyly, slyness, slype, smack, smacked, smacker, smacks, small, smaller, smalls, smally, smalt, smaragd, smarmy, smart, smarted, smarten, smarter, smartie, smartle, smartly, smarts, smarty, smash, smashed, smasher, smashes, smashup, smatch, smatter, smear, smeared, smearer, smears, smeary, smeath, smee, smeeth, smegma, smegmas, smeir, smell, smelled, smeller, smells, smelly, smelt, smelted, smelter, smeltie, smelts, smerk, smerky, smerlin, smew, smicker, smicket, smickly, smiddy, smidgen, smift, smight, smilax, smile, smiled, smiler, smilers, smiles, smilet, smiling, smilt, smirch, smirk, smirked, smirker, smirks, smirky, smit, smite, smiter, smiters, smites, smith, smither, smiths, smithy, smiting, smitt, smitten, smittle, smock, smocked, smocks, smog, smoggy, smoke, smoked, smoker, smokers, smokes, smokey, smokier, smokily, smoking, smoky, smolder, smoldry, smolt, smooch, smoochy, smoor, smooth, smooths, smoothy, smore, smote, smother, smouch, smudge, smudged, smudges, smudgy, smug, smugged, smugger, smuggle, smugly, smut, smutch, smuts, smutted, smutty, sn, snack, snacked, snacket, snacks, snacot, snaffle, snafu, snafued, snafus, snag, snagged, snaggy, snags, snail, snailed, snails, snake, snaked, snakes, snakier, snakily, snaking, snakish, snaky, snap, snape, snapped, snapper, snappy, snaps, snar, snare, snared, snarer, snarers, snares, snaring, snark, snarks, snarl, snarled, snarler, snarls, snarly, snary, snast, snatch, snatchy, snathe, snaw, snead, sneak, sneaked, sneaker, sneaks, sneaky, sneap, sneath, sneathe, sneb, sneck, snecket, sned, sneed, sneer, sneered, sneerer, sneers, snell, snet, snew, snib, snick, snicked, snicker, snicks, snide, snidely, snider, snidest, sniff, sniffed, sniffer, sniffle, sniffs, sniffy, snift, snifted, snifter, snig, snigg, snigger, sniggle, snip, snipe, sniped, sniper, snipers, snipes, sniping, snipped, snipper, snippet, snippy, snips, snit, snitch, snite, snithe, snithy, snits, snivel, snivels, snively, snob, snobby, snobs, snod, snoff, snood, snooded, snoods, snook, snooker, snoop, snooped, snooper, snoops, snoopy, snoot, snooted, snoots, snooty, snore, snored, snorer, snorers, snores, snoring, snorkel, snort, snorted, snorter, snorts, snot, snots, snotter, snotty, snout, snouted, snouts, snouty, snow, snowcap, snowed, snowier, snowily, snowing, snowl, snowman, snowmen, snows, snowy, snub, snubbed, snubber, snubby, snubs, snuck, snudge, snuff, snuffed, snuffer, snuffle, snuffly, snuffs, snuffy, snug, snugged, snugger, snuggle, snugly, snugs, sny, snying, snypy, so, soak, soakage, soaked, soaker, soakers, soaking, soaks, soaky, soal, soam, soap, soapbox, soaped, soaper, soapers, soapier, soapily, soaping, soaps, soapy, soar, soared, soarer, soarers, soaring, soars, soave, sob, sobbed, sobber, sobbers, sobbing, sobeit, sober, sobered, soberer, soberly, sobers, sobful, soboles, sobs, soc, socage, socager, soccer, soccers, social, socials, sociate, society, sock, socked, socket, sockets, sockeye, socking, sockman, sockmen, socks, socky, socle, socman, socmen, socome, sod, soda, sodaic, sodas, sodded, sodden, soddens, soddies, sodding, soddy, soder, sodger, sodic, sodium, sodiums, sodom, sodomy, sods, soe, soever, sofa, sofar, sofars, sofas, soffit, soffits, sofi, sofia, sofis, sofism, soft, softa, soften, softens, softer, softest, softie, softies, softish, softly, softner, softs, softy, soger, sogged, soggier, soggily, soggy, soho, soigne, soil, soilage, soiled, soiling, soils, soilure, soily, soiree, soirees, soja, sojer, sojourn, soke, sokeman, soken, soko, sol, sola, solace, solaced, solacer, solaces, soland, solania, solano, solanum, solar, solaria, solary, solas, sold, soldan, solder, solders, soldi, soldier, soldo, sole, soled, solely, solemn, solen, soler, solere, solert, soles, solfege, soli, solicit, solid, solider, solidi, solidly, solido, solids, solidus, soling, soliped, sollar, sollein, solo, soloed, soloing, soloist, solomon, solon, solos, soluble, solubly, solus, solute, solutes, solvate, solve, solved, solvend, solvent, solver, solvers, solves, solving, soly, soma, somaj, somal, somali, somalia, somas, somatic, somber, sombre, some, someday, somehow, someone, someway, somite, sommeil, somne, somner, somnial, somnour, somonce, sompne, son, sonance, sonant, sonants, sonar, sonars, sonata, sonatas, soncy, sond, sonde, sondeli, sones, song, songful, songish, songs, sonic, sonics, sonifer, sonless, sonnet, sonnets, sonnies, sonnish, sonnite, sonny, sonoran, sons, sonship, sonsy, sontag, sonties, soodra, sooey, soofee, soojee, soon, soonee, sooner, sooners, soonest, soonly, soord, soorma, soosoo, soot, soote, sooted, sooth, soothe, soothed, soother, soothes, soothly, sooths, sootier, sootily, sooting, sootish, soots, sooty, sop, sope, soph, sophi, sophic, sophies, sophime, sophis, sophism, sophist, sophora, sophs, sophta, sophy, sopite, sopor, sopors, sopped, sopper, soppier, sopping, soppy, sopra, soprani, soprano, sops, sora, sorance, sorb, sorbate, sorbed, sorbent, sorbet, sorbets, sorbic, sorbile, sorbin, sorbite, sorcery, sord, sordes, sordet, sordid, sordine, sore, soredia, soree, sorehon, sorel, sorels, sorely, sorema, sorer, sores, sorest, sorex, sorghum, sorgne, sorgo, sori, sorites, sorn, sorner, sororal, sorosis, sorrage, sorrel, sorrels, sorrier, sorrily, sorrow, sorrows, sorry, sors, sort, sortal, sorted, sorter, sorters, sortes, sortie, sortied, sorties, sorting, sortita, sorts, sorus, sorwe, sory, sos, soss, sot, sotadic, sote, sotel, sothe, sothiac, sothic, sotil, sotilte, sots, sotted, sottery, sottish, sou, soubah, soubise, souce, soudan, souded, soudet, souffle, sough, soughed, soughs, sought, souir, souke, soul, souled, soulful, soulili, souls, soun, sound, sounded, sounder, soundly, sounds, soune, sounst, soup, soupcon, souped, soupier, souping, souple, soups, soupy, sour, source, sources, sourde, soured, sourer, sourest, souring, sourish, sourly, sours, soursop, sourt, sous, souse, soused, souses, sousing, souslik, sout, soutage, soutane, souter, south, southed, souther, southly, souths, soviet, soviets, sovran, sovrans, sow, sowable, sowans, sowar, sowbane, sowce, sowdan, sowed, sowens, sower, sowers, sowing, sowins, sowl, sowle, sown, sowne, sows, sowse, sowter, sox, soy, soya, soyas, soybean, soyle, soyned, soys, sp, spa, spaad, space, spaced, spacer, spacers, spaces, spacial, spacing, spacong, spad, spaddle, spade, spaded, spader, spaders, spades, spading, spadix, spado, spae, spaed, spaeing, spaeman, spahee, spahi, spaid, spain, spake, spaky, spale, spall, spalled, spaller, spalls, spalt, span, spancel, spane, spang, spangle, spangly, spaniel, spanish, spank, spanked, spanker, spanks, spanned, spanner, spans, spar, sparada, sparage, sparble, spare, spared, sparely, sparer, sparers, spares, sparest, sparge, sparger, sparing, spark, sparked, sparker, sparkle, sparks, sparky, sparoid, sparred, sparrow, sparry, spars, sparse, sparser, sparsim, sparta, spartan, sparth, sparve, spary, spas, spasm, spasms, spastic, spat, spate, spates, spatha, spathae, spathal, spathe, spathed, spathes, spathic, spatial, spats, spatted, spatter, spattle, spatula, spauld, spavin, spavins, spaw, spawl, spawled, spawn, spawned, spawner, spawns, spay, spayad, spayade, spayed, spaying, spays, speak, speaker, speaks, spear, speared, spearer, spears, speary, spec, spece, specht, special, specie, species, specify, speck, specked, speckle, specks, speckt, specs, specter, spectra, spectre, specula, sped, speece, speech, speed, speeded, speeder, speeds, speedup, speedy, speer, speet, speight, speiled, speir, speiss, speke, speking, spelk, spell, spelled, speller, spells, spelt, spelter, spelunc, spelunk, spence, spencer, spences, spend, spender, spends, spent, sper, sperage, sperate, spere, sperge, sperm, spermic, sperms, sperre, sperse, spet, spew, spewed, spewer, spewers, spewing, spews, spewy, sphacel, sphene, spheral, sphere, sphered, spheres, spheric, sphery, sphex, sphinx, spial, spic, spica, spicae, spicas, spicate, spice, spiced, spicer, spicers, spicery, spices, spicey, spicier, spicily, spicing, spick, spicose, spicous, spics, spicula, spicule, spicy, spider, spiders, spidery, spied, spiegel, spiel, spieled, spieler, spiels, spier, spiers, spies, spiff, spiffy, spight, spignel, spignet, spigot, spigots, spike, spiked, spiker, spikers, spikes, spikier, spikily, spiking, spiky, spile, spill, spilled, spiller, spills, spilt, spilter, spilth, spilths, spin, spinach, spinage, spinal, spinals, spinate, spindle, spindly, spine, spined, spinel, spinels, spines, spinet, spinets, spinier, spink, spinner, spinney, spinny, spinoff, spinose, spinous, spinout, spins, spinule, spiny, spiodea, spiraea, spiral, spirals, spirant, spire, spirea, spireas, spired, spires, spiring, spirit, spirits, spiroid, spirt, spirted, spirtle, spirts, spirula, spiry, spiss, spit, spital, spitbox, spite, spited, spites, spitful, spiting, spitous, spits, spitted, spitter, spittle, spittly, splash, splashy, splat, splats, splay, splayed, splays, spleen, spleens, spleeny, spleget, splenic, splent, splice, spliced, splicer, splices, spline, splined, splines, splint, splints, split, splits, splosh, splotch, splurge, splurgy, spoil, spoiled, spoiler, spoils, spoilt, spokane, spoke, spoked, spoken, spokes, spoking, spondee, spondyl, spong, sponge, sponged, sponger, sponges, spongin, spongy, sponk, sponsal, sponson, sponsor, spoof, spoofed, spoofs, spook, spooked, spooks, spooky, spool, spooled, spooler, spools, spoom, spoon, spooned, spooney, spoons, spoony, spoor, spoored, spoors, spore, spored, spores, sporid, sporing, sporran, sport, sportal, sported, sporter, sports, sporty, sporule, spot, spots, spotted, spotter, spotty, spousal, spouse, spoused, spouses, spout, spouted, spouter, spouts, sprack, sprad, spradde, sprag, sprain, sprains, sprang, sprat, sprats, sprawl, sprawls, sprawly, spray, sprayed, sprayer, sprays, spread, spreads, spree, sprees, sprenge, sprent, sprew, spreynd, sprier, spriest, sprig, spriggy, spright, sprigs, spring, springe, springs, springy, sprint, sprints, sprit, sprite, sprites, sprits, sprod, sprong, sprout, sprouts, spruce, spruced, sprucer, spruces, sprucy, sprue, sprug, sprung, sprunt, spry, spryer, spryest, spryly, spud, spuds, spue, spued, spues, spuing, spuke, spuller, spume, spumed, spumes, spumid, spumier, spuming, spumone, spumoni, spumous, spumy, spun, spunge, spunk, spunked, spunks, spunky, spur, spurge, spurn, spurned, spurner, spurns, spurred, spurrer, spurrey, spurry, spurs, spurt, spurted, spurtle, spurts, spurway, sput, sputa, spute, sputnik, sputter, sputum, spy, spyboat, spying, spyism, spynace, spyne, sr, srawls, sri, ss, st, stab, stabbed, stabber, stabile, stable, stabled, stabler, stables, stably, stabs, stack, stacked, stacker, stacket, stacks, stacte, staddle, stade, stadia, stadium, staff, staffed, staffer, staffs, stag, stage, staged, stagely, stager, stagers, stagery, stages, stagey, stagger, staggy, stagier, stagily, staging, stags, stagy, staid, staider, staidly, stail, stain, stained, stainer, stains, stair, stairs, staith, stake, staked, stakes, staking, stal, stalag, stalags, stalder, stale, staled, stalely, staler, stales, stalest, stalin, staling, stalk, stalked, stalker, stalks, stalky, stall, stalled, staller, stallon, stalls, stamen, stamens, stamin, stamina, stammel, stammer, stamp, stamped, stamper, stamps, stance, stances, stanch, stand, standby, standee, standel, stander, stands, standup, stane, stang, staniel, stank, stanley, stannel, stannic, stannum, stant, stanyel, stapes, staph, staphs, staple, stapled, stapler, staples, star, starch, starchy, stardom, stare, stared, starer, starers, stares, starf, staring, stark, starker, starkly, starlet, starlit, starn, starost, starred, starry, stars, start, started, starter, startle, starts, starve, starved, starver, starves, stases, stash, stashed, stashes, stasis, stasmia, stat, statal, statant, statary, state, state's, stated, stately, stater, staters, states, static, statice, statics, stating, station, statism, statist, stative, stator, stators, stats, statua, statue, statued, statues, stature, status, statute, staunch, stave, staved, staves, staving, staw, stay, stayed, stayer, stayers, staying, staynil, stays, stead, steaded, steads, steady, steak, steaks, steal, stealer, steals, stealth, steam, steamed, steamer, steams, steamy, stean, stearic, stearin, stearyl, sted, stee, steed, steeds, steek, steel, steeled, steeler, steelie, steels, steely, steem, steen, steep, steeped, steepen, steeper, steeple, steeply, steeps, steepy, steer, steered, steerer, steers, steeve, steeved, steg, steik, stein, steins, stela, stelae, stele, stelene, stell, stella, stellar, stellas, stelled, steller, stem, stemlet, stemma, stemmed, stemmer, stemmy, stemple, stems, stemson, stench, stenchy, stencil, steno, stenos, stent, stente, stentor, step, stephen, steppe, stepped, stepper, steppes, steps, stepson, stepup, stepups, stere, stereo, stereos, steres, sterile, sterlet, stern, sterna, sternal, sterned, sterner, sternly, sterns, sternum, steroid, sterols, sterre, stert, sterte, sterve, stet, stethal, stets, stetson, stetted, steuben, steve, steven, stew, steward, stewart, stewbum, stewed, stewing, stewish, stewpan, stewpot, stews, stey, sthenic, stian, stibial, stibic, stibine, stibium, stich, stichic, stick, sticked, sticker, stickit, stickle, sticks, stickum, stickup, sticky, stiddy, stied, sties, stiff, stiffed, stiffen, stiffer, stiffly, stiffs, stifle, stifled, stifler, stifles, stigma, stigmas, stike, stilar, stile, stiles, stilet, still, stilled, stiller, stills, stilly, stilt, stilted, stilton, stilts, stilty, stime, stimey, stimie, stimied, stimies, stimuli, stimy, sting, stinger, stingo, stingos, stings, stingy, stink, stinker, stinko, stinks, stinky, stint, stinted, stinter, stints, stipe, stipel, stipend, stipes, stipple, stiptic, stipula, stipule, stir, stirk, stirp, stirpes, stirps, stirred, stirrer, stirrup, stirs, stirt, stirte, stitch, stith, stithy, stive, stived, stiver, stives, stiving, stoa, stoak, stoas, stoat, stoats, stocah, stock, stocked, stocker, stocks, stocky, stodge, stodged, stodges, stodgy, stogey, stogeys, stogie, stogies, stogy, stoic, stoical, stoics, stoke, stoked, stoker, stokers, stokes, stokey, stoking, stola, stolae, stole, stoled, stolen, stoles, stolid, stollen, stolon, stolons, stoma, stomach, stomata, stomate, stomp, stomped, stomper, stomps, stond, stone, stoned, stoner, stoners, stones, stoney, stonier, stonily, stoning, stonish, stont, stony, stood, stooge, stooged, stooges, stook, stooked, stool, stooled, stoolie, stools, stoom, stoop, stooped, stooper, stoops, stoor, stop, stope, stoped, stopen, stopgap, stoping, stopped, stopper, stopple, stops, stopt, stor, storage, storax, store, stored, storer, stores, storey, storeys, storge, storial, storied, storier, stories, storify, storing, stork, storks, storm, stormed, storms, stormy, storven, story, stot, stote, stound, stoup, stoups, stour, stout, stouten, stouter, stoutly, stouts, stovain, stove, stoved, stover, stovers, stoves, stoving, stow, stowage, stowce, stowed, stowing, stowre, stows, strafe, strafed, strafer, strafes, straik, strain, strains, straint, strait, straits, strake, strale, stram, strand, strands, strang, strange, strany, strap, straps, strass, strata, stratas, strate, strath, stratum, stratus, strauss, straw, strawed, straws, strawy, stray, strayed, strayer, strays, stre, streak, streaks, streaky, stream, streams, streamy, stree, streek, streel, streen, street, streets, strein, streit, streite, strene, strep, streps, stress, stretch, stretti, stretto, strew, strewed, strewer, strewn, strews, stria, striae, striate, strich, strick, strict, strid, stride, strider, strides, stridor, strife, strifes, striges, strigil, strike, striker, strikes, strikle, string, strings, stringy, strip, stripe, striped, striper, stripes, strips, stript, stripy, strive, strived, striven, striver, strives, strix, stroam, strobe, strobes, strobic, strode, stroke, stroked, stroker, strokes, stroll, strolls, stroma, stromb, strond, strong, stroock, strook, stroot, strop, strophe, strops, stroud, strout, strove, strow, strowed, strowl, strown, stroy, struck, strude, strudel, strull, strum, struma, strums, strung, strunt, struse, strut, struts, stub, stubbed, stubble, stubbly, stubby, stubs, stucco, stuccos, stuck, stuckle, stud, studded, student, studied, studier, studies, studio, studios, studs, study, study's, stufa, stuff, stuffed, stuffer, stuffs, stuffy, stuke, stull, stulm, stulp, stulty, stum, stumble, stummed, stump, stumped, stumper, stumps, stumpy, stun, stung, stunk, stunned, stunner, stuns, stunt, stunted, stunts, stupa, stupas, stupe, stuped, stupefy, stupes, stupid, stupids, stupify, stuping, stupor, stupors, stupose, stuprum, sturb, sturdy, sturk, sturt, stut, stutter, sty, styan, styca, stye, styed, styes, stygial, stygian, stying, stylar, stylate, style, styled, styler, stylers, styles, stylet, stylets, styli, styling, stylise, stylish, stylist, stylite, styloid, stylops, stylus, stymie, stymied, stymies, stymy, stypsis, styptic, styrax, styrene, styrol, styrone, styryl, stythe, stythy, styx, suable, suably, suade, suage, suant, suasion, suasive, suasory, suave, suavely, suaver, suavest, suavify, suavity, sub, subacid, subact, subaid, subarea, subash, subatom, subaud, subbass, subbed, subbing, subcell, subclan, subdean, subdeb, subdebs, subdial, subdual, subduce, subduct, subdue, subdued, subduer, subdues, suberic, suberin, subfusk, subgum, subhead, subitem, subito, subject, subjoin, sublate, sublet, sublets, sublime, submiss, submit, submits, subnect, subnex, suborn, suborns, suboval, subpena, subplot, subrace, subrule, subs, subsalt, subset, subsets, subside, subsidy, subsign, subsist, subsoil, subsume, subtask, subteen, subtend, subtile, subtle, subtler, subtly, subtype, subunit, suburb, suburbs, subvene, subvert, subway, subways, succade, succeed, success, succi, succise, succor, succors, succory, succour, succuba, succubi, succula, succumb, succus, such, suck, sucked, sucken, sucker, suckers, sucket, sucking, suckle, suckled, suckler, suckles, sucks, sucrate, sucre, sucres, sucrose, suction, sudan, sudary, sudd, sudden, suddens, sudor, sudoral, sudors, sudra, suds, sudsed, sudser, sudsers, sudses, sudsier, sudsing, sudsy, sue, sued, suede, sueded, suedes, sueding, suent, suently, suer, suers, sues, suet, suets, suety, suey, suffer, suffers, suffice, suffix, suffuse, sufi, sufism, sug, sugar, sugared, sugars, sugary, suggest, suggil, sui, suicide, suicism, suine, suing, suingly, suint, suist, suit, suite, suited, suites, suiting, suitor, suitors, suits, suji, sula, sulcate, sulci, sulcus, sulfa, sulfas, sulfate, sulfide, sulfids, sulfite, sulfur, sulfurs, sulfury, sulk, sulked, sulker, sulkers, sulkier, sulkies, sulkily, sulking, sulks, sulky, sull, sullage, sullen, sullied, sullies, sully, sulpha, sulphas, sulphid, sulphur, sultan, sultana, sultans, sultany, sultry, sulu, sum, sumac, sumach, sumachs, sumacs, sumatra, sumbul, sumless, summa, summary, summed, summer, summers, summery, summing, summist, summit, summits, summity, summon, summons, sumner, sumo, sumoom, sumos, sump, sumph, sumps, sumpter, sums, sun, sunback, sunbath, sunbeam, sunbelt, sunbird, sunbow, sunbows, sunburn, suncup, sundae, sundaes, sundart, sunday, sundays, sunder, sunders, sundew, sundews, sundial, sundog, sundogs, sundown, sundry, sunfish, sung, sunglow, sunk, sunken, sunlamp, sunless, sunlike, sunlit, sunn, sunna, sunned, sunniah, sunnier, sunnily, sunning, sunnite, sunnud, sunny, sunrise, sunroof, sunroom, suns, sunset, sunsets, sunspot, sunsted, sunsuit, suntan, suntans, sunup, sunups, sunward, sunwise, sup, supawn, supe, super, superb, supered, supers, supes, supine, supines, suppage, suppawn, supped, supper, suppers, supping, supple, suppled, suppler, supply, support, suppose, suppute, supra, supreme, sups, supt, sura, surah, sural, surance, surbase, surbate, surbeat, surbed, surbet, surcle, surcloy, surcoat, surcrew, surd, surdal, surdiny, surdity, surds, sure, surely, surer, suresby, surest, surety, surf, surface, surfed, surfeit, surfel, surfer, surfers, surfier, surfing, surfle, surfman, surfoot, surfs, surfy, surge, surged, surgent, surgeon, surger, surgers, surgery, surges, surging, surgy, suricat, surinam, surlier, surlily, surling, surloin, surly, surmark, surmen, surmise, surname, surpass, surphul, surplus, surreal, surrein, surrey, surreys, surrow, surtax, surtout, surveil, survene, survey, surveys, surview, survise, survive, susan, susans, suslik, suspect, suspend, suspire, sustain, suster, susters, sustre, sustren, sustres, susu, sutile, sutler, sutlers, sutling, sutor, sutra, sutras, sutta, suttas, suttee, suttees, suttle, sutural, suture, sutured, sutures, svelte, svelter, swa, swab, swabbed, swabber, swabbie, swabby, swabs, swad, swaddle, swag, swage, swaged, swages, swagged, swagger, swaggie, swaggy, swaging, swagman, swagmen, swahili, swail, swain, swains, swaip, swal, swale, swallet, swallow, swam, swami, swamies, swamis, swamp, swamped, swamper, swamps, swampy, swan, swang, swank, swanked, swanker, swankie, swanks, swanky, swanned, swanny, swanpan, swans, swap, swape, swapped, swapper, swaps, sward, swarded, swards, swardy, sware, swarf, swarm, swarmed, swarmer, swarms, swart, swarth, swarthy, swarty, swarve, swash, swashed, swasher, swashes, swashy, swat, swatch, swate, swath, swathe, swathed, swather, swathes, swaths, swats, swatte, swatted, swatter, sway, swayed, swayer, swayers, swayful, swaying, sways, sweal, swealed, swear, swearer, swears, sweat, sweated, sweater, sweats, sweaty, swede, sweden, swedes, swedish, sweeny, sweep, sweeper, sweeps, sweepy, sweet, sweeten, sweeter, sweetie, sweetly, sweets, sweigh, swell, swelled, sweller, swells, swelt, swelter, sweltry, swelve, swept, swerd, swerve, swerved, swerver, swerves, sweven, swich, swift, swifter, swiftly, swifts, swig, swigged, swigger, swigs, swill, swilled, swiller, swills, swim, swimbel, swimmer, swimmy, swims, swinck, swindle, swine, swing, swinge, swinged, swingel, swinger, swinges, swingle, swings, swingy, swinish, swink, swinker, swinks, swinney, swipe, swiped, swipes, swiping, swiple, swipper, swirl, swirled, swirls, swirly, swish, swished, swisher, swishes, swishy, swiss, swisses, switch, switchy, swithe, swive, swivel, swivels, swivet, swivets, swob, swobbed, swobber, swollen, swoln, swom, swonk, swonken, swoon, swooned, swooner, swoons, swoop, swooped, swooper, swoops, swoosh, swop, swopped, swops, sword, sworded, sworder, swords, swore, sworn, swough, swound, swounds, swown, swum, swung, swythe, sy, syb, syce, sycee, sycite, sycock, sycones, syconus, sycosis, sydney, sye, syenite, syke, syker, syle, syllabe, syllabi, sylph, sylphic, sylphid, sylphs, sylphy, sylva, sylvae, sylvan, sylvans, sylvas, sylvate, sylvia, sylvian, sylvic, sylvine, sylvite, sylvius, symar, symarr, symbal, symbion, symbiot, symbol, symbols, sympode, symptom, synacme, synacmy, synagog, synapse, synapta, synaxis, sync, syncarp, synced, synch, synched, synchro, synchs, syncing, syncom, syncoms, syncope, syncs, syndic, syndics, syne, synepy, synergy, synesis, synfuel, synocha, synocil, synod, synodal, synodic, synods, synonym, synovia, syntax, syntomy, syntony, sypher, syphon, syphons, syren, syrens, syria, syriac, syrian, syrians, syriasm, syringa, syringe, syrinx, syrma, syrt, syrtes, syrtic, syrtis, syrup, syruped, syrups, syrupy, system, systems, systole, systyle, syth, sythe