ta, taas, tab, tabacco, tabanus, tabard, tabards, tabaret, tabasco, tabbed, tabbied, tabbies, tabbing, tabby, tabefy, taber, taberd, tabers, tabes, tabetic, tabid, tabific, tabinet, tabla, tablas, table, tableau, tabled, tableed, tabler, tables, tablet, tablets, tabling, tabloid, taboo, tabooed, taboos, tabor, tabored, taborer, taboret, tabors, tabour, tabrere, tabret, tabs, tabstop, tabu, tabued, tabuing, tabula, tabulae, tabular, tac, tacaud, tace, tacet, tach, tache, tachina, tachs, tacit, tacitly, tack, tacked, tacker, tackers, tacket, tackets, tackey, tackier, tackify, tackily, tacking, tackle, tackled, tackler, tackles, tacks, tacky, taco, tacoma, taconic, tacos, tact, tactful, tactic, tactics, tactile, taction, tactoid, tacts, tactual, tad, tadpole, tads, taedium, tael, taels, taen, taenia, taeniae, taeping, taffeta, taffety, taffies, taffy, tafia, tag, tagal, tagalog, tagbelt, tagged, tagger, taggers, tagging, taglet, taglia, taglock, tags, tagsore, tagtail, taguan, taha, tahaleb, tahiti, tahr, tai, taiga, tail, tailage, tailed, tailer, tailers, tailing, taille, taillie, tailor, tailors, tailpin, tails, tain, taint, tainted, taints, taipei, taiping, taira, tairn, tait, taiwan, tajacu, tajassu, takable, take, takeing, taken, takend, takeoff, takeout, taker, takers, takes, taketh, taking, takings, talaria, talbot, talc, talced, talcky, talcose, talcous, talcs, talcum, talcums, tale, taled, taleful, talent, talents, taler, talers, tales, tali, talion, talipes, talipot, talk, talked, talker, talkers, talkie, talkier, talkies, talking, talks, talky, tall, tallage, tallboy, taller, tallest, tallied, tallier, tallies, tallis, tallish, tallith, tallow, tallows, tallowy, tally, tallyho, talma, talmas, talmud, talon, taloned, talons, talook, talpa, taluk, talus, taluses, tam, tamable, tamale, tamales, tamals, tamandu, tamaric, tamarin, tambac, tambour, tambur, tambura, tamburs, tame, tamed, tamely, tamer, tamers, tames, tamest, tamias, tamil, tamine, taming, taminy, tamis, tamkin, tammie, tammies, tammy, tamp, tampa, tampan, tamped, tampeon, tamper, tampers, tamping, tampion, tampoe, tampon, tampons, tampoon, tamps, tams, tamul, tan, tana, tanager, tanate, tanbark, tandem, tandems, tang, tanged, tangelo, tangent, tangier, tanging, tangle, tangled, tangler, tangles, tangly, tango, tangoed, tangos, tangram, tangs, tangue, tangun, tangy, tanier, tanist, tanite, tank, tanka, tankage, tankard, tankas, tanked, tanker, tankers, tankful, tankia, tanking, tanks, tanling, tannage, tannate, tanned, tanner, tanners, tannery, tannest, tannic, tannier, tannin, tanning, tannins, tannish, tanrec, tans, tansies, tansy, tant, tantara, tantivy, tanto, tantra, tantras, tantric, tantrum, tanyard, tao, taoism, taoist, taoists, taos, taotai, tap, tapa, tape, taped, taper, tapered, taperer, tapers, tapes, tapet, tapeti, tapetis, tapetum, taphole, taping, tapioca, tapir, tapirs, tapis, tapiser, tapish, taplash, tapped, tappen, tapper, tappers, tappet, tappets, tappice, tapping, tappis, tappoon, taproom, taproot, taps, tapster, tar, taranis, tarbush, tarde, tardier, tardies, tardily, tardity, tardo, tardy, tare, tared, tarente, tares, targe, target, targets, targum, targums, tariff, tariffs, tarin, taring, tarmac, tarmacs, tarn, tarnal, tarnish, tarns, taro, taros, tarot, tarots, tarp, tarpan, tarpon, tarpons, tarps, tarpum, tarrace, tarras, tarre, tarred, tarried, tarrier, tarries, tarring, tarrock, tarry, tars, tarsal, tarsale, tarsals, tarse, tarsel, tarsi, tarsia, tarsier, tarsius, tarsus, tart, tartan, tartans, tartar, tartare, tartars, tartary, tarted, tarter, tartest, tarting, tartish, tartlet, tartly, tarts, tartufe, tarweed, tas, tasco, tasimer, task, tasked, tasker, tasking, tasks, taslet, tass, tasse, tassel, tassels, tasses, tasset, taste, tasted, taster, tasters, tastes, tastier, tastily, tasting, tasto, tasty, tat, tatami, tatamis, tatar, tataupa, tatch, tate, tater, taters, tath, tatoo, tatoos, tatou, tatouay, tats, tatt, tatta, tatted, tatter, tatters, tattier, tatties, tatting, tattle, tattled, tattler, tattles, tattoo, tattoos, tatty, tatu, tau, taught, taunt, taunted, taunter, taunts, taupe, taupes, taupie, taur, taurid, taurine, taurus, taut, tautaug, tauten, tautens, tauter, tautest, tauting, tautly, tautog, tautogs, tauts, tavern, taverns, taw, tawdry, tawed, tawer, tawers, tawery, tawing, tawney, tawnier, tawnies, tawnily, tawny, tawpie, taws, tax, taxable, taxably, taxed, taxel, taxer, taxers, taxes, taxi, taxicab, taxied, taxies, taxiing, taximan, taximen, taxine, taxing, taxis, taxiway, taxless, taxman, taxmen, taxor, taxying, tayra, tbs, tbsp, tchick, tea, teabowl, teabox, teacake, teacart, teach, teache, teacher, teaches, teacup, teacups, tead, teade, teagle, teague, teak, teaks, teal, teals, team, teamed, teamer, teaming, teams, teapot, teapots, teapoy, tear, teared, tearer, tearers, tearful, teargas, tearier, tearing, tearoom, tearpit, tears, teary, teas, tease, teased, teasel, teasels, teaser, teasers, teases, teashop, teasing, teasle, teat, teated, teathe, teatime, teatish, teats, teaware, tebeth, tech, techie, techies, techily, technic, techy, tectly, tecum, ted, tedded, tedder, teddies, tedding, teddy, tedesco, tedge, tedious, tedium, tediums, teds, tee, teed, teeing, teek, teel, teem, teemed, teemer, teemers, teemful, teeming, teems, teen, teenage, teend, teener, teeners, teenful, teenier, teens, teensy, teentsy, teeny, teeong, teepee, teepees, tees, teest, teetan, teetee, teeter, teeters, teeth, teethe, teethed, teether, teethes, teetuck, teeuck, teewit, teflon, teg, tegmen, tegmina, tegula, tegulae, tegular, teheran, teil, teind, teine, teint, tek, tektite, telarly, telary, teledu, telega, teleost, telesis, telesm, telex, telexed, telexes, telford, telic, tell, tellen, teller, tellers, tellies, tellina, telling, tells, telly, telpher, telson, telsons, telugu, tem, temblor, temp, tempean, tempeh, tempehs, temper, tempera, tempers, tempest, tempi, templar, temple, templed, temples, templet, tempo, tempore, tempos, temps, tempse, tempt, tempted, tempter, tempts, tempura, tempus, temse, ten, tenable, tenably, tenace, tenacy, tenancy, tenant, tenants, tench, tenches, tend, tended, tender, tenders, tending, tendon, tendons, tendrac, tendre, tendril, tendron, tendry, tends, tene, tenent, teneral, tenet, tenets, tenfold, tenia, tenioid, tenne, tenner, tenners, tennis, tenno, tennu, tenon, tenoned, tenoner, tenons, tenor, tenors, tenours, tenpin, tenpins, tenrec, tens, tense, tensed, tensely, tenser, tenses, tensest, tensile, tensing, tension, tensity, tensive, tensor, tensors, tensure, tent, tentage, tented, tenter, tenters, tentful, tenth, tenthly, tenths, tentier, tentif, tenting, tentory, tents, tenty, tenuate, tenues, tenuis, tenuity, tenuous, tenure, tenured, tenures, tenuto, tenutos, tepal, tepee, tepees, tepefy, tepid, tepidly, tepor, teraph, teraphs, terapin, terbic, terbium, terce, tercel, tercels, tercet, tercine, terebic, terebra, teredo, teredos, terek, teret, terete, terga, tergal, tergant, tergite, tergum, terin, term, terma, termed, termer, termers, termes, termine, terming, termini, termite, termly, termor, terms, tern, ternary, ternate, terne, ternion, terns, terpene, terpin, terr, terra, terrace, terrain, terrane, terrar, terras, terre, terreen, terrel, terrene, terret, terrier, terrify, terrine, terror, terrors, terry, terse, tersely, terser, tersest, tertial, tertian, tesla, teslas, tessera, test, testa, testacy, testae, testate, teste, tested, testee, testees, tester, testern, testers, testes, testier, testif, testify, testily, testing, testis, teston, testone, testoon, tests, testudo, testy, tetanal, tetanic, tetanin, tetanus, tetany, tetard, tetaug, tetched, tetchy, tete, tetel, tether, tethers, tethys, tetotum, tetra, tetrad, tetrads, tetras, tetric, tetrol, tetrose, tetryl, tetter, tettish, tettix, tetty, teufit, teuk, teuton, teutons, tew, tewan, tewed, tewel, tewhit, tewing, tewtaw, tex, texaco, texan, texans, texas, texases, text, textile, textman, textmen, texts, textual, textuel, texture, textury, teyne, th, thack, thacker, thai, thak, thalami, thaler, thalers, thalia, thalian, thalli, thallic, thallus, thalweg, thames, thamyn, than, thana, thanage, thane, thanes, thank, thanked, thanker, thankly, thanks, thar, tharms, tharos, that, thatch, thats, thaught, thave, thaw, thawed, thawing, thaws, thawy, the, thea, theater, theatin, theatre, theave, thebaic, thebaid, theban, theca, thecae, thecal, thecata, thecla, thedom, thee, theft, thefts, thegn, theine, their, theirs, theism, theisms, theist, theists, them, theme, themes, themis, then, thenal, thenar, thence, thens, theorbo, theorem, theoric, theory, therapy, there, thereat, thereby, therein, thereof, thereon, theres, thereto, therf, theriac, therial, therm, thermae, thermal, thermic, thermos, therms, theroid, these, theses, thesis, theta, thetas, thetine, theurgy, thew, thewed, thews, thewy, they, thialol, thiamin, thible, thick, thicken, thicker, thicket, thickly, thicks, thider, thief, thiefly, thienyl, thieve, thieved, thieves, thigh, thighed, thighs, thilk, thill, thiller, thimble, thin, thine, thing, things, think, thinker, thinks, thinly, thinned, thinner, thins, thionic, thionol, thionyl, third, thirdly, thirds, thirl, thirled, thirst, thirsts, thirsty, thirty, this, thistle, thistly, thither, thitsee, tho, thole, tholed, tholes, tholing, thomas, thomean, thomism, thomist, thomite, thong, thonged, thongs, thooid, thor, thoral, thorax, thoria, thoric, thorite, thorium, thorn, thorned, thorns, thorny, thoro, thorow, thorp, thorpe, thorpes, thorps, those, thoth, thou, thoued, though, thought, thouing, thous, thowel, thowl, thrack, thrall, thralls, thrash, thrast, thraste, thrave, thraves, thraw, thrawed, thread, threads, thready, threap, threat, threats, threave, three, threes, threne, threpe, thresh, threst, threste, thretty, threw, thrice, thrid, thrift, thrifts, thrifty, thrill, thrills, thring, thrip, thrips, thrist, thrive, thrived, thriven, thriver, thrives, thro, throat, throats, throaty, throb, throbs, throe, throes, thrombi, throne, throned, thrones, throng, throngs, throp, through, throve, throw, throwe, thrower, thrown, throws, thru, thrum, thrummy, thrums, thruout, thruput, thrush, thrust, thrusts, thruway, thryes, thud, thudded, thuds, thug, thuggee, thugs, thuja, thule, thulia, thulium, thumb, thumbed, thumbs, thummie, thummim, thump, thumped, thumper, thumps, thunder, thunny, thurgh, thurl, thurrok, thurst, thus, thusly, thuya, thuyin, thwack, thwacks, thwaite, thwart, thwarts, thwite, thy, thymate, thyme, thymene, thymes, thymey, thymi, thymic, thymier, thymine, thymol, thymus, thymy, thyroid, thyrse, thyrsi, thyrsus, thysbe, thyself, ti, tiar, tiara, tiaraed, tiaras, tiber, tibet, tibetan, tibia, tibiae, tibial, tibiale, tibias, tibrie, tic, tical, tice, tick, ticked, ticken, ticker, tickers, ticket, tickets, ticking, tickle, tickled, tickler, tickles, ticks, tics, tictac, tictacs, tictoc, tictocs, tid, tidal, tidally, tidbit, tidbits, tidde, tidder, tiddle, tiddly, tide, tided, tides, tideway, tidied, tidier, tidies, tidiest, tidife, tidily, tiding, tidings, tidley, tidy, tidying, tie, tieback, tiebar, tiebeam, tied, tieing, tienda, tiepins, tier, tierce, tiercel, tierces, tiercet, tiered, tiering, tiers, ties, tietick, tiewig, tiff, tiffany, tiffed, tiffin, tiffing, tiffins, tiffish, tiffs, tift, tig, tigella, tigelle, tiger, tigers, tigh, tight, tighten, tighter, tightly, tights, tiglic, tiglon, tiglons, tigress, tigrine, tigris, tigrish, tigroid, tike, tikes, tikis, tikoor, tikor, tikur, tikus, til, tilbury, tilde, tildes, tile, tiled, tiler, tilers, tilery, tiles, tilia, tiling, till, tillage, tilled, tiller, tillers, tillet, tilley, tilling, tillman, tillmen, tillow, tills, tilmus, tilt, tilted, tilter, tilters, tilth, tilths, tilting, tilts, tim, timal, timbal, timbale, timbals, timber, timbers, timbre, timbrel, timbres, time, timed, timeful, timely, timeous, timeout, timer, timers, times, timid, timider, timidly, timing, timings, timist, timmer, timothy, timous, timpani, timpano, tin, tinamou, tincal, tinchel, tinct, tincted, tincts, tind, tindal, tinder, tinders, tindery, tine, tinea, tinean, tined, tineid, tineman, tinemen, tines, tinet, tinfoil, tinfuls, ting, tinge, tinged, tingent, tinger, tinges, tingid, tinging, tingis, tingle, tingled, tingler, tingles, tingly, tings, tinhorn, tinier, tiniest, tinily, tining, tink, tinker, tinkers, tinkle, tinkled, tinkler, tinkles, tinkly, tinman, tinmen, tinned, tinnen, tinner, tinners, tinnier, tinnily, tinning, tinnock, tinny, tins, tinsel, tinsels, tint, tinted, tinter, tinters, tinting, tintle, tinto, tints, tintype, tinware, tinwork, tiny, tip, tipcart, tipcat, tipcats, tipi, tipis, tipless, tipoff, tipoffs, tipped, tipper, tippers, tippet, tippets, tippier, tipping, tipple, tippled, tippler, tipples, tippy, tips, tipsier, tipsify, tipsily, tipster, tipsy, tiptoe, tiptoed, tiptoes, tiptop, tiptops, tipula, tipulae, tipulas, tirade, tirades, tire, tired, tireder, tiredly, tires, tiring, tirl, tirma, tiro, tiros, tirrit, tirwit, tis, tisane, tisanes, tisar, tisic, tisical, tisicky, tisri, tissue, tissued, tissues, tissuey, tit, titan, titania, titanic, titans, titbit, titbits, titer, titers, tith, tithe, tithed, tither, tithers, tithes, tithing, tithly, titi, titian, titians, titlark, title, titled, titler, titles, titling, titmal, titmice, titrant, titrate, titre, tits, titter, titters, tittie, titties, tittle, tittles, tittup, titty, titular, tituled, tiver, tivoli, tivy, tlinkit, tm, tmesis, tmh, tnpk, tnt, to, toad, toadied, toadies, toadish, toadlet, toads, toady, toast, toasted, toaster, toasts, toasty, toat, tobacco, tobie, tobine, tobit, toby, toccata, tocher, tockay, toco, tocsin, tocsins, tod, today, todays, toddies, toddle, toddled, toddler, toddles, toddy, tody, toe, toecap, toecaps, toed, toehold, toeing, toeless, toenail, toes, toeshoe, toff, toffee, toffees, toffies, toffs, toffy, tofore, toforn, toft, toftman, toftmen, tofts, tofu, tofus, tog, toga, togae, togaed, togas, togated, toged, togged, toggery, togging, toggle, toggled, toggler, toggles, toght, togider, togo, togs, togue, tohew, toil, toiled, toiler, toilers, toilet, toilets, toilful, toiling, toils, toise, toison, toited, tokay, tokays, toke, toked, token, tokened, tokens, tokes, tokin, toking, tokyo, tol, tola, tolane, told, tole, toled, toledo, toledos, toling, toll, tollage, tolled, toller, tollers, tolling, tollman, tollmen, tolls, tollway, tolmen, tolsey, tolstoy, tolt, toltec, tolu, toluate, toluene, toluic, toluid, toluol, toluole, toluric, toluyl, tolyl, tolyls, tom, tomaley, toman, tomato, tomb, tombac, tombed, tombing, tomboy, tomboys, tombs, tomcat, tomcats, tomcod, tome, tomelet, tomenta, tomes, tomfool, tomia, tomium, tomjohn, tommies, tommy, tomorn, tompion, tompon, tomrig, toms, tomtate, tomtit, tomtits, ton, tonal, tonally, tone, toned, toner, toners, tones, tong, tonga, tongas, tonge, tonged, tonger, tongers, tonging, tongo, tongs, tongue, tongued, tongues, tonguy, tonic, tonical, tonics, tonier, tonies, toniest, tonight, toning, tonite, tonnage, tonne, tonneau, tonner, tonners, tonnes, tonnish, tonous, tons, tonsil, tonsile, tonsils, tonsor, tonsure, tontine, tonus, tonuses, tony, too, took, tool, toolbox, tooled, tooler, toolers, tooling, tools, toom, toon, toot, tooted, tooter, tooters, tooth, toothed, tooths, toothy, tooting, tootle, tootled, tootler, tootles, toots, tootsie, tootsy, top, toparch, topau, topcoat, tope, toped, topek, topeka, toper, topers, topes, topet, topful, topfull, toph, tophet, tophi, tophin, tophus, topi, topiary, topic, topical, topics, toping, topkick, topknot, topless, topman, topmast, topmem, topmost, toponym, topos, topped, topper, toppers, topping, topple, toppled, topples, tops, topsail, topside, topsman, topsmen, topsoil, topwork, tor, tora, torace, torah, torahs, toran, torana, toras, torase, torc, torch, torched, torcher, torches, torcs, tore, torero, toreros, tores, toret, torgoch, tori, tories, torii, torilto, torment, tormina, torn, tornado, toro, toroid, toroids, toronto, toros, torose, toroth, torous, torpedo, torpent, torpid, torpids, torpify, torpor, torpors, torrefy, torrent, torrid, torril, torrock, tors, torsade, torsal, torse, torsel, torsi, torsion, torsk, torso, torsoes, torsos, tort, torta, torte, torteau, tortes, tortile, tortion, tortive, tortoni, tortrix, torts, torture, torula, torulae, torus, torved, torvity, torvous, tory, toryism, tose, tosh, toshes, toshred, toss, tossed, tossel, tosser, tossers, tosses, tossily, tossing, tosspot, tossup, tossups, tossy, tost, tosto, toswink, tot, tota, totable, total, totaled, totalis, totally, totals, totara, tote, totear, toted, totem, totemic, totems, toter, toters, totes, tother, toting, totly, toto, tots, totted, totter, totters, tottery, totting, tottled, totty, toty, toucan, toucans, touch, touche, touched, toucher, touches, touchup, touchy, tough, toughen, tougher, toughie, toughly, toughs, toughy, touite, toupee, toupees, toupet, tour, touraco, toured, tourer, tourers, touring, tourism, tourist, tourn, tourney, tours, tousche, touse, toused, tousel, touser, tousing, tousle, tousled, tousles, tousy, tout, touted, touter, touters, touting, touts, tov, tow, towable, towage, towages, towall, toward, towards, towaway, towboat, towed, towel, toweled, towels, tower, towered, towers, towery, towhead, towhee, towhees, towies, towilly, towing, towline, town, towned, townie, townies, townish, townlet, towns, towny, towpath, towrope, tows, towser, towy, toxemia, toxemic, toxic, toxical, toxify, toxin, toxine, toxins, toxodon, toxoid, toxoids, toxotes, toy, toyear, toyed, toyer, toyers, toyful, toying, toyish, toyman, toyon, toyons, toyos, toyota, toyotas, toys, toyshop, toysome, tpk, trabea, trabeae, trabu, trace, traced, tracer, tracers, tracery, traces, trachea, tracing, track, tracked, tracker, tracks, tract, tractor, tracts, trad, trade, traded, trader, traders, trades, trading, traduce, traduct, traffic, tragedy, tragic, tragus, trail, trailed, trailer, trails, train, trained, trainee, trainel, trainer, trains, trainy, traipse, trais, trait, traitor, traits, traject, trajet, tram, trama, tramble, tramcar, tramell, tramels, trammed, trammel, tramp, tramped, tramper, trample, tramps, trams, tramway, trance, tranced, trances, tranect, trannel, transe, transit, transom, trant, tranter, trap, trapan, trape, trapes, trapped, trapper, trappy, traps, trapt, trash, trashed, trashes, trashy, trass, trauma, traumas, traunce, traunt, travail, trave, travel, travels, travers, travois, trawl, trawled, trawler, trawls, tray, trayful, trays, treacle, treacly, tread, treaded, treader, treadle, treads, treague, treason, treat, treated, treater, treats, treaty, treble, trebled, trebles, treblet, trebly, treddle, tree, treed, treeful, treeing, treen, trees, treetop, tref, trefle, trefoil, treget, trehala, trek, trekked, trekker, treks, trellis, tremble, trembly, tremens, tremex, tremie, tremolo, tremor, tremors, tren, trenail, trench, trend, trended, trender, trendle, trends, trendy, trennel, trental, trenton, trepan, trepang, trepans, trepid, tresor, tress, tressed, tressel, tresses, tressy, trestle, tret, tretis, trets, tretys, trevat, trevet, trew, trewe, trews, trewth, trey, treys, triable, triacid, triacle, triad, triadic, triads, triage, triages, trial, trials, trias, triatic, tribade, tribal, tribble, tribe, tribes, triblet, tribual, tribune, tribute, trica, tricae, trice, triced, triceps, trices, trick, tricked, tricker, trickie, trickle, trickly, tricks, tricksy, tricky, tricorn, tricot, tricots, tride, trident, triding, triduan, tried, triens, trier, triers, tries, trifid, trifle, trifled, trifler, trifles, trifold, trifoly, triform, trig, trigamy, trigger, trigon, trigone, trigons, trigram, trigyn, trijet, trijets, trilith, trill, trilled, triller, trillo, trills, trilogy, trim, trimera, trimly, trimmed, trimmer, trims, trinal, trinary, trindle, trine, trined, trines, tringa, tringle, trining, trinity, trink, trinket, trinkle, trio, triode, triodes, triole, triolet, trional, trionyx, trior, trios, triose, trip, tripang, tripart, tripe, tripel, tripery, tripes, triple, tripled, triples, triplet, triplex, triply, tripod, tripods, tripody, tripoli, tripos, tripped, tripper, trippet, trips, tripsis, trireme, trisect, trismus, trist, triste, tristy, trisuls, trite, tritely, triter, tritest, tritium, triton, tritone, tritons, tritova, triture, trityl, triumph, triune, triunes, trivant, trivet, trivets, trivia, trivial, trivium, troad, troat, trocar, trocha, trochal, trochar, troche, trochee, troches, trochi, trochil, trochus, troco, trod, trodden, trode, trogon, trogue, troic, troika, troikas, troili, troilus, trois, trojan, trojans, troll, trolled, troller, trolley, trollop, trolls, trolly, trommel, tromp, trompe, tromped, trompes, trompil, tromps, tron, trona, tronage, trone, trones, troop, trooped, trooper, troops, trop, trope, tropes, trophi, trophic, trophy, tropia, tropic, tropics, tropin, tropine, tropins, tropism, tropist, troppo, trot, troth, trothed, troths, trots, trotted, trotter, trouble, trough, troughs, troul, trounce, troupe, trouped, trouper, troupes, trouse, trouser, trousse, trout, trouts, trouty, trove, trover, trovers, troves, trow, trowed, trowel, trowels, trowing, trowl, trows, trowsed, troy, troys, truage, truancy, truand, truant, truants, trub, trubu, truce, truced, truces, trucing, truck, trucked, trucker, truckle, trucks, trudge, trudged, trudger, trudges, true, trued, trueing, truer, trues, truest, truffle, trug, truing, truism, truisms, truite, trull, trulls, truly, truman, trump, trumped, trumpet, trumpie, trumps, truncal, trunch, truncus, trundle, trunk, trunked, trunks, trunnel, trusion, truss, trussed, trusser, trusses, trust, trusted, trustee, truster, trusts, trusty, truth, truths, truthy, try, trygon, trying, tryout, tryouts, trypsin, tryptic, trysail, tryst, trysted, tryster, trystes, trysts, tsar, tsardom, tsarina, tsarism, tsarist, tsars, tschego, tsebe, tsetse, tsetses, tsimmes, tsked, tsking, tsp, tsuba, tsunami, tsuris, tty, tuatara, tuatera, tub, tuba, tubal, tubas, tubbed, tubber, tubbers, tubbier, tubbing, tubby, tube, tubed, tuber, tubers, tubes, tubfish, tubful, tubfuls, tubing, tubings, tubman, tubmen, tubs, tubular, tubule, tubules, tucan, tucet, tuch, tuck, tucked, tucker, tuckers, tucket, tuckets, tucking, tucks, tucson, tucum, tucuma, tudor, tue, tuefall, tuesday, tuet, tufa, tufas, tuff, tuffet, tuffets, tuffoon, tuffs, tuft, tufted, tufter, tufters, tuftier, tuftily, tufting, tufts, tufty, tug, tugan, tugboat, tugged, tugger, tuggers, tugging, tugs, tuition, tule, tules, tulip, tulips, tull, tulle, tulles, tullian, tulsa, tumble, tumbled, tumbler, tumbles, tumbrel, tumbril, tumefy, tumeric, tumid, tummals, tummies, tummy, tumor, tumoral, tumored, tumors, tumour, tumours, tump, tumped, tumping, tumps, tumular, tumuli, tumult, tumults, tumulus, tun, tuna, tunable, tunably, tunas, tundra, tundras, tune, tuned, tuneful, tuner, tuners, tunes, tuneup, tuneups, tunhoof, tunic, tunicin, tunicle, tunics, tuning, tunings, tunis, tunisia, tunk, tunker, tunnage, tunned, tunnel, tunnels, tunney, tunnies, tunning, tunny, tuns, tup, tupaiid, tupal, tupelo, tupelos, tupi, tupian, tupman, tupmen, tupped, tupping, tups, tur, turacin, turacou, turatt, turban, turband, turbans, turbant, turbary, turbeth, turbid, turbine, turbit, turbite, turbith, turbo, turbos, turbot, turbots, turcism, turd, turds, turdus, tureen, tureens, turf, turfed, turfen, turfier, turfing, turfite, turfman, turfmen, turfs, turfy, turgent, turgid, turgors, turio, turiole, turion, turk, turkeis, turkey, turkeys, turkic, turkis, turkish, turkism, turkle, turko, turkois, turkos, turks, turm, turmoil, turn, turned, turnep, turner, turners, turnery, turney, turning, turnip, turnips, turnix, turnkey, turnoff, turnout, turns, turnup, turnups, turnus, turpeth, turpin, turps, turrel, turret, turrets, turtle, turtled, turtler, turtles, turves, tuscan, tusche, tusches, tuscor, tush, tushe, tushed, tushes, tushing, tusk, tusked, tusker, tuskers, tusking, tusks, tusky, tussah, tussal, tusseh, tussis, tussive, tussle, tussled, tussles, tussock, tussuck, tut, tutee, tutees, tutelar, tutele, tutenag, tutor, tutored, tutors, tutory, tutress, tutrix, tuts, tutsan, tutted, tutti, tutting, tutty, tutu, tutus, tuum, tux, tuxedo, tuxedos, tuxes, tuyere, tv, twaddle, twaddy, twagger, twain, twains, twaite, twang, twanged, twangle, twangs, twangy, twank, twankay, twas, twat, twats, twattle, tway, tweag, tweague, tweak, tweaked, tweaks, tweaky, tweed, tweedle, tweeds, tweedy, tweel, tween, tweer, tweese, tweet, tweeted, tweeter, tweets, twelfth, twelve, twelves, twenty, twerp, twerps, twey, twibil, twice, twiddle, twier, twifold, twig, twigged, twiggen, twigger, twiggy, twight, twighte, twigs, twilit, twill, twilled, twills, twilly, twilt, twin, twine, twined, twiner, twiners, twines, twinge, twinged, twinges, twinier, twining, twink, twinkle, twinkly, twinned, twinner, twins, twinter, twiny, twire, twirl, twirled, twirler, twirls, twirly, twirp, twirps, twist, twiste, twisted, twister, twists, twit, twitch, twitchy, twite, twits, twitted, twitter, twixt, two, twofer, twofers, twofold, twos, twosome, tx, tychism, tycoon, tycoons, tydy, tye, tyer, tyfoon, tyger, tying, tyke, tykes, tylari, tylarus, tyler, tyloses, tylosis, tymbal, tymp, tympan, tympana, tympani, tympano, tympans, tympany, tynd, tyne, tyny, typal, type, typebar, typed, types, typeset, typhoid, typhon, typhons, typhoon, typhos, typhous, typhus, typic, typical, typier, typiest, typify, typing, typist, typists, typo, typos, tyran, tyranny, tyrant, tyrants, tyre, tyred, tyres, tyrian, tyro, tyros, tyrosin, tystie, tythe, tything