a, ad, ae, ah, am, an, as, at, ax, aah, abc,abs, abt,ace, act, add, adj, ado, ads, adv, aft, age, ago, aha, ahs, aid, ail, aim, air, ala, ale, all, alp, als, alt, amp, amt, amy, ana, and, ann, ant, any, ape, app, apt, arc, are, arf, ark, arm, art, ash, ask, asp, ass, ate, aux, ave, avg, awe, awl, awn, axe, aye, aahs, abbr, abet, abid, abit, able, ably, abox, abra, abut, abye, acct, aced, aces, ache, achy, acid, aclu, acme, acne, acre, acts, acyl, adam, adar, adaw, adds, adit, ados, adry, advt, aeon, aero, aery, afar, afer, affy, afro, agar, aged, agen, ages, agha, agin, agio, agni, agog, agon, agre, ague, ahem, ahey, ahoy, aide, aids, aiel, ails, aims, aino, airs, airy, ajar, ajog, akin, alae, alai, alan, alar, alas, alba, albe, albs, alco, alee, alem, ales, alew, alfa, alga, alii, alit, alls, ally, alma, alme, alms, aloe, alow, alps, also, alto, alum, amah, ambo, amel, amen, amex, amia, amic, amid, amir, amis, amit, amma, ammo, amok, amps, amts, amyl, anal, anan, anas, ands, anes, anet, anew, anil, anis, ankh, anna, anne, anno, anoa, anon, ansa, ansi, anta, ante, anti, ants, anus, apar, aped, aper, apes, apex, apis, apod, apse, apus, arab, arak, arch, arco, arcs, area, ares, aret, arew, argo, aria, arid, aril, arks, arms, army, arna, arow, arse, arts, arty, arum, asap, asci, asea, ashy, asia, asks, asps, asse, assn, asst, atma, atmo, atom, atop, atte, attn, atty, atwo, aube, auks, auld, auln, aune, aunt, aura, auto, avdp, avel, aver, aves, avid, avie, avis, avow, away, awed, awes, awls, awns, awny, awol, awry, axal, axed, axel, axes, axil, axis, axle, axon, ayah, ayen, ayes, ayle, ayme, ayry, aahed, abaca, abaci, aback, abada, abaft, aband, abase, abash, abate, abbes, abbey, abbot, abdal, abeam, abear, abele, aberr, abets, abhal, abhor, abide, abies, abime, ablen, abler, ables, ablet, abner, abnet, abode, aboil, aboma, aboon, abord, abort, about, above, abray, absis, abuna, abuse, abuts, abyes, abyme, abysm, abyss, acari, accoy, accts, acerb, ached, aches, achoo, acids, acidy, acing, acini, acmes, acned, acnes, acock, acoin, acold, acorn, acred, acres, acrid, acted, actin, acton, actor, acute, adact, adage, adams, adapt, adays, addax, added, adder, addle, adeem, adeps, adept, adieu, adios, adits, adman, admen, admin, admit, admix, adobe, adolf, adoor, adopt, adore, adorn, adown, adrad, adrip, adult, adunc, adure, adust, adyta, aegis, aeons, aerie, aesir, aesop, afars, affix, afire, aflat, aflow, afoam, afoot, afore, afoul, afric, afrit, afros, after, again, agama, agami, agape, agars, agasp, agast, agate, agaty, agave, agend, agent, agers, agger, aggie, aggri, aggry, aghas, agile, aging, agios, agist, aglee, aglet, agley, aglow, agnus, agone, agons, agony, agood, agora, agree, agric, agrin, agrom, agued, agues, agush, ahead, aheap, ahems, ahigh, ahold, ahull, aided, aider, aides, aigre, ailed, aimed, aimer, ainus, aired, airer, airol, aisle, aitch, ajava, ajiva, akene, aknee, aknow, akron, alack, alamo, aland, alans, alarm, alary, alate, alban, albee, album, albyn, alday, alder, aldol, aleak, alecs, alefs, aleph, alert, alfas, alfet, algae, algal, algas, algid, algin, algol, algor, algum, alias, alibi, alice, alien, alife, align, alike, aline, alish, alive, alkyd, alkyl, allah, allay, allen, aller, alley, allis, allod, alloo, allot, allow, alloy, allyl, almah, alman, almeh, almry, almug, aloes, aloft, alogy, aloha, aloin, alone, along, aloof, alose, aloud, alpen, alpha, alpia, altar, alter, altho, altos, alula, alums, alure, alvei, alway, amahs, amain, amass, amate, amber, ambit, amble, ambon, ambos, ambry, ameba, ameer, amend, amens, ament, amess, amias, amice, amici, amide, amido, amids, amies, amigo, amine, amino, amire, amirs, amish, amiss, amity, ammos, amoks, amole, among, amort, amour, amove, ample, amply, ampul, ampyx, amsel, amter, amuck, amuse, amvis, amyls, amyss, anaks, ancle, ancon, andes, andre, anear, anele, anent, angas, angel, anger, angle, anglo, angor, angry, angst, angus, anigh, anile, anils, anima, anime, animi, animo, anion, anise, anito, anker, ankhs, ankle, ankus, annal, annas, annat, annex, annie, annoy, annul, annum, anode, anoia, anoil, anole, anomy, anona, anorn, ansae, antae, anted, antes, antic, antis, antra, antre, anura, anury, anvil, aorta, aouad, apace, apaid, apair, apara, apart, apeak, apeek, apers, apert, apery, aphid, aphis, apian, aping, apiol, apish, apium, apnea, apoda, apode, apods, aport, appal, appay, appel, apple, apply, appui, apres, april, apron, apses, apsis, apter, aptly, araba, arabs, araby, arace, araks, arara, arbor, arced, archy, arcus, ardor, aread, areal, arear, areas, areca, areed, areek, arefy, arena, areng, arere, arest, arete, argal, argas, argil, argle, argol, argon, argot, argue, argus, arhat, arian, arias, ariel, aries, arils, arise, arist, arith, arles, armed, armer, armet, armil, armor, arnee, arnot, arnut, aroid, aroma, aroph, arose, arpen, arras, array, arret, arrha, arris, arrow, arses, arsis, arson, artly, artow, arums, arval, aryan, aryls, ascii, ascot, ascus, ashed, ashen, ashes, asian, aside, asked, asker, askew, aslug, asoak, aspca, aspen, asper, aspic, assai, assam, assay, asses, asset, assoc, assot, astay, astel, aster, astir, aston, astun, asura, asyla, async, atake, ataxy, atilt, atimy, atlas, atman, atmas, atole, atoll, atoms, atomy, atone, atony, atria, atrip, attal, attar, atter, attic, attle, attry, aubin, aucht, audad, audio, audit, auger, auget, aught, augur, aulic, aunts, aunty, aurae, aural, auras, auric, aurin, aurum, autos, autre, auxin, avail, avale, avant, avast, avena, avens, avers, avert, avian, avile, avion, avise, aviso, avoid, avoke, avows, awacs, await, awake, award, aware, awarn, awash, awful, awing, awkly, awned, awoke, awols, awork, axels, axial, axile, axils, axing, axiom, axled, axles, axman, axmen, axone, axons, ayahs, ayein, ayond, ayont, ayrie, aahing, abacus, abaist, abanet, abanga, abased, abaser, abases, abasia, abassi, abated, abater, abates, abatis, abator, abawed, abbacy, abbess, abbeys, abbots, abbott, abbrev, abdest, abduce, abduct, abegge, abhors, abided, abider, abides, abject, abjure, ablate, ablaut, ablest, ablins, abloom, ablude, ablush, aboard, aboded, abodes, aboral, aborts, abound, aboves, abrade, abraid, abrase, abraum, abroad, abrood, abrook, abrupt, abscam, absent, absist, absorb, absume, absurd, aburst, abused, abuser, abuses, abysms, acacia, acacin, acadia, acajou, acanth, acarus, acater, acates, accede, accend, accent, accept, access, accite, accloy, accoil, accord, accost, accrue, accumb, accuse, aceric, acetal, acetic, acetin, acetol, acetyl, achate, achean, achene, achier, aching, acidic, acidly, acinus, acknow, acnode, acopic, acorns, acrase, acrasy, acrisy, acrita, acrite, acrity, acrook, across, acting, action, active, actors, actual, acture, acuate, acuity, aculei, acumen, acuter, acutes, adages, adagio, adamic, adance, adapts, adarce, adatis, adaunt, addeem, addend, adders, addice, addict, adding, addled, addles, addoom, adduce, adduct, adempt, adepts, adesmy, adeste, adhere, adhort, adieus, adieux, adight, adipic, adipsy, adject, adjoin, adjure, adjust, adjute, admire, admits, admixt, admove, adnate, adnoun, adobes, adolph, adonai, adonic, adonis, adoors, adopts, adored, adorer, adores, adorns, adread, adrian, adrift, adroit, adsorb, adults, adurol, advene, advent, adverb, advert, advice, advise, adviso, advoke, adward, adytum, aedile, aegean, aeneid, aeolic, aeolus, aeonic, aerate, aerial, aeried, aerier, aeries, aerify, aerily, aerobe, aerose, aerugo, aether, afeard, affair, affear, affect, affeer, affied, affile, affine, affirm, afflux, afford, affrap, affray, affret, affuse, afghan, afield, aflame, afloat, aflush, afraid, afreet, afresh, africa, afrite, afrits, afront, afters, agains, agamas, agamic, agamis, agapae, agaric, agates, agaves, agedly, ageing, ageism, ageist, agency, agenda, agents, aggest, aggies, aghast, agible, agings, agists, aglare, agleam, aglets, agnail, agnate, agoing, agonal, agones, agonic, agorae, agoras, agouta, agouti, agouty, agrace, agreed, agreer, agrees, agrief, agrise, agrope, aguilt, aguise, aguish, ahchoo, ahimsa, ahorse, aidant, aiders, aidful, aiding, aidman, aidmen, aiglet, aigret, aikido, ailing, aimers, aimful, aiming, airbus, airest, airier, airily, airing, airman, airmen, airway, aisled, aisles, ajouan, ajowan, akenes, aketon, akimbo, alalia, alamos, alarms, alarum, alaska, alated, alaunt, albany, albata, albedo, albeit, albert, albino, albion, albite, albugo, albums, alburn, alcade, alcaic, alcaid, alcedo, alcove, alcyon, aldern, alders, aldine, aldrin, alegar, aleger, alegge, alephs, alerts, alevin, alexia, alfred, algate, algins, algoid, algous, alibis, alible, aliene, aliens, alight, aligns, alined, aliner, alines, alioth, aliped, aliter, alkali, alkyds, alkyls, allays, allect, allege, allele, alleys, allice, allied, allies, allium, allots, allows, alloys, allude, allure, allyls, almain, almery, almner, almond, almose, almost, almuce, almude, alnage, alnico, alohas, alpaca, alphas, alphol, alpine, alpist, alsike, altaic, altars, altern, alters, althea, aludel, alular, alumen, alumin, alumna, alumni, alveus, alvine, always, amadou, ambary, ambers, ambery, ambigu, ambled, ambler, ambles, ambury, ambush, amebae, ameban, amebas, amebic, ameers, amende, amends, amenta, aments, amerce, amicus, amides, amidic, amidin, amidol, amidst, amigas, amigos, amines, aminic, aminol, amioid, ammine, ammino, ammite, amnion, amnios, amoeba, amoles, amomum, amoral, amoret, amorwe, amotus, amount, amours, ampere, amphid, ampler, ampule, ampuls, amrita, amtrac, amtrak, amucks, amulet, amused, amuser, amuses, amylic, amyous, anabas, anadem, anakim, anally, analog, ananas, anarch, anatto, anbury, anchor, ancien, ancile, ancome, ancone, ancony, andean, andine, andrew, andron, aneath, anemia, anemic, anenst, anergy, anetic, angary, angels, angers, angina, angled, angler, angles, anglic, anglos, angola, angora, angsts, angust, anhang, anhele, anhima, anicut, anient, anight, anilic, anilin, animal, animas, animus, anions, anises, anisic, anisol, anisyl, ankara, ankled, ankles, anklet, anlace, anlaut, annals, annats, anneal, annoys, annual, annuli, annuls, anodal, anodes, anodic, anodon, anoint, anoles, anolis, anomal, anomia, anomic, anomie, anonym, anopia, anopla, anopsy, anorak, anotta, anoura, anoxia, anoxic, answer, anteal, anteed, anthem, anther, antiae, antiar, antics, anting, antler, antlia, antony, antral, antrum, anubis, anuses, anvils, anyhow, anyone, anyway, aonian, aorist, aortae, aortal, aortas, aortic, aouads, aoudad, apache, apathy, apaume, apepsy, apercu, aperea, apexes, aphasy, aphids, aphony, aphtha, apiary, apical, apices, apiece, apiked, aplomb, apneal, apneas, apneic, apnoea, apodal, apodan, apodes, apogee, apoise, apolar, apollo, aporia, appair, appall, appals, appeal, appear, appels, append, appete, appian, apples, applot, appose, approx, aprons, aptate, aptera, aptest, aptote, arabia, arabic, arabin, arable, araise, arango, arbors, arbour, arbute, arcade, arcana, arcane, arched, archer, arches, archil, archly, archon, arcing, arcked, arctic, arcual, ardent, ardors, ardour, arenae, arenas, arenga, areola, areole, aretes, argala, argali, argals, argean, argent, argils, argive, argled, argles, argoan, argols, argons, argosy, argots, argued, arguer, argues, argufy, argute, argyle, argyll, arhats, arider, aridly, aright, ariled, ariman, ariose, arioso, arisen, arises, arista, arkite, arkose, armada, armado, armers, armful, armies, arming, armlet, armors, armory, armour, armpit, armure, arnaut, arnica, arnold, aroids, aroint, arolla, aromas, around, arouse, aroynt, arpent, arpine, arrach, arrack, arrant, arrays, arrear, arrect, arrest, arride, arrish, arrive, arroba, arrose, arrows, arrowy, arroyo, arsine, arsons, artery, artful, arthen, arthur, artiad, artier, artily, artist, aryans, ascend, ascent, ascham, ascian, ascots, asemia, ashame, ashcan, ashery, ashier, ashine, ashing, ashlar, ashler, ashman, ashmen, ashore, ashram, asians, asides, asilus, asitia, askant, askers, asking, aslake, aslant, asleep, aslope, asmear, aspect, aspens, aspers, aspics, aspire, aspish, assail, assart, assays, assent, assert, assess, assets, assign, assish, assisi, assist, assoil, assort, assume, assure, astart, astate, astern, asters, astert, asthma, astond, astone, astony, astoop, astral, astray, astrut, astute, aswail, aswarm, asweve, aswing, aswirl, aswoon, asylum, atabal, ataman, ataunt, atavic, ataxia, ataxic, ateles, athena, athens, athink, atmans, atolls, atomic, atonal, atoned, atoner, atones, atonic, atopic, atrede, atrial, atrium, atrous, atrypa, attach, attack, attain, attame, attars, attask, attend, attent, attest, attics, attila, attire, attone, attorn, attrap, attrib, attune, atwain, atween, atwirl, atwite, atwixt, atypic, aubade, auburn, audads, audile, audios, audits, augean, augend, augers, aughts, augite, augrim, augurs, augury, august, aulder, aumail, aumbry, aumery, auncel, aunter, auntie, auntre, aurate, aureus, auriga, aurist, aurora, aurous, aurums, aussie, auster, austin, author, autism, autoed, autumn, auxins, avails, avatar, avaunt, avener, avenge, avenor, avenue, averse, averts, avesta, aviado, avians, aviary, aviate, avidly, avions, avocat, avocet, avoids, avoset, avouch, avowal, avowed, avowee, avower, avowry, avoyer, avulse, awaits, awaked, awaken, awakes, awards, aweary, aweigh, aweing, awhape, awhile, awhirl, awless, awning, awoken, awreak, awreke, awrong, awsome, axeman, axemen, axilla, axioms, axises, axlike, axonal, axones, axonic, axseed, axtree, axunge, ayeins, aaronic, abacist, abactor, abaculi, abaddon, abaiser, abalone, abandon, abandum, abasers, abashed, abashes, abasing, abassis, abaters, abating, abattis, abature, abaxial, abaxile, abbotcy, abdomen, abduced, abducts, abelian, abelite, abettal, abetted, abetter, abettor, abeyant, abiders, abiding, abietic, abietin, abigail, abilene, ability, abiotic, abjudge, abjured, abjurer, abjures, ablated, ablates, ablepsy, ablings, abluent, abluted, aboding, abolish, aborted, aborter, abought, abounds, abraded, abrader, abrades, abraham, abraxas, abreact, abreast, abregge, abridge, abroach, abscess, abscind, abscise, absciss, abscond, absence, absents, absinth, absolve, absorbs, absorpt, abstain, absurds, abubble, abusage, abusers, abusing, abusion, abusive, abuttal, abutted, abutter, abysmal, abyssal, abysses, acaciae, acacias, acacine, academe, academy, acadian, acaleph, acantha, acanthi, acarina, acarine, acaroid, acceded, acceder, accedes, accents, accepts, accidie, acclaim, acclive, accoast, accompt, accords, accosts, account, accourt, accrete, accrual, accrued, accruer, accrues, accurse, accurst, accusal, accused, accuser, accuses, accusor, acephal, acerate, acerber, acerbic, acerola, acerose, acerous, acerval, acetary, acetate, acetify, acetone, acetose, acetous, achaean, achaian, achenes, acheron, achiest, achieve, achiote, acholia, acicula, acidify, acidity, aciform, acinose, acinous, aciurgy, aclinic, acnodal, acology, acolyte, acolyth, aconite, acontia, acorned, acouchy, acrania, acrasia, acreage, acrider, acridly, acrisia, acritan, acrobat, acrogen, acronyc, acronym, acroter, acrotic, acrylic, actable, actinal, actings, actinia, actinic, actions, actives, actless, actress, actuary, actuate, actuose, aculeus, acumens, acutely, acutest, acyclic, adactyl, adagial, adagios, adamant, adamite, adangle, adapted, adapter, adaptly, adaptor, addable, addedly, addenda, addends, addible, addicts, addison, addling, address, addrest, adduced, adducer, adduces, addulce, adeling, adenine, adenoid, adenoma, adenose, adenous, adepter, adeptly, adhered, adherer, adheres, adhibit, adipoma, adipose, adipous, adjoins, adjoint, adjourn, adjudge, adjunct, adjured, adjurer, adjures, adjuror, adjusts, adjutor, admiral, admired, admirer, admires, admixed, admixes, adonean, adonist, adopted, adoptee, adopter, adorers, adoring, adorned, adorner, adpress, adrenal, adsorbs, adulate, adulter, adultly, adusted, advance, advents, adverbs, adverse, adverts, advices, advised, advisee, adviser, advises, advisor, advowee, advoyer, adynamy, aecidia, aegises, aeneous, aeolian, aeonian, aerated, aerates, aerator, aerials, aeriest, aerobes, aerobia, aerobic, aerobus, aerogun, aeronat, aeronef, aerosol, aesopic, aethers, aetites, afeared, affable, affably, affaire, affairs, affects, affiant, affiche, affinal, affined, affirms, affixal, affixed, affixer, affixes, afflict, afforce, affords, affrays, affront, affused, affying, afghani, afghans, aflaunt, afreets, african, aftmost, aftward, against, agalaxy, agamist, agamous, agapeic, agarics, agatine, ageings, ageists, ageless, agelong, agendas, agendum, agentry, aggrace, aggrade, aggrate, aggrege, aggress, aggroup, agilely, agility, agister, agistor, agitate, agitato, agminal, agnatic, agnomen, agnuses, agonies, agonise, agonism, agonist, agouara, agraffe, aground, agynous, aheight, ahimsas, ahriman, aiblins, aidance, aidless, aiglets, aigrets, aigulet, aikidos, aileron, ailette, ailment, aimless, airbill, airboat, aircrew, airdrop, airfare, airflow, airfoil, airglow, airhead, airiest, airings, airless, airlift, airlike, airline, airling, airlock, airmail, airport, airship, airsick, airward, airwave, airways, aisless, aitches, ajowans, ajutage, akvavit, alabama, aladdin, alameda, alamire, alamode, alamort, alanine, alantin, alarmed, alarums, alaskan, alaskas, alatern, alation, albania, albedos, alberta, albinos, alborak, albumen, albumin, alcalde, alcanna, alcayde, alchemy, alchymy, alcoate, alcohol, alcoran, alcoved, alcoves, aldrins, alecost, alehoof, alembic, alength, alepole, alerted, alerter, alertly, aleuron, aleutic, alewife, alfalfa, alferes, alfione, alforja, algarot, algates, algebra, algeria, algiers, algific, alhenna, aliases, alibied, alibies, alicant, alidade, aliened, alienee, aliener, alienly, alienor, aliform, alights, aligned, aligner, aliment, alimony, aliners, alining, aliunde, alkalic, alkalin, alkalis, alkanet, alkoran, allayed, allayer, alledge, alleged, alleger, alleges, allegge, allegro, alleles, allelic, allergy, alleyed, allheal, alliant, alliums, allness, allonge, allonym, alloted, allover, allowed, allower, alloxan, alloyed, alluded, alludes, allured, allurer, allures, alluvia, allwork, allying, almadia, almadie, almagra, almanac, almayne, almesse, almners, almonds, almoner, almonry, almsman, almsmen, alnager, aloetic, alogian, alonely, alongst, aloofly, alopecy, alpacas, alphorn, alpines, already, alright, altaian, altered, alterer, althaea, althing, althorn, alumina, alumine, alumins, alumish, alumnae, alumnus, alunite, alveary, alveole, alveoli, alyssum, amalgam, amanita, amarant, amarine, amassed, amasser, amasses, amateur, amative, amatory, ambages, ambassy, ambered, ambient, ambitus, amblers, ambling, ambreic, ambrein, ambries, ambrite, ambrose, amburry, amebean, ameboid, amenage, amended, amender, amenity, amentia, amentum, amenuse, amerced, amercer, amerces, america, amerind, amerism, amharic, amiable, amiably, amianth, aminity, amirate, amities, ammeter, ammiral, ammonal, ammonia, ammonic, amnesia, amnesic, amnesty, amnions, amniota, amniote, amoebae, amoeban, amoebas, amoebea, amoebic, amongst, amorist, amorosa, amoroso, amorous, amorpha, amorphy, amotion, amounts, amperes, amphora, amplest, amplify, ampoule, ampules, ampulla, amputee, amreeta, amritas, amtrack, amtracs, amulets, amusers, amusing, amusive, amylase, amylate, amylene, amyloid, amylose, anadems, anadrom, anaemia, anaemic, anagoge, anagogy, anagram, anaheim, analgen, analgia, anality, analogs, analogy, analyse, analyst, anamese, anapest, anarchs, anarchy, anatase, anatifa, anatine, anatomy, anatron, anattos, anchors, anchovy, anciens, ancient, ancille, anconal, ancones, andante, andarac, andiron, andorra, android, anelace, anemias, anemone, anemony, anergia, aneroid, anethol, angeles, angelet, angelic, angelot, angelus, angered, angerly, anginal, anginas, angioma, anglers, anglian, anglice, anglify, angling, angolan, angoras, angrier, angrily, anguine, anguish, angular, anguses, anhinga, anights, anilide, aniline, anilins, anility, animals, animate, animato, animism, animist, animose, animous, anionic, aniseed, anklets, ankuses, annates, annatto, anneals, annelid, annexed, annexer, annexes, annicut, annotto, annoyed, annoyer, annuals, annuary, annuent, annuity, annular, annuler, annulet, annulus, anodyne, anoetic, anoints, anomaly, anomies, anomura, anonyma, anonyms, anopsia, anoraks, anorexy, anormal, anosmia, another, anoxias, ansated, anseres, answers, antacid, antaean, antares, anteact, antefix, anteing, antenna, anthems, anthers, anthill, anthoid, anthony, anthrax, anthrop, antickt, anticly, anticor, antigen, antilae, antings, antiwar, antlers, antlike, antlion, antoeci, antonio, antonym, antwerp, anurous, anviled, anxiety, anxious, anybody, anymore, anytime, anyways, anywise, aoudads, apaches, apagoge, apanage, aparejo, apatite, apehood, apelike, apercus, aperies, apertly, aphagia, aphakia, aphasia, aphasic, aphelia, aphemia, aphesis, aphetic, aphides, aphonia, aphonic, aphotic, aphrite, aphthae, apician, apieces, apishly, apitpat, aplasia, aplenty, aplombs, aplysia, apocope, apodeme, apodous, apogaic, apogamy, apogeal, apogean, apogees, apogeic, apohyal, apollos, apology, apolune, apoplex, aporias, aporosa, aporose, apostil, apostle, apothem, apotome, appalls, apparat, apparel, appaume, appeach, appeals, appears, appease, appends, apperil, appetit, applaud, applied, applier, applies, appoint, apposed, apposer, apposes, apprest, apprise, appromt, approof, approve, appulse, apricot, aprocta, aproned, apropos, aprosos, apsidal, apsides, aptable, apteral, apteran, apteria, apteryx, aptness, aptotic, apyrexy, apyrous, arabesk, arabian, arabism, arabist, arables, aracari, aramaic, aramean, arapaho, araroba, aration, aratory, arbiter, arblast, arbored, arbores, arboret, arbours, arbutus, arcaded, arcades, arcadia, arcadic, arcanum, archaic, archers, archery, archest, archeus, arching, archive, archons, archway, arcking, arctics, arcuate, arcubus, ardency, ardours, arduous, areaway, arenose, areolae, areolar, areolas, areoles, areolet, argents, argoile, argolic, arguers, arguing, argulus, arguses, argyles, argylls, aricine, aridest, aridity, arietta, ariette, arillus, ariosos, arising, armadas, armband, armenia, armfuls, armhole, armiger, armilla, armings, armless, armlets, armload, armoire, armored, armorer, armoric, armours, armoury, armpits, armrack, armrest, armsful, arnaout, arnatto, arnicas, arnicin, arnotto, aroints, arousal, aroused, arouser, arouses, aroynts, arracks, arraign, arrange, arrases, arrayal, arrayed, arrayer, arrears, arrests, arriere, arrival, arrived, arriver, arrives, arrowed, arroyos, arschin, arsenal, arsenic, arshine, arsonic, artemia, artemis, article, artiest, artisan, artiste, artists, artless, artsman, artwork, aruspex, asaphus, asarone, asbolin, ascarid, ascends, ascents, ascetic, ascians, ascidia, ascites, ascitic, ascribe, ascript, asepses, asepsis, aseptic, asexual, ashamed, ashcans, ashiest, ashlars, ashlers, ashless, ashrams, ashtray, ashweed, asiarch, asiatic, asinego, asinine, askance, askings, asocial, asonant, aspects, asperne, asperse, asphalt, asphyxy, aspired, aspirer, aspires, aspirin, asprawl, asramas, assagai, assails, assamar, assapan, assault, assayed, assayer, assegai, assents, asserts, assever, asshole, assiege, assigns, assists, asslike, assober, assorts, assuage, assumed, assumer, assumes, assumpt, assured, assurer, assures, assuror, asswage, assyria, astacus, astarte, astatic, astatki, asteism, astheny, asthmas, astoned, astound, astrals, astrand, astrict, astride, astroid, astylar, asunder, asylums, atafter, ataghan, ataraxy, ataunto, atavism, atavist, atelier, atellan, athanor, atheism, atheist, atheous, athirst, athlete, athwart, atingle, atlanta, atlases, atokous, atomics, atomies, atomise, atomism, atomist, atoners, atonics, atonies, atoning, atrenne, atresia, atriums, atrocha, atrophy, atropia, attabal, attacca, attache, attacks, attagas, attagen, attains, attaint, attaste, attempt, attends, attests, attical, attinge, attired, attirer, attires, attonce, attract, attrite, attuned, attunes, aubades, aubaine, auberge, auburns, auctary, auction, auctors, audible, audibly, audient, audited, auditor, augends, augitic, augment, augural, augured, augurer, augusta, auklets, aukward, auldest, auletic, aulnage, aunties, auntter, aurally, aurated, aureate, aurelia, aureola, aureole, auricle, aurigal, aurited, aurochs, aurorae, auroral, auroras, auscult, auspice, aussies, austere, austral, austria, autarky, authors, autisms, autobus, autoing, automat, autopsy, autumns, auxesis, auxetic, availed, avarice, avarous, avatars, avaunce, avenage, avenged, avenger, avenges, avenses, aventre, avenues, average, avernal, averred, averted, averter, avestan, aviated, aviates, aviator, avicula, avidity, aviette, avigato, avionic, avisely, avision, avocado, avocate, avocets, avoided, avoider, avolate, avowals, avowant, avowers, avowing, avowtry, awaited, awaiter, awakens, awaking, awarded, awardee, awarder, aweless, awesome, awfully, awkward, awlwort, awnings, awnless, axially, axillae, axillar, axillas, axinite, axolotl, axstone