ca, cc, cd, cl, co, cr, cs, ct, cab, cad, cag, cal, cam, can, cap, car, cat, caw, cay, cgs, cha, chi, chm, cia, cid, cit, cob, cod, cog, col, com, con, coo, cop, cor, cot, cow, cox, coy, cpi, cpl, cps, cpu, crc, cry, csp, cst, ctg, cts, cub, cud, cue, cum, cun, cup, cur, cut, cwt, caas, cabs, cack, cade, cadi, cads, cady, cafe, cage, cagy, cake, caky, calc, calf, cali, calk, call, calm, calx, came, camp, cams, cand, cane, cans, cant, cany, cape, caps, card, care, carf, cark, carl, carp, cars, cart, casa, case, cash, cask, cass, cast, cata, cate, cats, cauf, cauk, caul, cave, cavy, cawk, caws, cayo, cays, ceca, cede, cees, ceil, cell, celt, cent, cere, cero, cert, cess, cest, cete, chab, chad, chak, cham, chap, char, chat, chaw, chef, chem, ches, chew, chia, chic, chid, chin, chip, chit, chop, chou, chow, chub, chud, chug, chum, ciao, cill, cima, cine, cion, circ, cist, cite, city, cive, clad, clam, clan, clap, claw, clay, clee, clef, cleg, clem, clew, clio, clip, clod, clog, clop, clot, cloy, club, clue, clum, cmdg, coag, coak, coal, coat, coax, cobs, coca, cock, coco, coda, code, cods, coed, cogs, coho, coif, coil, coin, coir, coit, coke, cola, cold, cole, coll, colp, colt, coly, coma, comb, come, comp, cond, cone, conf, cong, conj, conk, conn, cons, cont, cony, cook, cool, coom, coon, coop, coos, coot, cope, cops, copy, cora, corb, cord, core, corf, cork, corm, corn, corp, cosh, coss, cost, cosy, cote, cots, coup, cove, cowl, cows, coxa, crab, crag, cram, cran, crap, craw, cray, cree, crew, crib, cric, crop, crow, crud, crup, crus, crut, crux, ctrl, cuba, cube, cubs, cuca, cuds, cued, cues, cuff, cuke, cull, culm, cult, cund, cunt, cups, curb, curd, cure, curl, curr, curs, curt, cusk, cusp, cuss, cute, cuts, cyan, cyma, cyme, cyon, cyst, caaba, cabal, cabas, cabby, caber, cabin, cable, cabob, cabot, cacao, cache, cacti, caddy, cader, cades, cadet, cadew, cadge, cadgy, cadie, cadis, cadre, caeca, cafes, caged, cager, cages, cagey, cagit, cagot, cains, caird, cairn, cairo, cajon, cajun, caked, cakes, calfs, calid, calif, calin, calix, calks, calla, calle, calli, calls, calms, calmy, calor, calve, calyx, camel, cameo, camis, campi, campo, camps, campy, camus, canal, candy, caned, caner, canes, canis, canna, canny, canoe, canon, canst, canto, cants, canty, caped, capel, caper, capes, caple, capoc, capon, capos, capot, cappy, capra, capri, caput, carac, carat, carbo, cardo, cards, cared, carer, cares, caret, carex, cargo, carib, carlo, carne, carny, carob, carol, carom, carpe, carpi, carps, carry, carse, carte, carts, carus, carve, casal, casas, cased, cases, casks, caste, casts, casus, catch, catel, cater, cates, cathy, catso, catty, caulk, cauls, cauma, cause, caved, caver, caves, cavie, cavil, cavin, cawed, cawky, caxon, cease, cecal, cecil, cecum, cedar, ceded, ceder, cedes, cedry, ceils, ceint, celeb, cella, celli, cello, cells, celts, cense, cento, cents, ceorl, cerci, cered, ceres, ceria, cerin, ceryl, cetic, cetin, cetyl, chace, chads, chafe, chaff, chain, chair, chaja, chalk, champ, chams, chang, chank, chant, chaos, chape, chaps, chapt, chara, chard, chare, chark, charm, charr, chars, chart, chary, chase, chasm, chast, chati, chats, chaun, chaus, chaws, cheap, chear, cheat, check, cheek, cheep, cheer, chefs, chela, chely, cheng, chert, chese, chess, chest, cheve, chevy, chews, chewy, chian, chiao, chias, chica, chich, chick, chico, chics, chide, chief, chiel, child, chile, chili, chill, chimb, chime, chimp, china, chine, chink, chino, chins, chips, chirk, chirm, chirp, chits, chive, chivy, choak, chock, chode, choir, choke, choky, chomp, chops, chord, chore, chose, chout, choux, chows, chubs, chuck, chuet, chufa, chuff, chugs, chump, chums, chunk, churl, churn, churr, chuse, chute, chyle, chyme, cibol, cider, cigar, cilia, cimar, cimex, cimia, cinch, cines, cions, cippi, circa, circe, cirri, cisco, cists, cital, cited, citer, cites, civet, civic, civil, civvy, clack, clads, clags, claik, claim, clair, clake, clamp, clams, clang, clank, clans, clape, claps, clapt, clare, clark, clart, clary, clash, clasp, class, claus, clave, clavy, claws, clays, clean, clear, cleat, cleek, clefs, cleft, clepe, clept, clerk, clews, click, cliff, clift, climb, clime, cline, cling, clink, clips, clipt, cloak, clock, clods, cloff, clogs, cloke, clomb, clomp, clone, clong, clonk, cloom, cloop, cloot, clops, close, closh, clote, cloth, clots, cloud, clout, clove, clown, cloys, clubs, cluck, clued, clues, clump, clung, clunk, cnida, coach, coact, coals, coaly, coast, coati, coats, cobby, cobia, coble, cobol, cobra, cocas, cocci, cocks, cocky, cocoa, cocos, codal, codas, coded, coder, codes, codex, codle, codon, coeds, coffs, cogon, cogue, cohen, cohos, coifs, coign, coils, coins, coirs, coked, cokes, colas, colds, coles, colet, colic, colin, colla, colly, colon, color, colts, comas, combe, combo, combs, comer, comes, comet, comfy, comic, comma, comme, commy, compo, comps, compt, comte, conch, condo, coned, cones, coney, conga, conge, congo, conia, conic, conks, conky, conns, conny, conte, conto, conus, cooch, cooed, cooee, cooer, cooey, cooks, cooky, cools, cooly, coomb, coons, coops, coopt, coots, copal, coped, coper, copes, copps, copra, copse, copsy, copts, corah, coral, corbe, corby, cords, cordy, cored, corer, cores, corgi, corks, corky, corms, corns, cornu, corny, corol, corps, corse, corve, cosec, cosen, coset, cosey, cosie, cosmo, costa, costs, cotan, coted, cotes, cotta, couch, cough, could, count, coupe, coups, courb, court, couth, coved, coven, cover, coves, covet, covey, covin, cowan, cowed, cower, cowls, cowry, coyed, coyer, coyly, coypu, craal, crabs, crack, craft, crags, craie, crail, crake, cramp, crams, crane, crang, crank, crape, craps, crapy, crare, crase, crash, crass, crate, crave, crawl, craws, creak, cream, creat, credo, creed, creek, creel, creep, crees, creme, crems, crepe, crept, crepy, cress, crest, crete, creux, crews, cribs, crick, cried, crier, cries, crime, crimp, crisp, crith, croak, croat, croci, crock, croft, crois, croma, crone, crony, crook, croon, crope, crops, crore, cross, croud, croup, crout, crowd, crown, crows, croys, crude, cruds, crudy, cruel, cruet, crull, crumb, crump, crunk, cruor, crura, cruse, crush, crust, cruth, crwth, cryal, cryer, crypt, cuban, cubby, cubeb, cubed, cuber, cubes, cubic, cubit, cuddy, cuffs, cuffy, cufic, cuing, cuish, cukes, culex, culls, cully, culms, culpa, culpe, cults, cumic, cumin, cunni, cunts, cupel, cupid, cuppa, cuppy, curat, curbs, curch, curds, curdy, cured, curer, cures, curia, curie, curio, curle, curls, curly, curry, curse, curst, curve, curvy, cushy, cusps, cutch, cuter, cutes, cutey, cutie, cutin, cutis, cutty, cutup, cyans, cycad, cycas, cycle, cyclo, cyder, cymar, cymes, cymry, cynic, cysts, cytty, cabala, cabals, cabana, cabbie, cabeca, cabers, cabiai, cabins, cabled, cables, cablet, cabman, cabmen, cabobs, cabree, cabrit, caburn, cacaos, cached, caches, cachet, cachou, cackle, cacoon, cactus, caddie, caddis, caddow, cadene, cadent, cadets, cadged, cadger, cadges, cadmia, cadmic, cadres, caduke, caecal, caecum, caesar, caffre, cafila, caftan, cagers, cagier, cagily, caging, cagmag, cahier, cahoot, caiman, cairns, cajole, cajuns, cakier, caking, calade, calami, calash, calcar, calced, calces, calcic, calefy, calice, calico, califs, caligo, caliph, calked, calker, calkin, callas, callat, called, caller, callet, callid, callot, callow, callus, calmed, calmer, calmly, calory, calved, calver, calves, calvin, calxes, calyon, camail, camara, camass, camber, cambia, camden, camels, cameos, camera, camlet, cammas, camous, camoys, camped, camper, campos, campus, canaan, canada, canals, canape, canard, canary, cancan, cancel, cancer, candid, candle, candor, caners, cangue, canine, caning, canker, cannas, canned, cannei, cannel, canner, cannie, cannon, cannot, canoed, canoes, canons, canopy, cantab, cantar, canted, cantel, canter, canthi, cantle, canton, cantor, cantos, canuck, canula, canvas, canyon, capape, capers, capful, capias, capita, capite, capivi, caplin, capoch, capone, capons, capote, capped, capper, capric, caprid, captor, carack, carafe, caranx, carate, carats, carbon, carboy, carcel, carded, carder, cardia, cardol, careen, career, carene, carers, caress, carets, carful, cargos, carhop, caribe, caries, carina, caring, carlin, carlot, carman, carmen, carmot, carnal, carney, carnic, carnie, carnin, carobs, caroli, carols, caroms, carpal, carped, carpel, carper, carpet, carpus, carrel, carrol, carrom, carrot, carrow, carryk, carson, carted, cartel, carter, cartes, carton, cartop, carved, carvel, carven, carver, carves, carvol, casaba, casava, casbah, caseic, casein, casern, caseum, cashed, casher, cashes, cashew, cashoo, casing, casini, casino, casked, casket, casper, cassia, cassis, casted, caster, castes, castle, castor, castro, casual, catchy, catena, catene, caters, catery, catgut, cathay, cation, catkin, catnap, catnip, catsos, catsup, catted, cattle, caucus, caudad, caudal, caudex, caudle, caufle, caught, cauker, caules, caulis, caulks, causal, caused, causer, causes, causey, cautel, cauter, caveat, cavern, cavers, caviar, cavies, cavils, caving, cavity, cavort, cawing, cawker, caxton, cayman, cayuse, ceased, ceases, cecity, cedarn, cedars, ceders, ceding, cedrat, cedule, ceiled, ceiler, celebs, celery, celiac, cellar, celled, cellos, celtic, cement, censed, censer, censes, censor, census, cental, center, centos, centra, centre, centry, centum, cerago, cerate, cercal, cercus, cereal, cereus, cerial, cerias, cering, ceriph, cerise, cerite, cerium, cermet, ceroma, ceroon, cerote, cerris, certes, cerule, ceruse, cervix, cervus, cesium, cessed, cesser, cesses, cessor, cestui, cestus, cestuy, cesura, cetene, cetera, ceylon, chabuk, chacma, chafed, chafer, chafes, chaffs, chaffy, chains, chairs, chaise, chalah, chalet, chalks, chalky, chalon, chamal, champe, champs, champy, chance, chancy, change, chants, chanty, chaped, chapel, chappy, chards, chared, chares, charge, charms, charon, charre, charry, charta, charte, charts, chased, chaser, chases, chasms, chasmy, chasse, chaste, chatty, chaunt, chawed, chawer, cheaps, cheats, chebec, checks, checky, chedar, cheeks, cheeky, cheeps, cheers, cheery, cheese, cheesy, chegoe, chegre, chelae, chelas, chemic, chemin, cherif, cherry, cherty, cherub, cherup, chests, chesty, chetah, cheval, cheven, chevet, chewed, chewer, chewet, chiasm, chicha, chichi, chicks, chicky, chicle, chicly, chicos, chided, chider, chides, chiefs, chiels, chieve, chiffo, chigoe, chigre, childe, chiles, chilli, chills, chilly, chimed, chimer, chimes, chimps, chinas, chinch, chined, chines, chinks, chinky, chinos, chinse, chints, chippy, chirks, chirps, chirpy, chirre, chisel, chitin, chiton, chitty, chives, chivvy, chocks, choice, choirs, choked, choker, chokes, chokey, choler, cholic, cholla, chomps, choose, choosy, chopin, choppy, choral, chorda, chords, chorea, chored, choree, chores, choric, chorus, chosen, choses, chouan, chough, chouka, choule, chouse, chowed, chowry, chrism, christ, chroma, chrome, chromo, chubby, chucks, chucky, chuffs, chuffy, chukka, chulan, chummy, chumps, chunam, chunks, chunky, church, churls, churly, churme, churns, churrs, chuted, chutes, chymic, cicada, cicala, cicely, cicero, cicuta, ciders, cierge, cigars, cilice, cilium, cimbal, cimbia, cimiss, cinder, cinema, cingle, cinter, cinura, cipher, cippus, circar, circle, circum, circus, cirrus, ciscos, cisted, cistic, citers, citess, citied, cities, citify, citing, citole, citric, citron, citrus, civets, civics, civies, civily, civism, clacks, claggy, claims, claire, clammy, clamor, clamps, clangs, clanks, claret, clarke, clarre, clarty, clasps, claspt, classy, clatch, clause, clavel, claver, claves, clavis, clavus, clawed, clawer, claxon, clayed, clayes, clayey, cleans, clears, cleats, cleave, cleche, clechy, cledge, cledgy, clefts, clench, cleped, clergy, cleric, clerks, clever, clevis, clewed, cliche, clicks, clicky, client, cliffs, cliffy, clifts, climax, climbs, climes, clinch, clings, clingy, clinic, clinks, clione, cloaca, cloaks, cloche, clocks, cloddy, cloggy, clomps, clonal, cloned, clones, clonic, clonks, clonus, closed, closen, closer, closes, closet, clothe, cloths, clotty, clouds, cloudy, clough, clouts, cloven, clover, cloves, clowns, cloyed, clubby, clucks, cluing, clumps, clumpy, clumsy, clunch, clunks, clutch, clypei, cnidae, coacts, coaita, coaled, coaler, coapts, coarct, coarse, coasts, coated, coatee, coater, coatis, coaxal, coaxed, coaxer, coaxes, cobaea, cobalt, cobbed, cobber, cobble, cobnut, cobras, cobweb, cocain, coccus, coccyx, cockal, cocked, cocker, cocket, cockle, cockup, cocoas, cocoon, codder, coddle, codein, coders, codger, codify, coding, codist, codlin, codons, coelia, coelum, coempt, coerce, coeval, coffee, coffer, coffin, coffle, cogent, cogged, cogger, coggle, cogito, cogman, cognac, cogway, coheir, cohere, cohorn, cohort, cohosh, cohune, coifed, coigne, coigns, coigny, coiled, coiler, coilon, coined, coiner, coital, coitus, cojoin, coking, colder, coldly, colera, coleus, colfox, colics, colies, collar, collat, collet, colley, collie, collin, collop, collow, collum, cologs, colons, colony, colors, colour, colter, colugo, column, colure, comart, comate, combat, combed, comber, combes, combos, comedo, comedy, comely, comers, cometh, comets, comfit, comics, coming, comity, commas, commie, commit, commix, common, comose, comped, compel, comply, compos, compte, compts, comsat, comtes, concha, conchs, conchy, concur, conder, condog, condom, condor, condos, coneys, confab, confer, confit, confix, confus, congas, congee, conger, congos, congou, conics, conida, conies, conine, conite, conium, conked, conker, conned, conner, connex, connie, conoid, consol, consul, contek, contes, contex, contra, conure, convex, convey, convoy, cooeed, cooees, cooers, cooeys, cooing, cooked, cookee, cooker, cookey, cookie, cooled, cooler, cooley, coolie, coolly, coombe, coombs, cooped, coopee, cooper, coopts, cooter, cootie, copalm, copals, copart, copeck, copers, copied, copier, copies, coping, copist, coplot, copout, copped, coppel, copper, coppin, copple, copras, copses, copter, coptic, copula, copyer, corage, corals, corant, corban, corbel, corbie, corcle, cordal, corded, corder, cordon, corers, corgis, coring, corium, corked, corker, cormus, cornea, corned, cornel, corner, cornet, cornic, cornin, cornua, corody, corona, coroun, corpse, corpus, corral, correi, correl, corrie, corsac, corsak, corses, corset, cortes, cortex, cortin, corvee, corven, corves, corvet, corymb, cosecs, cosets, coseys, coshed, cosher, coshes, cosier, cosies, cosign, cosily, cosine, cosmic, cosmos, cossas, cosset, cossic, costal, costar, costed, coster, costly, cotans, coteau, cotise, cottar, cotter, cotton, cotyla, cotyle, couage, coucal, couche, coudee, cougar, coughs, coulee, counts, county, couped, coupee, coupes, couple, coupon, courap, course, courts, cousin, couths, covens, covent, covers, covert, covets, coveys, coving, cowage, coward, cowboy, cowdie, cowers, cowier, cowing, cowish, cowled, cowman, cowmen, cowpat, cowpea, cowpox, cowrie, coyest, coying, coyish, coyote, coypus, craals, crabby, craber, crache, cracks, cracky, cradle, crafts, crafty, craggy, craker, crambo, cramps, crampy, cranch, craned, cranes, crania, cranks, cranky, cranny, crants, craped, crapes, crappy, crasis, cratch, crated, crater, crates, craton, cravat, craved, craven, craver, craves, crawls, crawly, crayer, crayon, creaks, creaky, creams, creamy, creant, crease, creasy, create, creche, credit, credos, creeds, creeks, creeky, creels, creeps, creepy, creese, cremes, cremor, crenel, creole, creped, crepes, crepey, crepon, cresol, cressy, crests, cretan, cretic, cretin, cretor, crevet, crevis, crewed, crewel, crewet, criber, cricks, criers, crimea, crimes, crimps, crimpy, crinal, crined, crinel, crinet, cringe, crinum, crises, crisic, crisis, crisps, crispy, crissa, critic, crnged, croaks, croaky, croche, crocin, crocks, crocky, crocus, crofts, croise, croker, cronel, crones, cronet, crooks, croons, crosby, crosse, crotch, croton, crouch, crouke, croups, croupy, crouse, crowds, crowdy, crowed, crower, crowns, crowth, cruces, cruddy, cruder, crudes, crudle, cruels, cruets, cruise, cruive, crumbs, crumby, crummy, crumps, crumpy, crunch, crural, cruset, crusta, crusts, crusty, crutch, cruxes, crying, crypto, crypts, cubage, cubans, cubbed, cubebs, cubers, cubics, cubile, cubing, cubism, cubist, cubits, cuboid, cuckoo, cucujo, cudden, cuddle, cuddly, cudgel, cueing, cuerpo, cuesta, cuffed, culdee, culled, culler, cullet, cullis, culmen, culpae, culpas, culpon, cultch, culter, cultic, cultus, culver, cumber, cumene, cumins, cummin, cumuli, cuneal, cunner, cupful, cupids, cupola, cuppas, cupped, cupper, cupric, cuprum, cupule, curacy, curara, curare, curari, curate, curbed, curber, curded, curdle, curers, curets, curfew, curiae, curial, curies, curiet, curing, curios, curium, curled, curler, curlew, curran, curred, currie, cursed, curser, curses, cursor, curtal, curter, curtes, curtly, curtsy, curule, cururo, curval, curved, curves, curvet, curvey, cuscus, cushat, cuskin, cusped, cuspid, cuspis, cussed, cusser, cusses, custom, custos, cutely, cutest, cutesy, cuteys, cuties, cutins, cutlas, cutler, cutlet, cutoff, cutose, cutout, cutter, cuttle, cutups, cutwal, cyanic, cyanin, cyborg, cycads, cyclas, cycled, cycler, cycles, cyclic, cyclop, cyclos, cygnet, cygnus, cymbal, cymene, cymoid, cymose, cymous, cymric, cymule, cynics, cypher, cypres, cypris, cyprus, cysted, cystic, cystid, cystis, cytode, cytoid, cytula, cabalas, caballo, cabanas, cabaret, cabbage, cabbala, cabbies, cabbiri, cabbler, cabesse, cabined, cabinet, cabiric, cablets, cabling, caboose, cacaine, cacajao, cachets, cachexy, caching, cachiri, cackled, cackler, cackles, cacodyl, cacolet, cactoid, cadaver, cadbait, caddice, caddied, caddies, caddish, cadence, cadency, cadette, cadgers, cadging, cadmean, cadmian, cadmium, cadrans, caducei, caecias, caecums, caesium, caesura, cafeneh, cafenet, caffeic, caffein, caffila, cafileh, caftans, cagiest, cahoots, caimans, cairned, caisson, caitiff, cajaput, cajeput, cajoled, cajoler, cajoles, cajuput, cakiest, calabar, calaite, calamar, calamus, calando, calcify, calcine, calcite, calcium, calcule, calculi, caldera, caldron, caleche, calends, calgary, caliber, calibre, calicle, calicos, calipee, caliper, caliphs, caliver, calkers, calking, callboy, callers, callets, calling, callose, callous, calmant, calmest, calming, calomel, caloric, calorie, calotte, caloyer, calpack, calpacs, caltrap, caltrop, calumba, calumet, calumny, calvary, calving, calvish, calyces, calycle, calypso, calyxes, camaieu, cambers, cambial, cambism, cambist, cambium, camblet, camboge, cambrel, cambria, cambric, camelia, camelot, camelry, cameoed, camerae, cameral, cameras, cammock, camorra, campana, campers, camphol, camphor, campier, campily, camping, campion, camwood, canakin, canaled, canapes, canards, canasta, cancans, cancels, cancers, candent, candide, candids, candied, candies, candify, candiot, candite, candled, candler, candles, candock, candors, candour, candroy, canella, canfuls, cangues, caninal, canines, cankers, cankery, cannele, canners, cannery, cannier, cannily, canning, cannons, cannula, canonic, canonry, canopes, canopus, cansful, cantata, canteen, canters, canthal, canthus, cantile, cantina, cantine, canting, cantion, cantles, cantlet, cantons, cantoon, cantors, cantrap, cantred, cantref, cantrip, canular, canvass, canyons, capable, capably, capapie, caparro, capcase, capelan, capelet, capelin, capella, capelle, capered, caperer, capfuls, capital, capitol, capless, capling, caponet, caporal, capotes, capouch, cappeak, cappers, capping, caprate, caprice, caprine, caproic, capstan, capsule, captain, captans, caption, captive, captors, capture, capulet, capulin, carabao, carabid, carabus, caracal, caracas, caracol, caracul, carafes, caramel, carapax, caravan, caravel, caraway, carbarn, carbide, carbine, carbone, carbons, carboys, carcase, carcass, cardecu, carders, cardiac, cardias, carding, cardoon, careens, careers, careful, carfare, carfuls, cargoes, carhops, cariama, caribes, caribou, carinae, carinas, carioca, cariole, carious, carking, carless, carline, carling, carlist, carload, carlock, carmine, carnage, carnary, carnate, carneys, carnies, carnify, carnose, carnous, caroche, caroled, caroler, carolin, carolus, carolyn, caromed, caromel, carotic, carotid, carotin, carotte, carouse, carpale, carpals, carpels, carpers, carpets, carping, carport, carrack, carrell, carrels, carrick, carried, carrier, carries, carrion, carroll, carroms, carrots, carroty, carryon, carsick, cartage, cartels, carters, carting, cartist, cartman, cartons, cartoon, cartway, carvene, carvers, carving, carvist, carwash, casabas, casavas, cascade, cascara, caseins, caseose, caseous, casette, cashbox, cashers, cashews, cashier, cashing, cashoos, casings, casinos, caskets, casking, caspian, cassaba, cassada, cassate, cassava, cassias, cassino, cassius, cassock, casters, castile, casting, castled, castles, castlet, castoff, castors, castrel, casuals, casuist, cataian, catalan, catalog, catalos, catalpa, catarrh, catawba, catbird, catboat, catcall, catched, catcher, catches, catchup, catechu, catenas, cateran, catered, caterer, catfall, catfish, catguts, cathead, cathect, catheti, cathode, cations, catkins, catlike, catling, catmint, catnaps, catnips, catpipe, catspaw, catsups, cattail, cattier, catties, cattily, catting, cattish, catwalk, caudata, caudate, caudled, cauline, caulked, caulker, caulome, causals, causers, causeys, causing, caustic, cautery, caution, cavally, cavalry, caveats, caveman, cavemen, caverns, cavetto, caviare, caviars, caviled, caviler, cavorts, cayenne, caymans, cayugas, cayuses, ceasing, cedared, cedilla, cedrene, cedrine, cedulas, ceduous, ceilers, ceiling, celadon, celebre, celesta, celeste, cellars, celling, cellist, cellule, celsius, celtium, cembali, cembalo, cements, cenacle, censers, censing, censors, censual, censure, centage, centare, centaur, centavo, centers, centesm, centile, centime, centimo, centner, central, centred, centres, centric, centrum, centums, century, cephalo, cepheus, ceramic, cerasin, cerated, cerates, cereals, cerebel, cerebra, cerebri, cereous, ceresin, cerevis, ceriphs, cerises, cerites, ceriums, cermets, cerosin, cerotic, cerotin, cerrial, certain, certify, cerumen, cerused, cervine, cesiums, cessant, cessing, cession, cesspit, cestode, cestoid, cesurae, cesural, cesuras, cetacea, cetylic, chablis, chabouk, chafers, chafery, chaffed, chaffer, chafing, chagrin, chained, chaines, chaired, chaises, chaldee, chalder, chalets, chalice, chalked, challah, challie, challis, challot, chamade, chamber, chameck, chamfer, chamise, chamiso, chamlet, chamois, chamoix, champed, champer, chamsin, chanced, chancel, chancer, chances, chancre, chandoo, chandry, changed, changer, changes, channel, chanson, chanted, chanter, chantey, chantor, chantry, chaoses, chaotic, chapeau, chapels, chapeux, chaplet, chaplin, chapman, chapmen, chapped, chapter, charact, charade, charbon, charged, chargee, charger, charges, charier, charily, charing, chariot, charism, charity, charked, charles, charley, charlie, charmed, charmel, charmer, charnel, charpie, charras, charred, charros, charted, charter, chasers, chasing, chasmal, chasmed, chasmic, chassed, chasses, chassis, chasten, chaster, chateau, chateux, chatted, chattel, chatter, chaucer, chawers, chawing, chayote, cheapen, cheaper, cheapie, cheaply, cheated, cheater, checked, checker, checkup, cheddar, cheeked, cheeped, cheeper, cheered, cheerer, cheerio, cheerly, cheerry, cheesed, cheeses, cheetah, chefdom, chekhov, chekmak, chelate, chelone, chelura, chemics, chemins, chemise, chemism, chemist, cherish, chermes, cheroot, cherubs, chervil, cheslip, chessel, chesses, chessil, chessom, chested, chevage, chevaux, chevied, chevies, cheviot, chevron, chewers, chewier, chewing, chewink, chianti, chiasma, chiasms, chibbal, chibouk, chicago, chicane, chicano, chiches, chichis, chicken, chicles, chicory, chidden, chiders, chiding, chiefer, chiefly, chields, chierte, chiffon, chigger, chignon, chigoes, chikara, childed, childly, chilean, chiliad, chilian, chilies, chilled, chiller, chillum, chiloma, chimbly, chimera, chimere, chimers, chiming, chimley, chimney, chincha, chinche, chinchy, chinese, chining, chinked, chinned, chinone, chinook, chinsed, chipped, chipper, chippie, chirked, chirker, chirped, chirper, chirrup, chisels, chisleu, chisley, chitins, chitlin, chitons, chitter, chittra, chivied, chivies, chlamys, chloral, chloric, chlorid, chlorin, chocard, chocked, choctaw, chogset, choicer, choices, choired, chokers, chokier, choking, cholate, choleic, cholera, cholers, choline, chollas, choltry, chomage, chomped, chooser, chooses, choosey, chopine, chopins, chopped, chopper, choragi, chorale, chorals, chordal, chorded, chordee, choreal, choreas, choreic, choreus, chorial, chorine, choring, chorion, chorist, choroid, chortle, choused, chowder, chowing, chowter, chrisms, chrisom, christs, christy, chromas, chromed, chromes, chromic, chromid, chromos, chronic, chronol, chronon, chubbed, chucked, chuckle, chuffed, chuffer, chugged, chugger, chukkas, chukker, chummed, chumped, chunked, chunter, churchy, churned, churner, churred, churrus, chuting, chutist, chutnee, chutney, chylify, chylous, chymics, chymify, chymist, chymous, ciboria, cicadae, cicadas, ciceros, cichlid, cigaret, ciliary, ciliata, ciliate, cimbric, cimeter, cimices, cinched, cinches, cinders, cindery, cinemas, ciphers, cipolin, circean, circled, circler, circles, circlet, circuit, circusy, cirrate, cirrhus, cirrose, cirrous, cirsoid, ciscoes, cissoid, cistern, citable, citadel, citator, citatum, cithara, cithern, cithers, citiner, citrate, citrine, citrins, citrons, citrous, cittern, civiler, civilly, civisms, civitas, civvies, clabber, clachan, clacked, clacker, claimed, claimer, clamant, clamber, clammed, clamors, clamour, clamped, clamper, clanged, clangor, clanked, clapped, clapper, clarets, clarify, clarino, clarion, clarity, clarkia, clashed, clasher, clashes, clasped, clasper, classed, classer, classes, classic, classis, clastic, clatter, claught, clausal, clauses, clavate, clavier, clavies, clawers, clawing, claxons, clayier, claying, clayish, cleaned, cleaner, cleanly, cleanse, cleanup, cleared, clearer, clearly, cleated, cleaved, cleaver, cleaves, cleeked, clement, cleping, clerics, clerisy, clerked, clerkly, clewing, cliched, cliches, clicked, clicker, clicket, cliency, clients, clifted, climate, climbed, climber, clinged, clinger, clinics, clinium, clinked, clinker, clinoid, clipped, clipper, clivers, clivity, cloacae, cloacal, cloaked, clobber, cloches, clocked, clocker, clogged, clomben, clomped, cloning, clonism, clonked, clootie, clopped, closely, closers, closest, closets, closeup, closing, closure, clotbur, clothed, clothes, clotted, clotter, cloture, clouded, clouted, clouter, clovers, clowned, cloying, clubbed, clubber, clubman, clubmen, clucked, clueing, clumber, clumped, clumper, cluniac, clunked, clunker, cluster, clutchy, clutter, clypeus, clysmic, clyster, cnemial, coached, coachee, coacher, coaches, coacted, coadmit, coaeval, coagent, coagula, coalbin, coalbox, coalers, coalery, coalify, coaling, coalite, coalpit, coaltit, coaming, coannex, coarsen, coarser, coastal, coasted, coaster, coaters, coating, coaxers, coaxial, coaxing, cobalts, cobbers, cobbier, cobbing, cobbled, cobbler, cobbles, cobiron, coboose, cobourg, cobswan, cobwall, cobwebs, cobwork, cocagne, cocaine, cocains, cochlea, cockade, cockers, cockeye, cockier, cockily, cocking, cockish, cockled, cockler, cockles, cockney, cockpit, cockshy, cockups, cocomat, coconut, cocoons, coctile, coction, codable, codders, codding, coddled, coddler, coddles, codeine, codeins, codetta, codfish, codgers, codical, codices, codicil, codilla, codille, codings, codling, coehorn, coeliac, coempts, coenact, coendoo, coerced, coercer, coerces, coevals, coevous, coexist, coffees, coffers, coffing, coffins, cogence, cogency, coggery, cogging, cogitos, cognacs, cognate, cognati, cognise, cogware, cohabit, coheirs, cohered, coherer, coheres, cohibit, cohorts, coiffed, coiffes, coifing, coilers, coiling, coinage, coiners, coining, coition, cojuror, cokenay, coldest, coldish, coletit, colical, colicky, colitic, colitis, collage, collard, collars, collate, collaud, collect, colleen, college, collets, collide, collied, collier, collies, colline, colling, collins, collish, colloid, collops, collude, cologne, colombo, colonel, coloner, colones, colonic, colored, colorer, colossi, colours, colters, coltish, coluber, columba, columbo, columns, colures, combats, combers, combine, combing, combust, comedic, comedos, cometic, comfier, comfits, comfort, comfrey, comical, comicry, comings, comitia, command, commark, commend, comment, commies, commits, commixt, commode, commons, commote, commove, commune, commute, compact, company, compare, compart, compass, compear, compeer, compeir, compels, compend, compere, compete, compile, comping, complex, complin, complot, compone, compony, comport, compose, compost, compote, compted, compter, comptly, compute, comrade, comtism, comtist, conacre, conatus, concave, concavo, conceal, concede, conceit, concent, concept, concern, concert, conchal, conches, concise, concite, concoct, concord, concrew, concupy, concurs, concuss, condemn, condign, condite, condole, condoms, condone, condors, conduce, conduct, conduit, condyle, coneine, confabs, confect, confers, confess, confide, confine, confirm, conflux, conform, confuse, confute, congaed, congeal, congeed, congees, congers, congest, congius, congoes, congree, congrue, conical, conifer, coniine, conisor, conject, conjoin, conjure, conjury, conkers, conking, connate, connect, conners, conning, connive, connote, conoids, conrail, consent, consign, consist, console, consols, consort, constat, consuls, consult, consume, contact, contain, contemn, contend, content, contest, context, contort, contour, control, contuse, conusor, convect, convene, convent, convert, convexo, conveys, convict, convive, convoke, convoys, cooeyed, cookers, cookery, cookeys, cookies, cooking, cookout, coolant, coolers, coolest, coolies, cooling, coolish, coolung, coombes, cooncan, coontie, coopers, coopery, cooping, coopted, coothay, cooties, copaiba, copaiva, copeman, copepod, copiers, copilot, copings, copious, copland, coplots, copouts, coppers, coppery, coppice, copping, coppled, copters, copulae, copular, copulas, copyboy, copycat, copying, copyist, coracle, coraled, coranto, corbell, corbels, corbies, corcule, cordage, cordate, corders, cordial, cording, cordite, cordoba, cordons, corfute, corinne, corinth, corival, corkage, corkers, corkier, corking, cornage, corncob, corneal, corneas, cornell, cornels, corners, cornets, cornfed, cornice, cornier, cornify, cornily, corning, cornish, cornist, cornrow, cornute, cornuto, corolla, coronae, coronal, coronas, coronel, coroner, coronet, coronis, corosso, corpora, corpore, corpses, corrade, corrals, correct, corrida, corrode, corrump, corrupt, corsage, corsair, corsets, corslet, corsned, cortege, cortile, corvees, corvets, corvine, corymbs, coshers, coshing, cosiest, cosigns, cosines, cosmism, cosmist, cossack, cossets, costage, costard, costate, costean, costers, costing, costive, costrel, costume, coteaux, coterie, cotgare, cothurn, cotidal, cotinga, cotised, cotland, cottage, cotters, cottier, cottise, cottoid, cottons, cottony, cottrel, couched, couchee, coucher, couches, cougars, coughed, cougher, couhage, couldst, coulees, couleur, couloir, coulomb, coulter, coulure, council, counsel, counted, counter, countor, country, couping, coupled, coupler, couples, couplet, coupons, coupure, courage, courant, courche, courier, courlan, coursed, courser, courses, coursey, courted, courter, courtly, cousins, couteau, couther, couture, couvade, covered, coverer, coverts, coverup, coveted, coveter, covings, cowages, cowards, cowbane, cowbell, cowbird, cowboys, cowedly, cowered, cowfish, cowgirl, cowhage, cowhand, cowherb, cowherd, cowhide, cowiest, cowitch, cowkine, cowlick, cowlike, cowling, cowpats, cowpeas, cowpock, cowpoke, cowries, cowshed, cowskin, cowslip, cowweed, coxalgy, coxcomb, coxwain, coyness, coyotes, crabbed, crabber, cracked, cracker, crackle, crackly, crackup, cradled, cradler, cradles, crafted, cragged, crambos, crammed, crammer, cramped, crampet, crampit, crampon, cranage, cranial, craning, cranium, cranked, cranker, crankle, crannog, crapaud, craping, crapnel, crapped, crapper, crappie, crapple, crapula, crapule, crashed, crasher, crashes, crasser, crassly, craters, crating, cratons, craunch, cravats, cravens, cravers, craving, crawdad, crawled, crawler, crayons, creable, creaght, creaked, creamed, creamer, creance, creased, creaser, creases, created, creates, creatic, creatin, creator, creches, credent, credits, creedal, creeper, creepie, creeple, cremate, cremona, crenate, crenels, crengle, crenkle, creoles, creosol, crepane, crepier, creping, cresses, cresset, crestal, crested, cretian, cretins, cretism, cretose, crevice, crewcut, crewels, crewing, crewman, crewmen, cribbed, cribber, cribble, cricked, cricket, cricoid, crimean, crimped, crimper, crimple, crimson, crincum, cringed, cringer, cringes, cringle, crinite, crinkle, crinkly, crinoid, crinose, cripple, cripply, crisped, crispen, crisper, crispin, crisply, crissal, crissum, critics, critter, crittur, croaked, croaker, crocein, crochet, crocked, crocker, crocket, crocose, croesus, crofter, cronian, cronies, croodle, crooked, crooken, crooned, crooner, cropful, cropped, cropper, crosier, croslet, crossed, crosser, crosses, crossly, crotalo, croupal, crouper, crouton, crowbar, crowded, crowder, crowers, crowing, crowned, crowner, crownet, crowtoe, croydon, crucial, crucify, crudded, cruddle, crudely, crudest, crudity, crueler, cruelly, cruelty, cruised, cruiser, cruises, cruller, crumbed, crumber, crumble, crumbly, crummie, crumped, crumpet, crumple, crumply, crunchy, crunkle, crunode, cruorin, crupper, crusade, crusado, crushed, crusher, crushes, crustal, crusted, crybaby, cryogen, cryonic, cryptal, cryptic, cryptos, crystal, ctenoid, cubages, cubbies, cubbing, cubbish, cubebic, cubhood, cubical, cubicle, cubicly, cubisms, cubists, cubital, cubited, cubless, cuboids, cuckold, cuckoos, cuculli, cucumis, cudbear, cuddies, cuddled, cuddles, cudgels, cudweed, cuestas, cuffing, cuinage, cuirass, cuishes, cuisine, culasse, culicid, cullers, cullets, cullied, cullies, culling, cullion, culotte, culprit, culrage, cultism, cultist, culture, culvers, culvert, cumacea, cumbent, cumbers, cumfrey, cuminic, cuminil, cuminol, cummers, cumshaw, cumulus, cuneate, cunette, cunners, cunning, cupcake, cupfuls, cupolas, cuppers, cuppier, cupping, cuprite, cuproid, cuprous, cuprums, cupsful, curable, curably, curacao, curacoa, curares, curates, curator, curbers, curbing, curcuma, curdier, curding, curdled, curdler, curdles, cureall, curette, curfews, curiosa, curioso, curious, curiums, curlers, curlews, curlier, curlily, curling, currant, current, curried, currier, curries, curring, currish, cursers, curship, cursing, cursive, cursors, cursory, curtail, curtain, curtana, curtate, curtein, curtest, curtesy, curtsey, curvant, curvate, curvets, curvier, curving, curvity, cushier, cushily, cushing, cushion, cushite, cuspids, cusping, cussers, cussing, custard, custode, custody, customs, custrel, cutaway, cutback, cutdown, cuticle, cutlass, cutlers, cutlery, cutlets, cutling, cutoffs, cutouts, cutters, cutting, cuttled, cuttles, cutwork, cutworm, cuvette, cyanate, cyanean, cyanide, cyanine, cyanite, cyborgs, cyclers, cyclide, cycling, cyclist, cycloid, cyclone, cyclops, cydonin, cygnets, cymbals, cymbium, cymenol, cymling, cynical, cyperus, cyphers, cypraea, cypress, cyprian, cyprine, cypriot, cypsela, cystine, cystoid, cystose