ma, mb, mc, md, me, mf, mg, mi, mn, mo, mr, ms, mw, my, maa, mac, mad, mag, mal, mam, man, mao, map, mar, mas, mat, maw, max, may, mea, meg, men, mer, met, mew, mfd, mfg, mho, mid, mig, mil, min, mir, mis, mix, mkt, moa, mob, mod, moe, mog, moi, mom, mon, moo, mop, mos, mot, mow, mpg, mph, msg, mss, mud, mue, mug, mum, mun, mus, mux, mya, maad, maat, mace, mach, mack, macs, made, mads, mage, magi, mags, maha, maia, maid, mail, maim, main, make, maki, mala, male, mali, mall, malm, malt, mama, mand, mane, mano, mans, manu, manx, many, maps, mara, marc, mare, mark, marl, mars, mart, marx, mary, mase, mash, mask, mass, mast, mate, math, mats, matt, maty, maud, maul, maut, mawk, maws, maxi, maya, mayo, mays, mead, meak, meal, mean, mear, meas, meat, meaw, mech, mede, meed, meek, meer, meet, mega, mein, meld, mell, melt, memo, mend, mens, ment, menu, meow, merd, mere, merk, merl, mero, mesa, mesh, mess, mest, meta, mete, meth, meum, meve, mewl, mews, mias, mibs, mica, mice, mich, mick, mico, mida, midi, mids, mien, miff, migo, migs, mike, mild, mile, milk, mill, mils, milt, mime, mina, mind, mine, ming, mini, mink, mins, mint, minx, miny, mira, mire, mirk, mirv, miry, misc, mise, miso, miss, mist, misy, mite, mitt, mitu, mity, mixt, mktg, moan, moas, moat, mobs, mock, moco, mode, modi, modo, mods, mody, moff, moha, moho, mohr, moil, moke, moky, mola, mold, mole, moll, molt, moly, mome, moms, mona, mone, monk, mono, mons, mont, mony, mood, moon, moor, moos, moot, mope, mops, mopy, mora, more, morn, moro, mort, mosk, moss, most, mote, moth, moto, mots, moue, moun, move, mowe, mown, mows, moxa, moya, msec, muce, much, muck, muds, muff, mugs, mule, mull, mumm, mump, mums, mund, mung, muon, mure, murk, murr, musa, muse, mush, musk, muss, must, mute, mutt, muxy, myna, myth, myxa, mabby, macao, macaw, macco, maced, macer, maces, macho, machs, macks, macle, macro, madam, madge, madia, madid, madly, madre, mafia, mages, magic, magma, magot, magus, mahdi, mahoe, maian, maids, mails, maims, maine, mains, maist, major, maked, maker, makes, malar, malax, malay, maleo, males, malet, malic, malls, malma, malta, malts, malty, malum, mamas, mamba, mambo, mamie, mamma, mammy, manas, manca, maned, maneh, manes, mange, mango, mangy, mania, manic, manid, manie, manis, manks, manly, manna, manor, manos, manse, manta, manto, manul, manus, maori, maple, marai, march, marcs, mardi, mares, marge, maria, marie, marks, marly, marry, marse, marsh, marts, maser, mashy, masks, mason, massa, masse, massy, masts, masty, match, mated, mater, mates, matey, maths, matie, matin, matte, matts, maule, mauls, maund, mauve, maven, mavin, mavis, mawks, mawky, maxim, maxis, mayan, mayas, maybe, mayor, mayst, meach, meads, meals, mealy, means, meant, meany, mease, meath, meats, meaty, meawl, mecca, mecum, medal, media, medic, medii, medle, medly, medoc, meech, meeds, meeth, meets, meine, meint, meiny, melam, melba, melds, melee, melic, melne, meloe, melon, melts, memos, mends, menge, menow, mense, mente, menus, meows, merce, merci, mercy, merer, meres, merge, merit, merke, merle, meros, merou, merry, merus, mesad, mesal, mesas, mesel, meshy, mesne, meson, messy, metal, meted, meter, metes, metic, metif, metis, metol, metre, metro, mette, meute, mewed, mewls, mexal, mhorr, miami, miaou, miaow, miasm, miaul, micas, miche, micks, micro, midas, middy, midge, midis, midst, miens, miffs, miffy, miggs, might, mikes, milan, milch, milen, miler, miles, milks, milky, mille, mills, milos, mimed, mimeo, mimer, mimes, mimic, minae, minas, mince, mincy, minds, mined, miner, mines, minge, mingy, minim, minis, minks, minny, minor, minos, minow, mints, minty, minum, minus, mired, mires, mirks, mirky, mirth, mirvs, misdo, miser, misle, misly, misos, missa, missy, mists, misty, miter, mites, mitre, mitts, mitty, mixed, mixen, mixer, mixes, mixup, moans, moate, moats, mobil, moble, mocha, moche, mocks, modal, model, modem, moder, modes, modii, modus, moeve, mogul, mohur, moile, moils, moira, moire, moist, molar, molds, moldy, moled, moles, molle, molls, molly, molto, molts, momma, mommy, momot, momus, monad, monal, monas, monde, mondo, moner, money, monks, monos, monte, month, mooch, moods, moody, mooed, moola, moong, moons, moony, moore, moors, moory, moose, moote, moots, moped, moper, mopes, mopey, mopsy, mopus, moral, moray, morel, mores, moria, moric, moril, morin, mormo, morne, morns, moron, moros, morph, morro, morse, morus, morwe, mosel, moses, mosey, mosks, mossy, moste, mosts, moted, motel, motes, motet, motey, moths, mothy, motif, moton, motor, motte, motto, motty, moues, mould, moule, moult, mound, mount, mourn, mouse, mousy, mouth, moved, mover, moves, movie, mowed, mowen, mower, moxas, moxie, moyle, mucic, mucid, mucin, mucks, mucky, mucor, mucro, mucus, mudar, muddy, mudir, mudra, muffs, mufti, muggs, muggy, mugil, mujik, mulch, mulct, muled, mules, muley, mulla, mulls, mulse, multi, multo, mumbo, mumms, mummy, mumps, munch, munga, mungo, muons, mural, mured, mures, murex, murks, murky, murre, murry, murth, musae, musal, musar, musca, musci, mused, muser, muses, muset, mushy, music, musit, musks, musky, mussy, musts, musty, mutch, muted, muter, mutes, mutic, mutts, myips, mylar, mynah, mynas, myoid, myoma, myope, myopy, myrrh, mysis, mythe, myths, maalin, maasha, mabble, mabolo, macaco, macaws, macers, macher, machos, macing, mackle, macled, macron, macros, mactra, macula, macule, madame, madams, madcap, madded, madden, madder, madefy, madman, madmen, madnep, madras, madres, madrid, maenad, maffia, maffle, mafias, magged, maggie, maggot, maghet, magian, magics, magilp, magmas, magnes, magnet, magnum, magpie, maguey, magyar, maholi, mahone, mahori, mahout, mahovo, maidan, maiden, maiger, maigre, maihem, maikel, mailed, mailer, maimed, maimer, mainly, mainor, maioid, maitre, majora, majors, majoun, makers, makeup, making, malady, malaga, malate, malawi, malaya, malays, maleic, maleyl, malgre, malice, malign, maline, malkin, malled, mallee, mallei, mallet, mallow, malmag, malted, maltha, maltin, mambas, mambos, mameys, mamies, mammae, mammal, mammas, mammee, mammer, mammet, mammey, mammie, mammon, manace, manage, manana, manche, manchu, mancus, mander, mandil, manege, manful, mangan, manger, manges, mangey, mangle, mangos, mangue, maniac, manias, manics, manila, manioc, manito, manitu, mannas, manned, manner, manors, manred, manses, mantas, mantel, mantes, mantic, mantid, mantis, mantle, mantra, mantua, manual, manure, manway, maoism, maoist, maoris, mapach, maples, mapped, mapper, maraca, maraud, marble, marbly, marcel, marcid, marcor, mareis, marena, margay, marges, margin, marian, mariet, marina, marine, marish, marked, markee, marker, market, markis, markka, markup, marled, marlin, marmot, marone, maroon, marram, marred, marrer, marron, marrot, marrow, marses, marshs, marshy, marted, martel, marten, martha, martin, martyr, marvel, marver, mascle, mascon, mascot, masers, mashed, masher, mashes, mashie, masked, masker, maslin, masons, masora, massas, massed, masser, masses, massif, mastax, masted, master, mastic, mataco, maters, mateys, mather, mathes, matico, mating, matins, matrix, matron, matted, matter, mattes, mature, maudle, mauger, maugre, maukin, mauled, mauler, maumet, maunch, maundy, maungy, mauves, mavens, mavins, mawkin, mawmet, maxima, maxims, maxixe, mayans, mayday, mayest, mayfly, mayhap, mayhem, maying, mayors, maypop, mayvin, meadow, meager, meagre, mealie, meaner, meanie, meanly, measle, measly, meatal, meated, meathe, meatus, mebles, mecate, meccas, mecums, medals, meddle, mediae, medial, median, medias, medico, medics, medino, medium, medius, medlar, medley, medusa, meeken, meeker, meekly, meeten, meeter, meetly, megass, megerg, megilp, megohm, megrim, meinte, mekong, melada, melado, melain, melded, melder, melees, melena, melene, mellay, mellic, mellow, melody, melons, melted, melter, melton, member, memnon, memoir, memory, menace, menads, menage, menaia, menald, mended, mendel, mender, menhir, menial, menild, meninx, mensal, mensas, mensch, mensed, menses, mental, mentha, menthe, mentis, mentor, mentum, menuse, meowed, mercat, mercer, merely, merest, merged, merger, merges, meride, merils, merino, merits, merkin, merlin, merlon, merman, mermen, mescal, meshed, meshes, mesiad, mesial, meslin, mesole, mesons, messed, messes, messet, messrs, mestee, mester, metage, metals, metate, metely, meteor, meters, methal, method, methol, methyl, metier, meting, metive, metope, metred, metres, metric, metros, mettle, mewing, mewled, mewler, mexico, miamis, miaous, miaows, miasma, miasms, micher, mickey, mickle, micron, micros, midair, midday, midden, middle, midges, midget, midgut, midleg, midrib, midsts, midway, miffed, mights, mighty, mignon, mikado, mikvah, mikveh, milady, milage, milden, milder, mildew, mildly, milers, milice, milieu, milked, milken, milker, milled, miller, milles, millet, milord, milter, milton, milvus, mimeos, mimers, mimics, miming, mimosa, minaul, minced, mincer, minces, minded, minder, miners, mingle, minify, minima, minimi, minims, mining, minion, minish, minium, minnie, minnow, minora, minors, minted, minter, minuet, minute, minxes, minyan, miosis, miotic, mirage, miriam, mirier, miring, mirror, mirths, misact, misadd, misaim, miscue, miscut, misdid, misers, misery, misfit, misget, misgie, misgye, mishap, mishna, misken, miskin, mislay, misled, mislin, mispay, missae, missal, missay, missed, missel, misses, misset, missis, missit, missus, misted, mister, mistic, mistle, misuse, misway, miswed, miters, mithic, mitier, miting, mitome, mitral, mitred, mitres, mitten, mixers, mixing, mixtly, mixups, mnemic, moaned, moated, mobbed, mobber, mobcap, mobile, mobles, mochas, mochel, mocked, mocker, mockle, mockup, models, modems, modena, modern, modest, modify, modish, modist, modius, modocs, modula, module, moduli, modulo, moggan, mogged, moguls, mohair, mohawk, mohock, moholi, moider, moiety, moiled, moiler, moires, moisty, molars, molary, molded, molder, molech, molest, molies, moline, moling, mollah, mollie, moloch, molted, molten, molter, moment, momier, momism, mommas, monaco, monads, monday, mondos, monera, monest, moneth, moneys, monger, mongol, mongst, monied, monies, monish, monism, monist, monkey, monkly, monody, monome, monroe, montem, montes, months, monton, montre, mooder, moodir, mooing, moolah, moolas, mooned, mooner, moonet, moonie, moored, mooruk, mooted, mooter, mopeds, mopers, mopier, moping, mopish, moplah, mopped, mopper, moppet, mopsey, morale, morals, morass, morate, morays, morbid, moreen, morels, moresk, morgan, morgay, morgue, morian, morice, morion, morisk, morkin, mormal, mormon, morone, morons, morose, morpho, morphs, morris, morrot, morrow, morsel, mortal, mortar, mortem, mortis, morula, mosaic, moscow, moseys, moslem, mossed, mosser, mosses, mostic, mostly, mostra, motels, motets, mothen, mother, motifs, motile, motion, motive, motivo, motley, motmot, motors, motory, mottle, mottos, mought, moujik, moulds, mouldy, moulin, moults, mounch, mounds, mounts, mounty, mourne, mourns, moused, mouser, mouses, mousey, mousie, mousle, mousse, moutan, mouths, mouthy, mouton, movent, movers, movies, moving, mowers, mowing, mowyer, moxies, mucate, muchel, muches, mucked, mucker, muckle, mucksy, mucoid, mucous, mudcap, mudded, mudder, muddle, mudras, muffed, muffin, muffle, muflon, muftis, muggar, mugged, mugger, mugget, muggur, mukluk, mulada, mulcts, muleys, mulier, muling, mulish, mullah, mullar, mulled, mullen, muller, mullet, mulley, mulmul, multum, mumble, mummed, mummer, mumped, mumper, munchy, mundic, mundil, munich, munify, munite, munity, muntin, muonic, murage, murals, murder, muride, murine, muring, murker, murkly, murmur, murphy, murrey, musang, musard, muscae, muscat, muscid, muscle, muscly, musers, museum, mushed, musher, mushes, musics, musing, muskat, muskeg, musket, muskie, muslim, muslin, musmon, musrol, mussed, mussel, musses, mustac, musted, mustee, muster, mutage, mutant, mutate, mutely, mutest, mutine, muting, mutiny, mutism, mutter, mutton, mutual, mutuel, mutule, muumuu, myaria, mycose, mydaus, myelin, myelon, mygale, mykiss, mynahs, myolin, myopes, myopia, myopic, myosin, myosis, myotic, myrcia, myriad, myrica, myrrhs, myrtle, myself, mystic, mythic, mythos, myxine, myxoma, macabre, macacus, macadam, macauco, machete, machina, machine, machree, macrame, macrons, macrura, maculae, macular, maculas, madames, madcaps, maddens, madders, maddest, madding, maddish, madeira, madison, madjoun, madness, madonna, madrier, madrina, madrone, madwort, maenads, maestri, maestro, maffias, maffler, mafiosi, mafioso, magbote, magdala, magenta, maggots, maggoty, magical, magilph, magnate, magneto, magnets, magnify, magnums, magpies, maguari, magueys, magyars, mahaled, maharif, mahatma, mahdism, mahjong, mahomet, mahonia, mahound, mahouts, mahrati, maidens, maidish, maikong, mailbag, mailbox, mailers, mailing, maillot, mailman, mailmen, maimers, maiming, mainpin, maintop, maister, maistre, maistry, maithes, maitres, majesty, majorat, majored, majorem, makable, makaron, makeups, makings, malabar, malacca, malaise, malambo, malamic, malaria, malarky, malayan, maleate, malefic, malices, malicho, maligns, malines, malison, mallard, malleal, mallets, malleus, malling, mallows, malmsey, malodor, malonic, malonyl, malpais, maltase, malteds, maltese, malthus, maltier, maltine, malting, maltman, maltmen, maltose, mamboed, mamboes, mamelon, mameyes, mammals, mammary, mammate, mammeys, mammies, mammock, mammons, mammose, mammoth, manable, manacle, managed, manager, manages, manakin, mananas, manatee, manbird, manbote, manchet, manchus, mandala, mandate, mandioc, mandola, mandore, mandrel, mandril, mangels, mangers, mangier, mangily, mangled, mangler, mangles, mangoes, manhead, manhole, manhood, manhunt, maniacs, manihoc, manihot, manikin, manilas, manilio, manilla, manille, maniocs, maniple, manitou, mankind, manless, manlier, manlike, manling, manmade, manners, mannide, manning, mannish, mannite, manpack, manrent, manrope, mansard, mansion, manteau, mantels, mantids, mantled, mantles, mantlet, mantrap, mantras, mantuan, mantuas, manuals, manuary, manumit, manured, manurer, manures, manward, manwise, maoists, maplike, mappers, mappery, mapping, marabou, maracan, maracas, maranta, marathi, marauds, marbled, marbler, marbles, marcato, marcels, marched, marcher, marches, marchet, marcian, marconi, margays, margent, margins, margosa, marilyn, marimba, marinas, marined, mariner, marines, mariput, marital, markers, markets, marking, markkaa, markman, markups, marlier, marline, marling, marlins, marlite, marlpit, marmite, marmose, marmots, maroons, marplot, marrers, married, marrier, marries, marring, marrons, marroon, marrows, marrowy, marsala, marshal, marshes, martens, martern, martial, martian, marting, martini, martins, martite, martlet, martyrs, martyry, marvels, marxian, marxism, marxist, mascara, mascled, mascons, mascots, maselyn, mashers, mashies, mashing, mashlin, maskers, maskery, masking, maslach, masoned, masonic, masonry, masoret, massage, masseur, massier, massifs, massing, massive, massora, mastaba, masters, mastery, mastful, mastich, mastics, mastiff, masting, mastlin, mastoid, matador, matched, matcher, matches, materia, matilda, matinal, matinee, matings, matless, matrass, matress, matrice, matrons, matross, matters, mattery, matthew, matting, mattins, mattock, mattoid, mattoir, matured, maturer, matures, matweed, maucaco, maudlin, maulers, mauling, maunder, maurist, mauther, mauvine, mawkish, mawmish, mawseed, mawworm, maxilla, maximal, maximin, maximum, maxwell, maybird, maybush, maydays, mayduke, mayfish, mayhems, mayings, mayoral, maypole, maypops, mayvins, mayweed, meacock, meadows, meadowy, meaking, mealier, mealies, meander, meandry, meaners, meanest, meanies, meaning, measled, measles, measure, meatier, meatily, mechlin, meconic, meconin, medaled, medalet, meddled, meddler, meddles, medevac, mediacy, medials, medians, mediant, mediate, medical, medicks, medicos, mediety, mediums, medlars, medleys, medrick, medulla, medusae, medusan, medusas, meedful, meekest, meerkat, meeters, meeting, megabar, megabit, megapod, megaric, megasse, megaton, megilph, megohms, meioses, meiosis, meiotic, melaena, melange, melanic, melanin, melasma, melders, melding, meletin, melilot, melisma, melissa, mellate, melligo, mellite, mellone, mellows, mellowy, melluco, melodic, melrose, meltage, melters, melting, meltons, members, membral, memento, meminna, memoirs, memoria, memphis, menaced, menacer, menaces, menages, menaion, menders, mending, mendole, menfolk, menhirs, menials, menisci, meniver, menorah, mensing, menthol, menthyl, mention, mentors, meowing, mercers, mercery, merchet, mercies, mercify, mercury, mergers, merging, merinos, merited, meritot, merling, merlins, merlons, merluce, mermaid, merrier, merrily, mersion, mesally, mescals, meseems, meselry, meshier, meshing, mesityl, mesonic, message, messiad, messiah, messias, messier, messily, messing, messman, messmen, mestino, metalaw, metaled, metamer, metayer, meteors, metered, methane, methene, methide, methods, methyls, metiers, metisse, metoche, metonic, metonym, metopic, metrics, metrify, metring, metrist, mettled, mettles, mewlers, mewling, mexical, mexican, miaoued, miaowed, miasmal, miasmas, miasmic, miauled, micella, michael, michery, miching, mickeys, micmacs, microbe, microhm, microns, midairs, midbody, middays, middens, middest, middies, midding, middled, middler, middles, mideast, midgard, midgets, midguts, midiron, midland, midlegs, midline, midmain, midmost, midrash, midribs, midriff, midship, midterm, midtown, midward, midways, midweek, midwest, midwife, midwive, midyear, miffing, mignons, migrant, migrate, mikados, mikmaks, mikrons, miladis, milages, mildens, mildest, mildews, mildewy, mildred, mileage, milfoil, miliary, milieus, milieux, miliola, militar, militia, milkers, milkful, milkier, milkily, milking, milkman, milkmen, milksop, millage, milldam, millers, millets, millier, milling, million, millrea, millree, millrun, milords, milreis, milvine, mimeoed, mimesis, mimetic, mimical, mimicry, mimosas, minable, minaret, mincers, mincier, mincing, minders, mindful, minding, mineral, minerva, minette, minever, minging, mingled, mingler, mingles, miniard, miniate, minibus, minicab, minicar, minikin, minimal, minimax, minimum, minimus, minings, minions, minious, miniver, minivet, minnows, minorat, minorca, minored, minster, mintage, minters, mintier, minting, mintman, mintmen, minuend, minuets, minuses, minuted, minuter, minutes, minutia, minxish, minyans, miocene, mirable, miracle, mirador, mirages, mirbane, miriest, mirific, mirkest, mirkier, mirkily, mirrors, misbear, misbede, misbode, misborn, miscall, miscast, mischna, miscite, miscopy, miscued, miscues, misdate, misdeal, misdeed, misdeem, misdiet, misdoer, misdoes, misdone, misease, miseasy, miserly, misfall, misfare, misfell, misfile, misfire, misfits, misform, misgave, misgive, mishaps, mishcup, mishear, mishnic, misjoin, miskeep, misknow, mislaid, mislain, mislays, mislead, mislies, mislike, misling, mislive, misluck, mismark, mismate, misname, mispell, mispend, misplay, misrate, misread, misrule, misruly, missaid, missals, misseek, misseem, missend, missies, missile, missing, mission, missish, missive, missort, misstep, mistake, mistbow, mistell, misterm, misters, mistery, mistful, mistico, mistide, mistier, mistily, mistime, misting, mistion, mistold, mistook, mistral, mistrow, mistune, mistura, misturn, mistype, misused, misuser, misuses, miswear, misween, miswend, misword, misyoke, mitered, miterer, mithras, mitiest, mitoses, mitosis, mitotic, mitring, mittens, mittent, mixable, mixedly, mixtion, mixture, moabite, moanful, moaning, moating, mobbers, mobbing, mobbish, mobcaps, mobiles, mobilia, mobster, mochila, mockado, mockage, mockers, mockery, mocking, mockish, mockups, modally, model's, modeled, modeler, moderns, modesty, modicum, modioli, modiste, modular, modules, modulus, moebles, moellon, mogging, mohairs, mohawks, moidore, moilers, moiling, moineau, moireed, moisten, moister, moistly, moither, mojarra, molasse, molders, moldery, moldier, molding, molebut, molests, molesty, moliere, mollies, mollify, mollusc, mollusk, molochs, molosse, molters, molting, momenta, momento, moments, momisms, mommery, mommies, monacid, monadal, monadic, monarch, mondays, moneral, moneran, moneron, monesia, monesin, moneyed, moneyer, mongers, mongols, mongoos, mongrel, moniker, monisms, monists, monitor, monkery, monkeys, monking, monkish, monocle, monocot, monodic, monogam, monogyn, monolog, monomer, monomya, monsoon, monster, montage, montana, montane, montant, montero, monteth, month's, monthly, montoir, montrue, mooched, moocher, mooches, moodier, moodily, moodish, moolahs, moollah, moolley, moonbow, moonery, moonier, moonily, mooning, moonish, moonlet, moonlit, moonset, moorage, mooress, moorier, mooring, moorish, moorpan, mooters, mooting, mootman, mootmen, mopeder, mopeful, mopiest, moppers, moppets, mopping, moraine, moraler, morales, morally, morassy, morbose, morceau, mordant, mordent, morelle, morello, morendo, morgens, morglay, morgues, morinda, morinel, moringa, morisco, morland, morling, mormons, morning, morocco, morones, moronic, morosis, morphew, morphia, morphic, morphin, morphon, morphos, morpion, morrice, morrows, morsels, morsure, mortals, mortars, mortary, mortice, mortify, mortise, mortmal, mortpay, mortrew, morulae, mosaics, mosaism, moselle, moseyed, moslems, mossers, mossier, mossing, mostick, motacil, mothers, mothery, mothier, motific, motiles, motions, motived, motives, motivic, motleys, motlier, motored, motoric, mottled, mottler, mottles, mottoed, mottoes, mouflon, mouille, moulded, moulder, mouline, moulins, moulted, moulten, moulter, mounded, mounted, mounter, mountie, mourned, mourner, mousers, mousier, mousily, mousing, mousses, mouthed, mouther, movable, movably, mowburn, mucedin, muchkin, mucific, mucigen, muckers, muckier, muckily, mucking, muckles, muconic, mucuses, mucusin, mudarin, mudcaps, mudders, muddied, muddier, muddies, muddily, mudding, muddled, muddler, muddles, mudfish, mudhole, mudlark, mudsill, mudwall, mudwort, muffing, muffins, muffish, muffled, muffler, muffles, muggard, muggers, muggier, muggily, mugging, muggins, muggish, mugient, mugweed, mugwort, mugwump, mukluks, mulatto, mulched, mulches, mulcted, mullahs, mullein, mullens, mullers, mullets, mulling, mulliod, mullion, mullock, multure, mumbled, mumbler, mumbles, mummers, mummery, mummied, mummies, mummify, mumming, mumping, mumpish, munched, muncher, munches, mundane, mundify, mungoos, mungrel, munific, munjeet, munnion, munster, munting, muntjac, muraena, murders, murexan, murexes, muriate, murices, murines, murkest, murkier, murkily, murlins, murmurs, murrain, murrion, murther, muscats, muscled, muscles, muscoid, muscule, museful, musette, museums, mushers, mushier, mushily, mushing, musical, musimon, musings, muskegs, musketo, muskets, muskier, muskies, muskily, muskits, muskrat, muslims, muslins, musrole, mussels, mussier, mussily, mussing, mussite, mustang, mustard, musters, mustier, mustily, musting, mutable, mutably, mutagen, mutanda, mutants, mutated, mutates, mutator, mutedly, mutters, muttons, muttony, mutuals, mutuary, mutuels, muumuus, myalgia, mycetes, myeloid, myeloma, mylodon, mynchen, mynheer, myogram, myology, myophan, myopias, myopsis, myotome, myotomy, myriads, myriare, myricin, myricyl, myronic, myrosin, myrrhic, myrtles, mystery, mystics, mystify, mytilus, myxopod