pa, pc, pf, pi, pl, pm, po, pp, pac, pad, pah, pal, pam, pan, pap, par, pas, pat, pau, paw, pax, pay, pbx, pct, pea, ped, pee, peg, pen, pep, per, pes, pet, pew, phi, pic, pie, pig, pin, pip, pit, piu, pix, pkg, ply, poa, pod, poe, poh, poi, pol, pop, pot, pow, pox, poy, ppd, pre, pro, prs, pry, psf, psi, pts, pub, pud, pue, pug, puh, pun, pup, pur, pus, put, puy, pye, pyx, paas, paca, pace, pack, paco, pacs, pact, pacu, pads, page, pahi, paid, pail, pain, pair, pais, pale, pali, pall, palm, palo, palp, pals, paly, pane, pang, pans, pant, papa, pape, paps, para, pard, pare, park, parr, pars, part, pash, pask, paso, pass, past, pate, path, pats, paul, paum, pave, pavo, pawk, pawl, pawn, paws, payn, pays, peag, peak, peal, pean, pear, peas, peat, peba, peck, peds, peed, peek, peel, peen, peep, peer, pees, pegm, pegs, pein, peke, pela, pelf, pell, pelt, pend, penk, pens, pent, peon, pepo, peps, pere, peri, perk, perm, pern, pers, pert, peru, pery, pese, peso, pest, pets, pews, phew, phys, pial, pian, pica, pice, pici, pick, pics, pied, pier, pies, piet, pigg, pigs, pika, pike, pile, pill, pily, pima, pimp, pina, pine, ping, pink, pins, pint, piny, pion, piot, pipa, pipe, pips, pipy, pirl, pirn, pisa, pise, pish, piss, pist, pita, pith, pits, pity, pius, pixy, pkwy, plan, plat, play, plea, pled, pley, plim, ploc, plod, plop, plot, plow, ploy, plug, plum, plus, pnyx, poak, pock, poco, pods, poem, poet, pogy, poke, poky, pole, polk, poll, polo, pols, polt, poly, pome, pomp, pond, pone, pong, pons, pony, pood, pooh, pool, poon, poop, poor, pope, pops, pore, pork, porn, port, pory, pose, posh, poss, post, posy, pots, pott, pouf, poup, pour, pout, powp, pows, prad, pram, prat, pray, prep, pres, prey, prie, prig, prim, pris, prix, proa, proc, prod, prof, prog, prom, pron, prop, pros, prow, prox, psst, pubs, puce, puck, puds, pudu, pued, puer, puet, puff, pugh, pugs, puit, puke, pule, pull, pulp, pult, pulu, puma, pume, pump, pumy, puna, pung, punk, puns, punt, puny, puoy, pupa, pupe, pups, pure, puri, purl, purr, push, puss, puts, putt, pyet, pyin, pyla, pyne, pyot, pyre, pyro, paage, paard, paced, pacer, paces, pacha, packs, pacos, pacta, pacts, padar, paddy, padge, padow, padre, padri, paean, paeon, pagan, paged, pages, pagod, paien, pails, paine, pains, paint, pairs, paise, palea, paled, paler, pales, palet, palla, palls, pally, palms, palmy, palpi, palps, palsy, palus, pampa, pance, panch, pancy, panda, paned, panel, panes, panga, pangs, panic, panim, panne, pansy, pants, panty, panym, paolo, papal, papas, papaw, paper, pappy, papua, param, paras, parch, parde, pardo, pared, parer, pares, paris, parka, parks, parle, parol, parry, parse, parte, parti, parts, party, parve, pasan, pasch, paseo, pasha, paspy, passe, pasta, paste, pasts, pasty, patas, patch, pated, patee, paten, pater, pates, paths, patin, patio, patly, patsy, patte, patty, paugy, paune, pause, pauxi, pavan, paved, paven, paver, paves, pavid, pavin, pavon, pawed, pawer, pawky, pawls, pawns, paxes, payed, payee, payen, payer, payor, payse, peace, peach, peage, peaks, peaky, peals, pearl, pears, peart, pease, peats, peaty, peavy, pecan, pecco, pecks, pecky, pecul, pedal, pedes, pedro, peece, peeks, peele, peels, peens, peeps, peers, peert, peery, peeve, peggy, peins, peise, pekan, pekes, pekin, pekoe, pelfs, pelma, pelta, pelts, penal, pence, pends, penes, penis, penna, penny, pense, peons, peony, peppy, pepsi, perca, perce, perch, perdu, perdy, perel, peres, peril, peris, perks, perky, perms, perry, pesky, pesos, pests, petal, petar, peter, petit, petre, petri, petro, petto, petty, pewee, pewet, pewit, phage, phane, phare, pharm, pharo, phase, phasm, phebe, pheer, phene, pheon, phial, phlox, phoca, phone, phono, phons, phony, photo, phren, phyla, phyle, phyma, physa, piano, picas, picea, picke, picks, picky, picot, picra, picts, picul, picus, piece, piend, pieno, piers, pieta, piety, piggy, pight, pigmy, piked, piker, pikes, pilaf, pilar, pilau, pilch, piled, pilei, piler, piles, pills, pilon, pilot, pilwe, pimas, pimps, pinax, pinch, pined, pines, piney, pings, pinic, pinko, pinks, pinky, pinna, pinon, pinta, pinto, pints, pinup, pinus, pions, piony, pious, pipas, piped, piper, pipes, pipet, pipit, pipra, pirai, pirie, pirog, pirry, pisay, pishu, piste, pitas, pitch, piths, pithy, piton, pitta, pivot, pixel, pixes, pixie, place, plack, plaga, plage, plaid, plain, plait, plane, plank, plans, plant, plash, plasm, plate, plato, plats, platt, platy, plaud, playa, plays, plead, pleas, pleat, plebe, plebs, plein, plena, plene, plesh, plete, pleyt, plica, plied, plier, plies, plink, plitt, ploce, plods, plonk, plops, plots, plows, ploys, pluck, pluff, plugs, pluma, plumb, plume, plump, plums, plumy, plunk, plush, pluto, plyer, poach, poake, pocan, pocks, pocky, podge, podgy, podia, poems, poesy, poets, poggy, poilu, poind, point, poise, pokal, poked, poker, pokes, poket, pokey, polar, poled, poler, poles, poley, polio, polis, polit, polka, polls, polly, polyp, polys, pomel, pomes, pomey, pomme, pomps, ponce, ponds, pones, pongo, ponty, pooch, poohs, pools, poops, popes, popet, poppa, poppy, porch, pored, porer, pores, porgy, porks, porky, porno, porns, porta, porte, ports, posed, poser, poses, posit, posse, posts, potch, potoo, potsy, potto, potty, pouch, pouff, poufs, poulp, poult, pound, pours, pouts, pouty, powan, powen, power, poxed, poxes, poynd, poyou, praam, prame, prams, prana, prank, praos, prase, prate, prats, praus, prawn, prays, prede, predy, preef, preen, prees, preps, press, prest, preve, prexy, preys, prial, prian, price, prick, pricy, pride, pried, prief, prier, pries, prigs, prill, prima, prime, primo, primp, prims, primy, prink, print, prior, prise, prism, priss, privy, proas, probe, prodd, prods, proem, profs, progs, proin, proke, prole, proll, proms, promt, prone, prong, proof, props, prore, prose, prosy, proud, prove, prowl, prows, proxy, pruce, prude, prune, pryan, pryer, psalm, pseud, pshaw, psoas, psora, psych, pubes, pubic, pubis, pucel, puces, pucka, pucks, pudgy, pudic, puffs, puffy, puggy, pugil, puing, puked, puker, pukes, pukka, pulas, puled, puler, pules, pulex, pulli, pulls, pulps, pulpy, pulse, pumas, pumps, punch, pungy, punic, punka, punks, punky, punny, punto, punts, punty, pupae, pupal, pupas, pupil, puppy, pured, puree, purer, purge, purim, purls, purre, purrs, purse, pursy, pushy, pusil, pussy, putid, puton, putry, putts, putty, pygal, pygmy, pykar, pylae, pylas, pylon, pyoid, pyral, pyres, pyrex, pyric, pyrus, pyxes, pyxie, pyxis, pyxle, pablum, pacane, pacate, pacers, pachak, pacify, pacing, packed, packer, packet, padded, padder, paddle, padnag, padres, paeans, paella, paeons, paeony, pagans, pagers, pagina, paging, pagoda, paguma, paigle, pained, painim, paints, painty, paired, pairer, paisan, pajama, pajock, palace, palama, palate, paleae, palely, palest, palesy, palets, palier, paling, palish, palkee, pallah, pallas, palled, pallet, pallia, pallid, pallor, palmar, palmed, palmer, palmic, palmin, palola, palolo, palpal, palped, palpus, palter, paltry, palule, paluli, pament, pampas, pamper, pampre, panada, panade, panama, panary, pandar, pandas, pander, pandit, panels, panful, panged, panics, panier, panned, pannel, pannus, panted, panter, pantie, panton, pantry, papacy, papain, papaws, papaya, papers, papery, papess, papier, papion, papism, papist, pappus, papuan, papula, papule, papyri, parade, parage, parail, paramo, paraph, parcae, parcel, pardie, pardon, parent, parers, pareve, parfay, parfit, parget, pariah, parial, parian, paries, paring, parish, parity, parkas, parked, parkee, parker, parlay, parley, parlor, parody, parole, parols, parral, parred, parrel, parrot, parsec, parsed, parsee, parser, parses, parson, partan, parted, parter, partly, parure, parvis, pascal, pascha, paseng, paseos, pashas, pashaw, pashes, passed, passee, passel, passer, passes, passim, passus, pastas, pasted, pastel, paster, pastes, pastil, pastor, pastry, pataca, patchy, patela, patena, patens, patent, patera, paters, patesi, pathed, pathic, pathos, patina, patine, patios, patois, patrol, patron, patted, pattee, patten, patter, pattie, paugie, paulin, paunce, paunch, pauper, paused, pauser, pauses, pavage, pavane, pavans, pavers, pavese, pavian, pavier, paviin, paving, pavior, pavise, pavlov, pavone, pawers, pawing, pawned, pawnee, pawner, pawnor, pawpaw, paxwax, payday, payees, payers, paying, paynim, payoff, payola, payors, payout, peaced, peaces, peachy, peahen, peaked, pealed, peanut, pearch, pearls, pearly, peasen, peases, peavey, pebble, pebbly, pecans, pecary, pecked, pecker, pecora, pecten, pectic, pectin, pectus, pedage, pedals, pedant, pedary, pedata, pedate, peddle, pedial, pedlar, pedler, pedros, peechi, peeing, peeked, peeled, peeler, peened, peenge, peeped, peeper, peered, peerie, peeved, peeves, peevit, peewee, peewit, pegbox, pegged, pegger, pekans, peking, pekins, pekoes, pelage, pelfry, pelick, peliom, pellet, pelota, peltae, pelted, pelter, peltry, peludo, pelure, pelves, pelvic, pelvis, penang, penary, pencel, pencil, pended, penile, penman, penmen, pennae, penned, penner, penney, pennon, penock, pensel, pentad, pentyl, penult, penury, peones, people, peplis, peplum, peplus, pepped, pepper, pepsin, peptic, peract, perdie, perdix, perdue, perdus, perfit, perfix, perils, period, perish, perite, perked, perkin, perlid, permit, permix, pernel, pernio, pernor, perrie, perron, persia, persic, persis, person, perter, pertly, peruke, perula, perule, peruse, pervis, pesade, pesage, pesane, peseta, pester, pestle, petala, petals, petard, peters, petite, petits, petong, petrel, petrol, petted, petter, petune, peucil, pewees, pewits, pewter, pexity, peyote, peyotl, phages, phalli, phanar, pharos, phased, phasel, phaser, phases, phasic, phasis, phasma, pheese, phenic, phenix, phenol, phenyl, phials, philip, philol, philos, phlegm, phleme, phleum, phloem, phobia, phobic, phocal, phoebe, pholad, pholas, phonal, phoned, phones, phoney, phonic, phonos, phooey, photic, photog, photon, photos, phrase, phthor, phylae, phylon, phylum, physic, physis, phyton, piacle, pianet, pianic, pianos, piapec, piatti, picard, picaro, picene, pichey, picine, pickax, picked, picker, picket, pickle, picksy, pickup, picnic, picoid, picots, picric, picryl, piddle, pidgin, pieced, piecer, pieces, pieing, pieman, piemen, pierce, pierid, pierre, pietas, piffle, pigeon, pigged, piggie, piggin, piglet, pignet, pignus, pignut, pigpen, pigsty, pikers, piking, pilaff, pilafs, pilage, pilate, pildia, pileup, pileus, pilfer, piling, pillar, pillau, pilled, piller, pillow, pilose, pilots, pilour, pilous, pilpul, pilser, piment, pimola, pimped, pimple, pimply, pinata, pincer, pindal, pindar, pinder, pineal, pinery, pinged, pinger, pingle, pinier, pining, pinion, pinite, pinked, pinker, pinkie, pinkly, pinkos, pinnae, pinnal, pinnas, pinned, pinner, pinnet, pinole, pinons, pintas, pintle, pintos, pinule, pinups, pinxit, pinyon, pioned, pioner, pionic, pipage, pipers, pipets, pipier, piping, pipits, pipkin, pipped, pippin, pipras, piracy, pirana, pirate, piraya, pirogi, pirrie, pisces, pished, pishes, pissed, pisses, pistel, pistic, pistil, pistol, piston, pitchy, pithed, pitied, pitier, pities, pitman, pitmen, pitons, pitpan, pitpat, pitsaw, pitted, pitter, pivots, pixels, pixies, placed, placer, places, placet, placid, placit, placks, plagae, plagal, plages, plague, plaguy, plaice, plaids, plains, plaint, plaise, plaits, planar, planch, planed, planer, planes, planet, planks, plants, plashy, plasma, plasms, platan, plated, platel, platen, plater, plates, platin, platly, platys, playas, played, player, playte, pleach, pleads, please, pleats, plebes, pledge, pleiad, plenal, plenty, plenum, pleura, plevin, plexus, pliant, pliers, plight, plinks, plinth, plisse, plonge, plonks, plough, plover, plowed, plower, ployed, plucks, plucky, plumae, plumbs, plumed, plumes, plummy, plumps, plumpy, plunge, plunks, plural, pluses, plushy, plutei, pluton, plutus, plyers, plyght, plying, pneuma, poachy, pocked, pocket, pocock, podded, podder, podium, podley, podura, poetic, poetry, pogrom, poilus, pointe, points, pointy, poised, poiser, poises, poison, pokers, pokeys, pokier, pokies, pokily, poking, polack, poland, polars, polary, polder, poleax, polemy, polers, police, policy, poling, polios, polish, polite, polity, polive, polkas, pollan, pollax, polled, pollee, pollen, poller, pollex, polloi, pollux, polony, polron, polwig, polype, polypi, polyps, polyve, pomace, pomade, pomelo, pomely, pomeys, pommel, pomona, pompet, pompom, pompon, ponces, poncho, ponder, ponent, pongee, pongid, ponied, ponies, pontee, pontes, pontic, pontil, ponton, poodle, poohed, pookoo, pooled, pooler, poonac, pooped, poorer, poorly, popery, popeye, popgun, popish, poplar, poplin, poppas, popped, popper, poppet, popple, populi, porime, poring, porism, porite, porker, porket, pornos, porose, porous, porpus, porret, portae, portal, ported, porter, portly, portos, posers, poseur, posher, poshly, posied, posies, posing, posits, posnet, posses, posset, possum, postal, postea, posted, postel, poster, postic, postil, potage, potale, potash, potato, potboy, poteen, potent, potful, potgun, pother, potion, potlid, potman, potmen, potpie, potsie, potted, potter, pottle, pouchy, poudre, poufed, pouffe, pouffs, poulpe, poults, pounce, pounds, poured, pourer, pousse, pouted, pouter, povert, powder, powdry, powers, powpow, powter, powwow, poxing, prague, praise, prance, pranks, prated, prater, prates, pratic, prawns, praxes, praxis, prayed, prayer, preace, preach, preact, preamp, prearm, prease, precel, precis, precox, precut, predal, preedy, preens, prefab, prefer, prefix, prelal, prelim, premed, premie, premit, premix, prepay, preset, presto, pretex, pretor, pretty, prevue, prewar, preyed, preyer, priced, pricer, prices, pricey, pricks, pricky, prided, prides, priers, priest, prieve, primal, primas, primed, primer, primes, primly, primos, primps, primus, prince, prinks, prints, priori, priors, priory, prised, priser, prises, prisms, prismy, prison, prissy, pritch, privet, proach, proant, probal, probed, prober, probes, proems, profit, progne, progue, projet, proleg, proles, prolix, prolog, prompt, prongs, pronto, proofs, proped, propel, proper, propyl, prosal, prosed, proser, proses, prosit, protea, proton, proved, proven, prover, proves, prowar, prowls, prudes, pruned, pruner, prunes, prunus, pryers, prying, psalms, pseudo, pshaws, psoric, psyche, psycho, psychs, psylla, pteron, ptisan, ptosis, ptyxis, pubble, public, pucker, pucras, pudder, puddle, puddly, pueblo, puerco, puerto, puffed, puffer, puffin, pugged, pugger, puggry, puisne, puisny, puking, pulers, puling, pulkha, pulled, pullen, puller, pullet, pulley, pullus, pulped, pulper, pulpit, pulsar, pulsed, pulser, pulses, pulvil, pumice, pummel, pumped, pumper, pumpet, punchy, puncto, pundit, pundle, punese, punice, punier, punily, punish, punker, punkey, punkie, punkin, punned, punner, punnet, punted, puntel, punter, puntil, pupate, pupelo, pupils, pupped, puppet, purana, purdah, purdas, pureed, purees, purely, purest, purfle, purged, purger, purges, purify, purine, purins, purism, purist, purity, purled, purlin, purple, purply, purpre, purred, purree, pursed, purser, purses, purset, pursue, purvey, pusane, pushed, pusher, pushes, pushup, pusley, pusses, putage, puteal, puteli, putery, putlog, putoff, putons, putour, putout, putrid, putsch, putted, puttee, putter, pyemia, pygarg, pyjama, pylons, pylori, pynoun, pyrena, pyrene, pyrgom, pyrite, pyrone, pyrope, pyrrol, pyrula, python, pyuria, pyxies, pabular, pabulum, pacable, pacated, pacfier, pachisi, pacific, package, packers, packets, packing, packman, packmen, packwax, packway, paction, paddies, padding, paddled, paddler, paddles, paddock, padella, padesoy, padlock, padrone, padroni, padshah, paellas, paganic, paganly, pageant, pageboy, paginae, paginal, pagodas, pahlevi, pahutes, paijama, pailful, paillon, painful, paining, painted, painter, pairing, paisano, paisans, paisley, pajamas, pakfong, palaced, palaces, paladin, palamme, palanka, palatal, palates, palatic, palaver, paleola, paleous, palesie, paletot, palette, palfrey, palings, palissy, pallets, pallial, pallier, palling, pallium, pallone, pallors, palmary, palmate, palmers, palmier, palming, palmist, palmite, palmyra, palooka, palpate, palsied, palsies, palster, palters, paltock, paludal, palulus, pampano, pampean, pampero, pampers, panacea, panache, panamas, pancake, pandean, pandect, panders, pandits, pandoor, pandora, pandore, pandour, paneled, panfuls, pangful, panging, panical, panicky, panicle, panicum, pannade, pannage, pannary, pannier, panning, pannose, panocha, panoply, panpipe, panshon, pansied, pansies, panther, panties, pantile, panting, pantler, panurgy, panyard, papagay, papains, papally, papalty, papaver, papayan, papayas, papboat, papejay, papered, paperer, paphian, papilio, papilla, papists, papoose, pappies, pappose, pappous, paprica, paprika, papuans, papuars, papulae, papular, papules, papyral, papyrus, parable, paraded, parader, parades, parados, paradox, paragon, paramos, parapet, parasol, parboil, parcase, parcels, parched, parches, parcity, pardale, pardine, pardner, pardons, parella, parelle, parents, parergy, paresis, paretic, parfait, parforn, pariahs, parings, parises, paritor, parkers, parking, parkway, parlays, parleys, parlors, parlour, parlous, parodic, paroket, paroled, parolee, paroler, paroles, paronym, parotic, parotid, parried, parries, parring, parrock, parrots, parroty, parsecs, parsers, parsing, parsley, parsnip, parsons, partage, partake, partial, partied, parties, parting, partita, partite, partlet, partner, partook, parture, partway, parusia, parvenu, parvise, parvity, paschal, passade, passado, passage, passant, passels, passers, passing, passion, passive, passkey, passman, passmen, passway, pastels, pastern, pasters, pasteur, pastier, pasties, pastils, pastime, pastina, pasting, pastors, pasture, patache, patagia, patamar, patched, patcher, patches, patella, patency, patents, paterae, pathing, pathway, patible, patient, patinas, patness, patolli, patonce, patrial, patrick, patriot, patrist, patrole, patrols, patrons, patroon, patsies, pattern, patters, patties, patting, paucity, paugies, paulian, pauline, paulist, paunchy, paupers, pausers, pausing, pavanes, pavesse, paviage, pavings, pavisor, pawnees, pawners, pawning, pawpaws, paxilli, payable, payably, payback, paydays, payload, payment, paynims, payoffs, payolas, payroll, paytine, peabird, peached, peacher, peaches, peacing, peacoat, peacock, peafowl, peagrit, peahens, peakier, peaking, peakish, pealing, peanism, peanuts, pearled, pearler, pearter, peartly, peasant, peascod, peatier, peaveys, peavies, pebbled, pebbles, pebrine, peccant, peccary, peccavi, peckers, peckier, pecking, peckish, peckled, pectate, pectins, pectora, pectose, pectous, pedagog, pedaled, pedants, pedanty, peddlar, peddled, peddler, peddles, pedesis, pedicab, pedicel, pedicle, pedrail, peeking, peelers, peeling, peening, peepers, peeping, peerage, peerdom, peeress, peering, peeving, peevish, peewees, peewits, pegador, pegasus, pegging, pegless, pehlevi, peiping, peitrel, pelagic, pelecan, pelfish, pelfray, pelican, pelioma, pelisse, pellack, pellage, pellets, pellile, pelmata, peloria, peloric, pelorus, peltate, pelters, pelting, pelvics, penally, penalty, penance, penates, penaunt, pencils, pendant, pendent, pendice, pending, pendule, penfish, penfold, penguin, penible, penicil, penises, penlite, pennach, pennage, penname, pennant, pennate, penners, pennies, penning, pennons, penrack, pensees, pensile, pension, pensive, pentads, pentail, pentane, pentene, pentice, pentile, pentine, pentoic, pentone, pentose, penuche, penults, peonage, peonies, peonism, peopled, peopler, peoples, peorias, peppers, peppery, peppier, peppily, pepping, pepsine, pepsins, peptics, peptide, peptids, peptone, perbend, percale, percase, percely, percent, percept, perched, percher, perches, percoid, percuss, perdues, perdure, peregal, perempt, perfect, perfidy, perform, perfume, perfuse, pergola, pergolo, perhaps, periapt, peridia, peridot, perigee, periled, perilla, perinea, periods, perisse, periwig, perjure, perjury, perkier, perkily, perking, perkish, perlite, perlous, permian, permiss, permits, permute, perogue, perpend, perplex, perrier, persalt, persant, perseid, perseus, persian, persico, persism, persist, persona, persons, pertain, pertest, perturb, pertuse, perukes, perulae, perusal, perused, peruser, peruses, pervade, pervert, pervial, pesetas, peshito, peskier, peskily, pessary, pessuli, pesters, pestful, pestled, pestles, petaled, petalum, petards, petasus, petcock, petered, peterel, petiole, petites, petitor, petrary, petrean, petrels, petrify, petrine, petrols, petrous, petters, pettier, pettily, petting, pettish, petuned, petunia, petunse, peugeot, pewters, pewtery, peyotes, peyotyl, peytrel, pfennig, phacoid, phacops, phaeton, phalanx, phallic, phallus, phantom, pharaoh, pharaon, pharynx, phaseal, phasers, phasing, phasmid, phenols, phenose, phialed, philter, philtre, phlegms, phlegmy, phlorol, phloxes, phobias, phocine, phoebes, phoebus, phoenix, phoneme, phoneys, phonics, phonier, phonies, phonily, phoning, phonons, phorone, photics, photism, photoed, photogs, photons, phrasal, phrased, phrases, phratry, phrenic, phrensy, phycite, phymata, physics, phytoid, phytons, piacaba, pianino, pianist, piarist, piaster, piastre, piation, pibcorn, pibroch, picador, picamar, picaros, picasso, piccage, piccolo, piceous, pickaxe, pickeer, pickers, pickery, pickets, pickier, picking, pickled, pickler, pickles, pickups, picnics, picotee, picrate, picrite, pictish, pictura, picture, piculet, piddled, piddler, piddles, piddock, pidgins, piebald, piecely, piecers, piecing, pierage, pierced, piercel, piercer, pierces, pierian, pierrot, pieties, pietism, pietist, piewipe, piffara, piffero, piffled, piffles, pigeons, pigfish, pigfoot, piggery, piggier, piggies, pigging, piggins, piggish, pightel, piglets, pigmean, pigment, pigmies, pignora, pignuts, pigpens, pigskin, pigsney, pigtail, pigweed, pikelet, pikelin, pikeman, pikemen, pilaffs, pilcher, pilcrow, pileate, pilenta, pileous, pileups, pilfers, pilfery, pilgrim, pilings, pillage, pillars, pillbox, pillery, pilling, pillion, pillory, pillows, pillowy, pilonce, piloted, pilotry, pilsner, pilular, pimaric, pimelic, pimenta, pimento, pimlico, pimping, pimpled, pimples, pinaces, pinatas, pinball, pincers, pinched, pinchem, pincher, pinches, pinesap, pinetum, pinfish, pinfold, pingers, pinging, pinguid, pinhead, pinhold, pinhole, piniest, pinions, pinkest, pinkeye, pinkies, pinking, pinkish, pinkoes, pinnace, pinnage, pinnate, pinners, pinning, pinnock, pinnula, pinnule, pinocle, pinoles, pinones, pintado, pintail, pintoes, pinweed, pinworm, pinxter, pinyons, pioneer, piosity, piously, pipeful, piperic, pipette, pipings, pipkins, pipping, pippins, piprine, piragua, piranas, piranha, pirated, pirates, piratic, piroghi, pirogue, pirojki, piscary, piscina, piscine, pishing, pismire, pissant, pissing, pissoir, pistils, pistole, pistols, pistons, pitapat, pitched, pitcher, pitches, piteous, pitfall, pitheci, pithful, pithier, pithily, pithing, pitiers, pitiful, pitting, pituite, pitying, pivotal, pivoted, pixyish, placard, placate, placebo, placers, placing, placita, placket, placoid, plagate, plagium, plagose, plagued, plaguer, plagues, plaguey, plaided, plained, plainer, plainly, plaints, plaited, plaiter, planary, planers, planets, planing, planish, planked, planned, planner, plantal, plantar, planted, planter, planula, planxty, plashed, plasher, plashes, plashet, plasmas, plasmic, plasmid, plasmin, plasmon, plasson, plaster, plastic, plastid, plastin, plateau, platens, platers, platier, platies, platina, plating, platoon, platted, platten, platter, platypi, plaudit, playact, playboy, playday, players, playful, playing, playlet, playoff, playpen, pleaded, pleader, pleased, pleaser, pleases, pleated, pleater, plebian, plectra, pledged, pledgee, pledger, pledges, pledget, pledgor, plenary, plenish, plenist, plenums, pleopod, plerome, plethra, pleurae, pleural, pleuras, pleuric, pleuron, plexure, pliable, pliably, pliancy, plicate, pliform, plights, plinked, plinker, plinths, plodded, plodder, plongee, plonked, plopped, plosive, plotful, plotted, plotter, ploughs, plouter, plovers, plowboy, plowers, plowing, plowman, plowmen, ploying, plucked, plucker, plugged, plugger, plumage, plumbed, plumber, plumbic, plumbum, plumcot, plumery, plumier, pluming, plummet, plumose, plumous, plumped, plumper, plumply, plumula, plumule, plunder, plunged, plunger, plunges, plunked, plunker, plunket, plurals, pluries, plurisy, plusher, plushes, plushly, plusses, pluteal, pluteus, plutons, pluvial, pluvian, plywood, pneumas, poached, poacher, poaches, pochard, pockets, pockier, pockily, pocking, pocoson, podagra, podding, podesta, podetia, podgier, podgily, podical, podiums, podrida, podurae, poduras, podurid, poebird, poecile, poenamu, poesies, poetess, poetics, poetise, pogroms, pohagen, poicile, poinder, pointal, pointed, pointel, pointer, pointes, poisers, poising, poisons, poisure, poitrel, pokebag, pokiest, polacca, polacre, polaric, polaris, polders, poldway, poleaxe, polecat, polemic, polenta, polewig, policed, polices, politer, politic, polkaed, pollack, pollage, pollard, pollees, pollens, pollers, polling, pollist, pollock, pollute, poloist, poluria, polygon, polygyn, polymer, polynia, polypod, polypus, pomaded, pomades, pomatum, pomfret, pommage, pommels, pompano, pompeii, pompion, pompire, pompoms, pompons, pomposo, pompous, ponchos, ponders, pongees, ponghee, poniard, pontage, pontiac, pontiff, pontile, pontine, pontius, pontons, pontoon, ponying, pooches, poodles, poohing, pooling, pooping, poopsie, poorbox, poorest, poorish, popcorn, popedom, popeyed, popguns, poplars, poplexy, poplins, popover, poppers, poppets, poppied, poppies, popping, popular, populin, porcate, porches, porcine, porgies, porites, porkers, porkier, porkies, porkpie, porotic, porpita, porrect, portace, portage, portals, portass, portate, portend, portent, porters, portico, porting, portion, portise, portman, portmen, portoir, portray, poseurs, poseuse, poshest, posited, possess, possets, possums, postact, postage, postals, postbag, postbox, postboy, postern, postero, posters, postfix, posting, postman, postmen, posture, postwar, potable, potager, potages, potagro, potance, potargo, potassa, potator, potboys, potcher, poteens, potelot, potence, potency, potfuls, pothead, potheen, potherb, pothole, pothook, potiche, potions, potlach, potluck, potomac, potoroo, potpies, potshot, potsies, pottage, pottain, potteen, pottern, potters, pottery, pottier, potties, potting, pouched, pouches, pouffed, pouffes, poulard, poulder, poulter, poultry, pounced, pouncer, pounces, poundal, pounded, pounder, pourers, pouring, pouters, poutier, pouting, poverty, powders, powdery, powdike, powered, powwows, poynado, poynder, poyntel, practic, praecox, praetor, prairie, praised, praiser, praises, prakrit, praline, pranced, prancer, prances, prangos, pranked, pranker, prasoid, praters, prating, prattle, pravity, prawned, prawner, prayers, praying, preachy, preamps, prearms, prebend, prebill, preboil, precant, precast, precede, precent, precept, precess, precipe, precise, precoce, precook, predate, predawn, predial, predict, predoom, preemie, preempt, preened, preener, prefabs, preface, prefect, prefers, prefine, preform, pregage, pregame, preheat, prehend, prelacy, prelate, prelaty, prelect, prelims, prelook, prelude, premeds, premial, premier, premies, premise, premiss, premium, prename, prender, prenote, preoral, prepack, prepaid, prepare, prepays, preplan, prepose, prepped, preppie, prepuce, presage, presell, present, presets, preshow, preside, presift, presley, presoak, presold, pressed, presser, presses, pressly, pressor, prester, prestos, presume, preteen, pretend, pretest, pretext, pretors, prevail, prevene, prevent, preview, previse, prevued, prevues, prewarm, prewarn, prewash, prexies, preyers, preyful, preying, priapic, pricers, pricier, pricing, pricked, pricker, pricket, prickle, prickly, pridian, priding, priests, prigged, prighte, primacy, primage, primary, primate, primely, primero, primers, primine, priming, primity, primmed, primmer, primped, primula, princes, princox, prinked, prinker, printed, printer, priorly, prisage, prisons, prisses, prithee, privacy, privado, private, privets, privier, privies, privily, privity, probacy, probang, probate, probers, probing, probity, problem, proceed, procere, process, procris, proctor, procure, procyon, prodded, prodder, prodigy, produce, product, proface, profane, profert, profess, proffer, profile, profits, profuse, progeny, progged, program, proheme, proitor, project, prolata, prolate, prolled, proller, prologs, prolong, promise, promont, promote, promove, prompts, pronaos, pronate, pronely, pronged, pronity, pronota, pronoun, proofed, proofer, prootic, propane, propels, propend, propene, propers, prophet, propice, propine, propjet, propleg, propman, propmen, propone, propose, propped, propugn, propyla, prorate, prosaic, prosers, prosier, prosily, prosing, prosody, prosoma, prosper, protean, proteas, protect, protege, proteid, protein, protend, protest, proteus, protist, protons, protyle, prouder, proudly, provand, provant, provect, provend, provent, proverb, provers, provide, provine, proving, proviso, provoke, provost, prowess, prowled, prowler, proxene, proxies, proxima, proxime, proximo, prudent, prudery, prudish, pruners, pruning, prurigo, prussia, prussic, prytany, prythee, psalmed, psalmic, psalter, psaltry, pschent, pshawed, psychal, psyched, psyches, psychic, psychol, psychos, psyllae, pteryla, ptolemy, ptomain, ptyalin, puberal, puberty, publics, publish, puccini, puccoon, pucelle, puceron, puckers, puckery, puckish, pudding, puddled, puddler, puddles, puddock, pudency, pudenda, pudgier, pudgily, pudical, pueblos, puerile, puffers, puffery, puffier, puffily, puffing, puffins, pugging, puggish, puggree, pulings, pullail, pullers, pullets, pulleys, pulling, pullman, pullout, pulpers, pulpier, pulpily, pulping, pulpits, pulpous, pulsars, pulsate, pulsers, pulsing, pulsion, pulsive, pultise, pumiced, pumicer, pumices, pummace, pummels, pumpage, pumpers, pumping, pumpion, pumpkin, punched, puncher, punches, punchin, punctum, pundits, pungent, pungled, puniest, punkest, punkier, punkins, punners, punnier, punning, punster, punters, punting, pupated, pupates, pupfish, pupilar, puppets, puppied, puppies, pupping, puranic, purdahs, purfile, purfled, purflew, purgers, purgery, purging, purisms, purists, puritan, purlieu, purline, purling, purloin, purpled, purpler, purples, purport, purpose, purpura, purpure, purring, purrock, pursers, pursier, pursily, pursing, pursive, pursual, pursued, pursuer, pursues, pursuit, purveys, purview, pushers, pushier, pushily, pushing, pushpin, pushups, puslike, pussier, pussies, pustule, putamen, putdown, putoffs, putouts, putrefy, putrify, puttees, putters, puttied, puttier, putties, putting, puttock, pyaemia, pyaemic, pycnite, pyebald, pygidia, pygmean, pygmies, pygmoid, pygopod, pyjamas, pyloric, pylorus, pyralid, pyramid, pyramis, pyrenae, pyrenes, pyretic, pyrexia, pyridic, pyridyl, pyrites, pyritic, pyrogen, pyrosis, pyrotic, pyrrhic, pyruric, pyruvic, pyruvil, pythiad, pythian, pythons, pyxidia