sa, sc, sd, se, sh, si, sn, so, sp, sr, ss, st, sy, sac, sad, sag, sai, sal, sam, san, sao, sap, sat, saw, sax, say, sci, sea, sec, see, seg, sen, set, sew, sex, sey, she, shy, sib, sic, sig, sik, sin, sip, sir, sis, sit, six, ski, sky, sle, sly, sny, sob, soc, sod, soe, sol, son, sop, sos, sot, sou, sow, sox, soy, spa, spy, sri, sty, sub, sue, sug, sui, sum, sun, sup, swa, syb, sye, saan, sack, sacs, sadh, sadr, safe, saga, sage, sago, sags, sagy, saic, said, sail, saim, sain, sake, saki, sale, salm, salp, salt, same, samp, sand, sane, sang, sank, sans, saps, sard, sari, sark, sarn, sart, sash, sass, sate, sauf, sauh, saul, saur, saut, save, sawn, saws, says, scab, scad, scag, scam, scan, scar, scat, scil, scop, scot, scow, scry, scud, scug, scum, scup, scur, scut, scye, sdan, seah, seak, seal, seam, sean, sear, seas, seat, seck, secs, sect, seed, seek, seel, seem, seen, seep, seer, sees, seet, sego, seid, seke, seld, self, sell, sely, seme, semi, send, sens, sent, sept, sera, serb, sere, serf, serr, sess, seta, sets, sett, sewe, sewn, sews, sext, sexy, seye, seyh, shab, shad, shag, shah, sham, shat, shaw, shay, shed, shes, shet, shew, shie, shim, shin, ship, shit, shiv, shmo, shod, shoe, shog, shoo, shop, shot, show, shug, shul, shun, shut, siam, sibs, sice, sich, sick, sics, sida, side, sift, sigh, sign, sike, sikh, sile, silk, sill, silo, silt, sima, simp, sine, sing, sinh, sink, sins, sipe, sips, sipy, sire, sirs, sirt, sise, siss, sist, site, sith, sits, situ, siva, skag, skar, skat, skee, skeg, sken, skep, skew, skid, skim, skin, skip, skis, skit, skua, skue, skun, skys, slab, slag, slam, slap, slat, slav, slaw, slay, sled, slee, slep, slew, sley, slid, slik, slim, slip, slit, slob, sloe, slog, sloo, slop, slot, slow, slub, slue, slug, slum, slur, slut, smee, smew, smit, smog, smug, smut, snag, snap, snar, snaw, sneb, sned, snet, snew, snib, snig, snip, snit, snob, snod, snot, snow, snub, snug, soak, soal, soam, soap, soar, sobs, sock, soda, sods, sofa, sofi, soft, soho, soil, soja, soke, soko, sola, sold, sole, soli, solo, soly, soma, some, sond, song, sons, soon, soot, sope, soph, sops, sora, sorb, sord, sore, sori, sorn, sors, sort, sory, soss, sote, sots, soul, soun, soup, sour, sous, sout, sowl, sown, sows, soya, soys, spad, spae, span, spar, spas, spat, spaw, spay, spec, sped, sper, spet, spew, spic, spin, spit, spot, spry, spud, spue, spun, spur, sput, stab, stag, stal, star, stat, staw, stay, sted, stee, steg, stem, step, stet, stew, stey, stir, stoa, stop, stor, stot, stow, stre, stub, stud, stum, stun, stut, stye, styx, subs, such, suck, sudd, suds, sued, suer, sues, suet, suey, sufi, suit, suji, sula, sulk, sull, sulu, sumo, sump, sums, sung, sunk, sunn, suns, supe, sups, supt, sura, surd, sure, surf, susu, swab, swad, swag, swal, swam, swan, swap, swat, sway, swig, swim, swob, swom, swop, swum, syce, syke, syle, sync, syne, syrt, syth, saadh, sabal, saber, sable, sabot, sabra, sabre, sacar, sacci, sacks, sacra, sacre, sadda, sadhu, sadly, safer, safes, sagas, sager, sages, saggy, sagos, sagum, sagus, saheb, sahib, sahui, saids, saiga, sails, saily, saint, saith, saiva, sajou, saker, sakes, sakis, sakti, salad, salam, saleb, salem, salep, sales, salic, salix, sally, salmi, salol, salon, salpa, salsa, salse, salts, salty, salue, salve, salvo, samaj, samba, sambo, samoa, sands, sandy, saned, saner, sanes, sanga, sangh, sangu, sanka, sanny, santa, sapid, sapor, sappy, sarah, saran, saree, sarge, sargo, saris, sarod, saros, sarpo, sarsa, sarse, sasin, sasse, sassy, satan, sated, sates, satin, satle, satyr, sauce, saucy, saudi, saugh, sauks, sauls, sault, sauna, saury, saute, saved, saver, saves, savin, savor, savoy, savvy, sawed, sawer, saxes, saxon, sayee, sayer, saynd, sayst, scabs, scads, scags, scala, scald, scale, scall, scalp, scaly, scamp, scams, scans, scant, scape, scard, scare, scarf, scarn, scarp, scars, scary, scate, scath, scats, scatt, scaup, scaur, scena, scene, scent, scern, schah, schmo, schul, schwa, scink, scion, sciot, scise, sclav, scoat, scobs, scoff, scoke, scold, scole, scomm, scone, scoop, scoot, scope, score, scorn, scoth, scots, scott, scour, scout, scowl, scows, scrag, scram, scrap, scrat, scraw, scray, scree, screw, scrid, scrim, scrip, scrit, scrod, scrog, scrow, scrub, scuba, scudi, scudo, scuds, scuff, sculk, scull, sculp, scums, scups, scurf, scuta, scute, scuts, scyle, seals, seams, seamy, sears, seats, seave, seavy, sebat, sebic, secco, seche, secle, secre, sects, sedan, seder, sedge, sedgy, sedum, seeds, seedy, seeks, seels, seely, seems, seeps, seepy, seers, seeth, segar, segge, segno, segos, segue, seige, seigh, seine, seint, seise, seism, seity, sekes, selah, selch, selfs, sells, selve, semen, semis, sends, senge, senna, senor, sense, sensu, senti, seoul, sepal, sepia, sepic, sepon, sepoy, septa, septs, serac, serai, seral, sered, serer, seres, serfs, serge, serie, serif, serin, seron, serow, serry, serum, serve, servo, serye, sessa, setae, setal, setee, seten, setim, seton, setup, seven, sever, sewed, sewel, sewen, sewer, sewin, sexed, sexes, sexly, sexto, sexts, seyen, seynd, seynt, shack, shadd, shade, shads, shady, shaft, shags, shahs, shaik, shail, shake, shako, shaky, shale, shall, shalm, shalt, shaly, shama, shame, shams, shank, shape, shaps, shard, share, shark, sharp, shash, shave, shawl, shawm, shawn, shaws, shays, sheaf, sheal, shear, sheds, sheen, sheep, sheer, sheet, sheik, sheil, sheld, shelf, shell, shend, shent, sheol, sherd, shern, shete, sheth, shewn, shews, shiah, shide, shied, shiel, shier, shies, shiff, shift, shilf, shill, shily, shims, shine, shins, shiny, ships, shipt, shire, shirk, shirl, shirr, shirt, shish, shist, shits, shiva, shive, shivs, shlep, shoad, shoal, shoar, shoat, shock, shode, shoed, shoer, shoes, shoji, shola, shole, shone, shooi, shook, shoon, shoop, shoos, shoot, shope, shops, shore, shorl, shorn, short, shory, shote, shots, shout, shove, shown, shows, showy, shrag, shram, shrap, shred, shrew, shrow, shrub, shrug, shuck, shude, shuls, shuns, shunt, shush, shute, shuts, shyer, shyly, siaga, sibyl, sicca, sicer, sicks, sicle, sided, sider, sides, sidle, siege, sieur, sieva, sieve, sifac, sifts, sighs, sight, sigil, sigla, sigma, signs, siker, sikhs, silex, silks, silky, sills, silly, silos, silts, silty, silva, simar, simia, simon, simps, since, sinch, sindi, sines, sinew, singe, sings, sinhs, sinic, sinks, sinto, sintu, sinus, sioux, sipid, sippy, sired, siree, siren, sires, siroc, sirup, sisal, sisel, siser, sissy, sitar, sited, sites, sithe, situp, situs, sivan, siver, siwin, sixes, sixte, sixth, sixty, skags, skain, skald, skall, skare, skart, skate, skean, skeed, skeel, skeet, skein, skelp, skene, skews, skids, skied, skier, skies, skiey, skiff, skiis, skill, skimp, skims, skink, skins, skips, skirl, skirr, skirt, skits, skive, skoal, skout, skrim, skuas, skulk, skull, skunk, skute, skyed, skyey, slabs, slack, slade, slags, slaie, slain, slake, slams, slang, slank, slant, slape, slaps, slash, slate, slats, slatt, slaty, slave, slavs, slaws, slays, sleds, sleek, sleep, sleer, sleet, sleid, slent, slept, slews, slice, slich, slick, slide, slier, slily, slime, slims, slimy, sling, slink, slips, slipt, slish, slits, slive, sloam, sloat, slobs, slock, sloes, slogs, sloke, sloom, sloop, slope, slops, slopy, slosh, sloth, slots, slowh, slows, sloyd, slubs, sludy, slued, slues, slugs, slump, slums, slung, slunk, slurp, slurs, slush, sluts, slyer, slyly, slype, smack, small, smalt, smart, smash, smear, smeir, smell, smelt, smerk, smift, smile, smilt, smirk, smite, smith, smitt, smock, smoke, smoky, smolt, smoor, smore, smote, smuts, snack, snafu, snags, snail, snake, snaky, snape, snaps, snare, snark, snarl, snary, snast, snead, sneak, sneap, sneck, sneed, sneer, snell, snick, snide, sniff, snift, snigg, snipe, snips, snite, snits, snobs, snoff, snood, snook, snoop, snoot, snore, snort, snots, snout, snowl, snows, snowy, snubs, snuck, snuff, snugs, snypy, soaks, soaky, soaps, soapy, soars, soave, sober, socks, socky, socle, sodas, soddy, soder, sodic, sodom, sofar, sofas, sofia, sofis, softa, softs, softy, soger, soggy, soils, soily, sojer, soken, solar, solas, soldi, soldo, soled, solen, soler, soles, solid, solon, solos, solus, solve, somaj, somal, somas, somne, sonar, soncy, sonde, sones, songs, sonic, sonny, sonsy, sooey, soord, soote, sooth, soots, sooty, sophi, sophs, sophy, sopor, soppy, sopra, soree, sorel, sorer, sores, sorex, sorgo, sorry, sorts, sorus, sorwe, sotel, sothe, sotil, souce, sough, souir, souke, souls, sound, soune, soups, soupy, sours, sourt, souse, south, sowar, sowce, sowed, sower, sowle, sowne, sowse, soyas, soyle, spaad, space, spade, spado, spaed, spahi, spaid, spain, spake, spaky, spale, spall, spalt, spane, spang, spank, spans, spare, spark, spars, spary, spasm, spate, spats, spawl, spawn, spays, speak, spear, spece, speck, specs, speed, speer, speet, speir, speke, spelk, spell, spelt, spend, spent, spere, sperm, spews, spewy, sphex, spial, spica, spice, spick, spics, spicy, spied, spiel, spier, spies, spiff, spike, spiky, spile, spill, spilt, spine, spink, spins, spiny, spire, spirt, spiry, spiss, spite, spits, splat, splay, split, spoil, spoke, spong, sponk, spoof, spook, spool, spoom, spoon, spoor, spore, sport, spots, spout, sprad, sprag, sprat, spray, spree, sprew, sprig, sprit, sprod, sprue, sprug, spuds, spued, spues, spuke, spume, spumy, spunk, spurn, spurs, spurt, sputa, spute, spyne, stabs, stack, stade, staff, stage, stags, stagy, staid, stail, stain, stair, stake, stale, stalk, stall, stamp, stand, stane, stang, stank, stant, staph, stare, starf, stark, starn, stars, start, stash, state, stats, stave, stays, stead, steak, steal, steam, stean, steed, steek, steel, steem, steen, steep, steer, steik, stein, stela, stele, stell, stems, steno, stent, steps, stere, stern, stert, stets, steve, stews, stian, stich, stick, stied, sties, stiff, stike, stile, still, stilt, stime, stimy, sting, stink, stint, stipe, stirk, stirp, stirs, stirt, stith, stive, stoak, stoas, stoat, stock, stogy, stoic, stoke, stola, stole, stoma, stomp, stond, stone, stont, stony, stood, stook, stool, stoom, stoop, stoor, stope, stops, stopt, store, stork, storm, story, stote, stoup, stour, stout, stove, stows, stram, strap, straw, stray, stree, strep, strew, stria, strid, strip, strix, strop, strow, stroy, strum, strut, stubs, stuck, studs, study, stufa, stuff, stuke, stull, stulm, stulp, stump, stung, stunk, stuns, stunt, stupa, stupe, sturb, sturk, sturt, styan, styca, styed, styes, style, styli, stymy, suade, suage, suant, suave, succi, sucks, sucre, sudan, sudor, sudra, sudsy, suede, suent, suers, suets, suety, sugar, suine, suing, suint, suist, suite, suits, sulci, sulfa, sulks, sulky, sully, sumac, summa, sumos, sumph, sumps, sunna, sunny, sunup, super, supes, supra, surah, sural, surds, surer, surfs, surfy, surge, surgy, surly, susan, sutor, sutra, sutta, swabs, swage, swail, swain, swaip, swale, swami, swamp, swang, swank, swans, swape, swaps, sward, sware, swarf, swarm, swart, swash, swate, swath, swats, sways, sweal, swear, sweat, swede, sweep, sweet, swell, swelt, swept, swerd, swich, swift, swigs, swill, swims, swine, swing, swink, swipe, swirl, swish, swiss, swive, swoln, swonk, swoon, swoop, swops, sword, swore, sworn, swown, swung, sycee, syker, sylph, sylva, symar, synch, syncs, synod, syren, syria, syrma, syrup, sythe, sabbat, sabean, sabers, sabian, sabicu, sabine, sabled, sables, sabots, sabras, sabred, sabres, sacbut, saccus, sachel, sachem, sachet, sacked, sacker, sacral, sacred, sacrum, sadden, sadder, saddhu, saddle, sadhus, sadism, sadist, safari, safely, safest, safety, sagely, sagene, sagest, sagged, sagger, sagier, sagoin, sahara, sahibs, saigon, saikyr, sailed, sailer, sailor, saimir, saints, saithe, sajene, sakieh, salaam, salade, salads, salami, salary, salian, salify, salina, saline, salite, saliva, sallet, sallow, salmis, salmon, salons, saloon, saloop, salpae, salpas, salpid, salted, salter, saltle, saltly, salute, salved, salver, salves, salvia, salvor, salvos, samara, samare, sambas, samboo, sambos, sambur, samian, samiel, samiot, samite, samlet, samoan, sampan, sample, samshu, samson, samuel, sancho, sancta, sandal, sanded, sander, sandix, sandra, sandre, sandyx, sanely, sanest, sanger, sangha, sanies, sanity, sanjak, sankha, sannop, sannup, sansei, santal, santee, santer, santon, sapajo, sapful, sapota, sapped, sapper, sappho, sarape, sarcel, sarcin, sarcle, sardan, sardel, sarees, sarges, sarkin, sarlac, sarlyk, sarong, sarsen, sartor, sashay, sashed, sashes, sassed, sasses, sastra, sateen, sating, satins, satiny, sation, satire, sativa, sative, satori, satrap, saturn, satyrs, sauced, saucer, sauces, saudis, saufly, sauger, saulie, saults, saunas, saurel, sauria, sauted, sauter, sautes, savage, savant, savate, savely, savers, savine, saving, savior, savors, savory, savour, savoys, savvey, sawder, sawers, sawfly, sawing, sawneb, sawtry, sawyer, saxons, saxony, sayers, sayest, saying, sayman, scabby, scalae, scalar, scalds, scaled, scaler, scales, scalls, scalps, scampi, scamps, scants, scanty, scaped, scapes, scapus, scarab, scarce, scared, scarer, scares, scarey, scarfs, scarps, scarry, scarus, scatch, scathe, scelet, scenes, scenic, scents, schade, scheik, schema, scheme, schene, schick, schism, schist, schlep, schmoe, scholy, school, schorl, schuss, schwas, scient, scions, scious, sclaff, sclave, sclera, scobby, scoffs, scolay, scolds, scolex, scoley, sconce, scones, scoops, scoots, scopes, scorce, scorch, scored, scorer, scores, scoria, scorie, scorns, scorny, scorse, scotal, scotch, scoter, scotia, scours, scouse, scouts, scovel, scowed, scowls, scrags, scrams, scrape, scraps, scrawl, screak, scream, screed, screen, screes, screws, screwy, scribe, scrimp, scrims, scrine, scrips, script, scrive, scrode, scrods, scroll, scrota, scrubs, scruff, scubas, scuffs, sculks, sculls, sculpt, scummy, scurff, scurfs, scurfy, scurry, scurvy, scutal, scutch, scutum, scylla, scypha, scyphi, scythe, sdeign, seabag, seabed, seadog, sealed, sealer, sealgh, seaman, seamed, seamen, seamer, seance, seapoy, searce, search, seared, searer, season, seated, seater, seawan, seaway, sebate, secale, secant, secede, secern, secess, seckel, second, secret, sector, secund, secure, sedans, sedate, sedent, seders, sedged, sedges, seduce, sedums, seeded, seeder, seeing, seeker, seeled, seemed, seemer, seemly, seeped, seesaw, seethe, seggar, segnos, segued, segues, seined, seiner, seines, seisin, seisms, sejant, sejein, seldem, selden, seldom, select, selfed, selion, seller, selsyn, selvas, selves, semble, semele, semens, semina, semita, semite, semper, sempre, senary, senate, sendal, sendee, sender, seneca, senega, senhor, senile, senior, sennas, sennet, sennit, senora, senors, sensed, senses, sensor, sentry, sepals, sepawn, sephen, sepiae, sepias, sepose, sepsin, sepsis, septal, septet, septic, septum, serang, serape, seraph, serbia, serein, serene, serest, serges, serial, series, serifs, serine, sering, serins, seriph, sermon, seroon, serose, serous, serpet, serums, serval, served, server, serves, servos, sesame, sesban, sestet, sethen, sethic, setoff, setons, setose, setous, setout, settee, setter, settle, setula, setule, setups, sevens, severe, severs, severy, sewage, sewers, sewing, sexfid, sexier, sexily, sexing, sexism, sexist, sexpot, sextan, sextet, sextic, sexton, sextos, sextry, sexual, shabby, shacks, shadde, shaded, shader, shades, shadow, shafts, shaggy, shahin, shaken, shaker, shakes, shakos, shaled, shales, shalli, shalom, shaman, shamed, shamer, shames, shammy, shamoy, shamus, shanks, shanny, shanti, shanty, shaped, shapen, shaper, shapes, shapoo, shards, shardy, shared, sharer, shares, sharif, sharks, sharps, sharpy, shasta, shaved, shaven, shaver, shaves, shawed, shawls, shawms, sheafs, sheafy, sheard, shearn, shears, sheath, sheave, sheely, sheens, sheeny, sheepy, sheers, sheets, sheikh, sheiks, sheila, shekel, shelfa, shelfy, shells, shelly, shelty, shelve, shelvy, sheols, shepen, sherds, sherif, sherpa, sherry, shette, shewed, shewel, shewer, shicer, shield, shiers, shiest, shifts, shifty, shiite, shiksa, shilfa, shills, shiloh, shimmy, shindy, shined, shiner, shines, shinny, shinto, shinty, shippo, shires, shirks, shirky, shirrs, shirts, shirty, shists, shivah, shivas, shiver, shlock, shmoes, shnaps, shoals, shoaly, shoats, shocks, shoddy, shoder, shoers, shogun, shojis, sholom, shonde, shooed, shooks, shoots, shooty, shopen, shoppe, shoppy, shored, shorer, shores, shorts, shorty, shotes, shough, should, shouts, shoved, shovel, shoven, shover, shoves, showed, shower, showup, shrank, shrape, shreds, shrewd, shrews, shriek, shrift, shrike, shrill, shrimp, shrine, shrink, shrive, shroff, shrood, shroud, shrove, shrowd, shrubs, shruff, shrugs, shrunk, shtetl, shtick, shucks, shumac, shunts, shuted, shutes, shyers, shyest, shying, sibyls, sicced, sicily, sicked, sicken, sicker, sickle, sickly, siddow, siding, sidled, sidler, sidles, sidney, siecle, sieged, sieges, sienna, sierra, siesta, sieurs, sieved, sieves, sifted, sifter, sigger, sighed, sigher, sights, sigils, siglos, sigmas, signal, signed, signee, signer, signet, signor, silage, silene, silent, silica, siling, silked, silken, siller, sillon, siloed, silted, silure, silvae, silvan, silvas, silver, simial, simian, simile, simmer, simnel, simony, simoom, simoon, simous, simpai, simper, simple, simply, sinaic, sindon, sinews, sinewy, sinful, singed, singer, singes, single, singly, sinker, sinned, sinner, sinnet, sinter, sintoc, sipage, siphon, sipped, sipper, sippet, sipple, sircar, sirdar, sirene, sirens, siring, sirius, sirrah, sirree, sirups, sirupy, sisals, siskin, sissoo, sister, sitars, sitcom, sithed, sithen, siting, sitten, sitter, situps, sixing, sixtes, sixths, skaith, skalds, skated, skater, skates, skatol, skeans, skeets, skeine, skeins, skelet, skelly, skerry, sketch, skewed, skewer, skiddy, skidoo, skiers, skiffs, skiing, skills, skilts, skilty, skimps, skimpy, skinch, skinks, skinny, skirls, skirts, skitty, skiver, skivvy, sklere, skoals, skonce, skreen, skrike, skrimp, skrite, skulks, skulls, skunks, skurry, skycap, skying, skyish, skylab, skyman, skymen, skyway, slabby, slacks, slaggy, slaked, slaker, slakes, slakin, slalom, slangs, slangy, slants, slashy, slatch, slated, slater, slates, slaved, slaver, slaves, slavey, slavic, slawen, slayer, sleave, sledge, sleeks, sleeky, sleeps, sleepy, sleets, sleety, sleeve, sleigh, sleuth, slewed, slewth, sliced, slicer, slices, slicks, slider, slides, sliest, slight, slimed, slimes, slimly, slimsy, slings, slinks, slinky, slipes, slippy, slipup, sliver, slogan, sloggy, sloomy, sloops, sloped, sloper, slopes, sloppy, sloshy, sloths, slouch, slough, slovak, sloven, slowed, slower, slowly, sludge, sludgy, sluggy, sluice, sluicy, sluing, slummy, slumps, slumpy, slurps, slurry, slushy, slutch, slyest, smacks, smalls, smally, smarmy, smarts, smarty, smatch, smears, smeary, smeath, smeeth, smegma, smells, smelly, smelts, smerky, smiddy, smight, smilax, smiled, smiler, smiles, smilet, smirch, smirks, smirky, smiter, smites, smiths, smithy, smocks, smoggy, smoked, smoker, smokes, smokey, smooch, smooth, smouch, smudge, smudgy, smugly, smutch, smutty, snacks, snacot, snafus, snaggy, snails, snaked, snakes, snappy, snared, snarer, snares, snarks, snarls, snarly, snatch, snathe, sneaks, sneaky, sneath, sneers, snicks, snider, sniffs, sniffy, sniped, sniper, snipes, snippy, snitch, snithe, snithy, snivel, snobby, snoods, snoops, snoopy, snoots, snooty, snored, snorer, snores, snorts, snotty, snouts, snouty, snowed, snubby, snudge, snuffs, snuffy, snugly, snying, soaked, soaker, soaped, soaper, soared, soarer, sobbed, sobber, sobeit, sobers, sobful, socage, soccer, social, socked, socket, socman, socmen, socome, sodaic, sodded, sodden, sodger, sodium, sodomy, soever, sofars, soffit, sofism, soften, softer, softie, softly, sogged, soigne, soiled, soiree, solace, soland, solano, solary, soldan, solder, solely, solemn, solere, solert, solidi, solido, solids, soling, sollar, soloed, solute, solved, solver, solves, somali, somber, sombre, somite, somner, sompne, sonant, sonars, sonata, sonics, sonnet, sontag, soodra, soofee, soojee, soonee, sooner, soonly, soorma, soosoo, sooted, soothe, sooths, sophic, sophis, sophta, sopite, sopors, sopped, sopper, sorbed, sorbet, sorbic, sorbin, sordes, sordet, sordid, sorels, sorely, sorema, sorest, sorgne, sorner, sorrel, sorrow, sortal, sorted, sorter, sortes, sortie, sothic, sotted, soubah, soudan, souded, soudet, soughs, sought, souled, sounds, sounst, souped, souple, source, sourde, soured, sourer, sourly, soused, souses, souter, souths, soviet, sovran, sowans, sowdan, sowens, sowers, sowing, sowins, sowter, soyned, spaced, spacer, spaces, spaded, spader, spades, spadix, spahee, spalls, spanks, spared, sparer, spares, sparge, sparks, sparky, sparry, sparse, sparta, sparth, sparve, spasms, spates, spatha, spathe, spauld, spavin, spawns, spayad, spayed, speaks, spears, speary, specht, specie, specks, speckt, speece, speech, speeds, speedy, speiss, spells, spence, spends, sperge, sperms, sperre, sperse, spewed, spewer, sphene, sphere, sphery, sphinx, spicae, spicas, spiced, spicer, spices, spicey, spider, spiels, spiers, spiffy, spight, spigot, spiked, spiker, spikes, spills, spilth, spinal, spined, spinel, spines, spinet, spinny, spiral, spirea, spired, spires, spirit, spirts, spital, spited, spites, splash, splats, splays, spleen, splent, splice, spline, splint, splits, splosh, spoils, spoilt, spoked, spoken, spokes, sponge, spongy, spoofs, spooks, spooky, spools, spoons, spoony, spoors, spored, spores, sporid, sports, sporty, spotty, spouse, spouts, sprack, sprain, sprang, sprats, sprawl, sprays, spread, sprees, sprent, sprier, sprigs, spring, sprint, sprite, sprits, sprong, sprout, spruce, sprucy, sprung, sprunt, spryer, spryly, spuing, spumed, spumes, spumid, spunge, spunks, spunky, spurge, spurns, spurry, spurts, sputum, spying, spyism, srawls, stable, stably, stacks, stacte, stadia, staffs, staged, stager, stages, stagey, staggy, stains, stairs, staith, staked, stakes, stalag, staled, staler, stales, stalin, stalks, stalky, stalls, stamen, stamin, stamps, stance, stanch, stands, stapes, staphs, staple, starch, stared, starer, stares, starry, starts, starve, stases, stasis, statal, stated, stater, states, static, stator, statua, statue, status, staved, staves, stayed, stayer, steads, steady, steaks, steals, steams, steamy, steeds, steels, steely, steeps, steepy, steers, steeve, steins, stelae, stella, stemma, stemmy, stench, stenos, stente, steppe, stepup, stereo, steres, sterna, sterns, sterre, sterte, sterve, steven, stewed, stibic, sticks, sticky, stiddy, stiffs, stifle, stigma, stilar, stiles, stilet, stills, stilly, stilts, stilty, stimey, stimie, stingo, stings, stingy, stinko, stinks, stinky, stints, stipel, stipes, stirps, stirte, stitch, stithy, stived, stiver, stives, stoats, stocah, stocks, stocky, stodge, stodgy, stogey, stogie, stoics, stoked, stoker, stokes, stokey, stolae, stoled, stolen, stoles, stolid, stolon, stomps, stoned, stoner, stones, stoney, stooge, stools, stoops, stoped, stopen, storax, stored, storer, stores, storey, storge, storks, storms, stormy, stound, stoups, stouts, stoved, stover, stoves, stowce, stowed, stowre, strafe, straik, strain, strait, strake, strale, strand, strang, strany, straps, strass, strata, strate, strath, straws, strawy, strays, streak, stream, streek, streel, streen, street, strein, streit, strene, streps, stress, strewn, strews, striae, strich, strick, strict, stride, strife, strike, string, stripe, strips, stript, stripy, strive, stroam, strobe, strode, stroke, stroll, stroma, stromb, strond, strong, strook, stroot, strops, stroud, strout, strove, strowl, strown, struck, strude, strull, struma, strums, strung, strunt, struse, struts, stubby, stucco, studio, stuffs, stuffy, stulty, stumps, stumpy, stunts, stupas, stuped, stupes, stupid, stupor, sturdy, stying, stylar, styled, styler, styles, stylet, stylus, stymie, styrax, styrol, styryl, stythe, stythy, suable, suably, suaver, subact, subaid, subash, subaud, subbed, subdeb, subdue, subgum, subito, sublet, submit, subnex, suborn, subset, subtle, subtly, suburb, subway, succor, succus, sucked, sucken, sucker, sucket, suckle, sucres, sudary, sudden, sudors, sudsed, sudser, sudses, sueded, suedes, suffer, suffix, sufism, sugars, sugary, suggil, suited, suites, suitor, sulcus, sulfas, sulfur, sulked, sulker, sullen, sulpha, sultan, sultry, sumach, sumacs, sumbul, summed, summer, summit, summon, sumner, sumoom, sunbow, suncup, sundae, sunday, sunder, sundew, sundog, sundry, sunken, sunlit, sunned, sunnud, sunset, suntan, sunups, supawn, superb, supers, supine, supped, supper, supple, supply, surbed, surbet, surcle, surdal, surely, surest, surety, surfed, surfel, surfer, surfle, surged, surger, surges, surmen, surrey, surrow, surtax, survey, susans, suslik, suster, sustre, sutile, sutler, sutras, suttas, suttee, suttle, suture, svelte, swabby, swaged, swages, swaggy, swains, swamis, swamps, swampy, swanks, swanky, swanny, swards, swardy, swarms, swarth, swarty, swarve, swashy, swatch, swathe, swaths, swatte, swayed, swayer, swears, sweats, sweaty, sweden, swedes, sweeny, sweeps, sweepy, sweets, sweigh, swells, swelve, swerve, sweven, swifts, swills, swimmy, swinck, swinge, swings, swingy, swinks, swiped, swipes, swiple, swirls, swirly, swishy, switch, swithe, swivel, swivet, swoons, swoops, swoosh, swords, swough, swound, swythe, sycite, sycock, sydney, sylphs, sylphy, sylvae, sylvan, sylvas, sylvia, sylvic, symarr, symbal, symbol, synced, synchs, syncom, syndic, synepy, synods, syntax, sypher, syphon, syrens, syriac, syrian, syrinx, syrtes, syrtic, syrtis, syrups, syrupy, system, sabaean, sabaism, sabaoth, sabbath, sabbats, sabeism, sabella, sabered, sabines, sabling, sabring, sacbuts, saccade, saccate, saccule, sacculi, sacella, sachems, sachets, saciety, sackage, sackbut, sackers, sackful, sacking, saclike, sacrals, sacrate, sacring, sacrist, sacrums, saddens, saddest, saddhus, saddled, saddler, saddles, sadiron, sadisms, sadists, sadness, safaris, safeway, safflow, saffron, sagapen, sagathy, saggers, saggier, sagging, sagiest, sagitta, saguaro, saharan, sahibah, sahidic, sahlite, sailers, sailing, sailors, sainted, saintly, saivism, sakeret, sakiyeh, salaams, salable, salably, salamis, saliant, salices, salicin, salicyl, salient, saligot, salinas, salines, salival, salivas, sallied, sallier, sallies, sallows, sallowy, salmiac, salmons, salogen, saloons, salpian, salpinx, salsafy, salsify, salsoda, salsola, saltant, saltate, saltbox, saltcat, saltern, salters, saltest, saltier, salties, saltily, saltine, salting, saltire, saltish, saluted, saluter, salutes, salvage, salvers, salvias, salving, salvoed, salvoes, samadhi, samarra, sambaed, sambuke, samechs, samekhs, samette, samisen, samites, sammier, samoans, samovar, sampans, sampled, sampler, samples, samsara, samshoo, samurai, sanable, sanctum, sanctus, sandals, sandbag, sandbar, sandbox, sanders, sandfly, sandhog, sandier, sanding, sandish, sandlot, sandman, sandmen, sandpit, sangiac, sangria, sanhita, sanicle, sanious, sankhya, sanseis, santees, sapajou, saphead, sapiens, sapient, sapless, sapling, saponin, saponul, sappare, sappers, sapphic, sappier, sappily, sapping, sapsago, sapwood, saracen, sarapes, sarasin, sarcasm, sarcina, sarcode, sarcoid, sarcoma, sarcous, sardine, sardius, sardoin, sarigue, sarking, sarment, sarongs, sarplar, sashays, sashery, sashimi, sashing, sashoon, sassaby, sassier, sassies, sassily, sassing, satanic, satchel, sateens, satiate, satiety, satinet, satires, satiric, satisfy, satoris, satraps, satrapy, satyric, satyrid, saucers, saucier, saucily, saucing, saunter, saurian, sauries, sauroid, sausage, sauteed, sautrie, savable, savaged, savager, savages, savanna, savants, savates, saveloy, savings, saviors, saviour, savored, savorer, savorly, savours, savoury, savvied, savvies, sawbill, sawbuck, sawdust, sawfish, sawmill, sawyers, saxhorn, saxonic, sayable, sayette, sayings, scabbed, scabble, scabies, scaglia, scalade, scalado, scalars, scalary, scalded, scalder, scaldic, scalene, scalers, scalier, scaling, scalled, scallop, scalped, scalpel, scalper, scamble, scamell, scammel, scamped, scamper, scandal, scandia, scandic, scanned, scanner, scanted, scanter, scantle, scantly, scaping, scapple, scapula, scarabs, scarcer, scarers, scarfed, scarier, scarify, scaring, scarlet, scaroid, scarped, scarper, scarred, scarves, scasely, scathed, scathes, scathly, scatted, scatter, scauper, scavage, scenary, scenery, scented, scepsis, scepter, sceptic, sceptre, schappe, schelly, schemas, schemed, schemer, schemes, scherif, schesis, schetic, schisma, schisms, schists, schlepp, schleps, schlich, schlock, schmeer, schmoes, schmoos, schmuck, schnaps, schnook, scholar, scholia, schools, schorly, schrode, schtick, sciatic, science, sciniph, scirrhi, scissel, scissil, scissor, sciurus, sclavic, scleral, scleras, scoffed, scoffer, scolded, scolder, scollop, scomber, scomfit, sconced, sconces, scooped, scooper, scooted, scooter, scopate, scoping, scoppet, scoptic, scopula, scorers, scoriac, scoriae, scorify, scoring, scorned, scorner, scorper, scorpio, scotale, scotist, scotoma, scotomy, scottie, scoured, scourer, scourge, scourse, scouted, scouter, scowled, scowler, scraber, scraggy, scragly, scranch, scranky, scranny, scraped, scraper, scrapes, scrappy, scratch, scrawls, scrawly, scrawny, screams, screech, screens, screwed, screwer, scribal, scribed, scriber, scribes, scrimer, scrimps, scrimpy, scripts, scritch, scrived, scrives, scroggy, scrolls, scrooge, scrotal, scrotum, scrouge, scroyle, scrubby, scruffs, scruffy, scrunch, scruple, scudded, scuddle, scuffed, scuffle, sculked, sculker, sculled, sculler, sculpin, sculpts, scumber, scumble, scummed, scummer, scunner, scupper, scurrit, scutage, scutate, scutter, scuttle, scybala, scyphae, scyphus, scythed, scythes, seabags, seabeds, seabird, seaboat, seabord, seadogs, seafood, seagirt, sealant, sealers, sealery, sealing, seamark, seamers, seamier, seaming, seances, seaport, searcer, searing, seasick, seaside, seasons, seaters, seating, seattle, seawall, seawand, seawant, seaward, seaware, seaways, seaweed, seawife, sebacic, secancy, secants, seceded, seceder, secedes, sechium, seclude, seconal, seconde, secondo, seconds, secrecy, secrely, secrete, secrets, sectant, sectary, sectile, section, sectism, sectist, sectors, secular, secunda, secured, securer, secures, sedated, sedater, sedates, sedgier, sedilia, seduced, seducee, seducer, seduces, seeable, seedbed, seedbox, seedcod, seeders, seedier, seedily, seeding, seedlip, seedlop, seedman, seedmen, seedpod, seeings, seekers, seeking, seelily, seeling, seemers, seeming, seepage, seepier, seeping, seeress, seesaws, seethed, seether, seethes, segment, segnity, seguing, seiches, seiners, seining, seismal, seismic, seisure, sejeant, selects, selenic, selfdom, selfing, selfish, selfism, selfist, sellers, selling, sellout, selsyns, selvage, sematic, semidry, semilor, seminal, seminar, semined, semious, semiped, semipro, semitae, semites, semitic, semivif, semoule, semster, senates, senator, senders, sending, sendoff, senecas, senecio, senegal, senegin, senhora, senhors, seniles, seniors, seniory, sennets, sennits, senoras, senores, sensate, sensery, sensing, sensism, sensist, sensive, sensors, sensory, sensual, sentery, senteur, sentine, sepaled, seposit, seppuku, septane, septate, septets, septics, septime, septoic, septula, septums, septuor, serapes, seraphs, serapis, serbian, serener, serenes, serfage, serfdom, serfish, serfism, serging, serials, seriate, sericin, seriema, serious, sermons, serolin, serpens, serpent, serpigo, serpula, serrate, serried, serries, serrous, serrula, serumal, servage, servals, servant, servers, servian, service, servile, serving, servite, sesames, sessile, session, sestets, sestina, sestine, sestuor, setback, setbolt, setdown, setfoil, setiger, setness, setoffs, settees, setters, setting, settled, settler, settles, setulae, setwall, seventh, seventy, several, severed, severer, seville, sewages, sewings, sewster, sexiest, sexifid, sexisms, sexists, sexless, sexpots, sextain, sextans, sextant, sextary, sextets, sexteyn, sextile, sextons, sfumato, shabbed, shabble, shacked, shacker, shackle, shackly, shaders, shadier, shadily, shading, shadoof, shadows, shadowy, shaffle, shafted, shagged, shahdom, shaitan, shakers, shakeup, shakier, shakily, shaking, shakoes, shakudo, shalier, shallon, shallop, shallot, shallow, shamans, shamble, shaming, shammed, shammer, shammes, shamois, shampoo, shanked, shanker, shantey, shantis, shapely, shapers, shapeup, shaping, sharded, sharers, sharifs, sharing, sharked, sharker, sharock, sharped, sharpen, sharper, sharpie, sharply, shaster, shastra, shatter, shavers, shaving, shawled, shawnee, sheafed, sheared, shearer, sheathe, sheaths, sheathy, sheaved, sheaves, shebang, shebeen, shedded, shedder, sheened, sheeney, sheenie, sheenly, sheered, sheerer, sheerly, sheeted, sheeter, sheikhs, sheitan, shekels, shellac, shelled, sheller, shelley, shelter, sheltie, shelved, shelver, shelves, shemite, sherbet, shereef, sheriat, sheriff, sherifs, sherpas, sherris, shewers, shewing, shiatsu, shicksa, shields, shifted, shifter, shikari, shiksas, shikses, shilled, shimmed, shimmer, shindig, shindle, shindys, shiners, shiness, shingle, shingly, shinier, shinily, shining, shinned, shinney, shipful, shiplet, shipman, shipmen, shipped, shippen, shipper, shippon, shipway, shirked, shirker, shirley, shirred, shirted, shittah, shitted, shittim, shittle, shivers, shivery, shlocks, shoaled, shoaler, shocked, shocker, shodden, shoding, shoefly, shoeing, shogged, shoggle, shoguns, shoofly, shooing, shooter, shopboy, shopman, shopmen, shopped, shopper, shoppes, shorage, shoring, shorted, shorten, shorter, shortie, shortly, shotgun, shotted, shotten, shouted, shouter, shovels, shovers, shoving, showers, showery, showier, showily, showing, showish, showman, showmen, showoff, shreddy, shrewed, shrieks, shrieky, shrieve, shrifts, shright, shrikes, shrills, shrilly, shrimps, shrimpy, shrined, shrines, shrinks, shrived, shrivel, shriven, shriver, shrives, shrouds, shroudy, shrubby, shtetel, shticks, shucked, shucker, shudder, shuffle, shunned, shunner, shunted, shunter, shushed, shushes, shuteye, shuting, shutoff, shutout, shutter, shuttle, shylock, shyness, shyster, siamang, siamese, sibbens, siberia, sibling, sibylic, siccate, siccing, siccity, sickbay, sickbed, sickens, sickest, sicking, sickish, sickled, sickler, sickles, sickout, sidearm, sidecar, sideman, sidemen, sideral, sideway, sidings, sidlers, sidling, sieging, sienite, siennas, sierran, sierras, siestas, sieving, sifilet, sifters, sifting, sighers, sighing, sighted, sighter, sightly, sigilla, sigmoid, signals, signate, signers, signets, signify, signing, signior, signora, signore, signori, signors, signory, sikerly, sikhism, silages, silence, silents, silenus, silesia, silicas, silicea, silicic, silicle, silicon, silkier, silkily, silking, silkman, silkmen, sillers, sillier, sillies, sillily, sillock, siloing, siltier, silting, silurus, silvans, silvate, silvern, silvers, silvery, silvics, simagre, simarre, simblot, simians, similar, similes, similor, simitar, simmers, simpers, simpler, simples, simplex, simular, simulty, sinapic, sinapis, sinatra, sincere, sinewed, singers, singing, singled, singles, singlet, singult, siniate, sinical, sinkage, sinkers, sinking, sinless, sinners, sinning, sinoper, sinopia, sinopis, sinople, sinters, sinuate, sinuose, sinuous, sinuses, siogoon, siphoid, siphons, sippers, sippets, sipping, siredon, sirenia, sirkeer, sirloin, sirname, sirocco, sirrahs, sirrees, siruped, sissier, sissies, sisters, sistine, sistren, sistrum, sitcoms, sitfast, sithens, sitters, sittine, sitting, situate, sivvens, sixfold, sixteen, sixthly, sixties, skaddle, skaddon, skaldic, skaling, skaters, skating, skayles, skeeing, skeeter, skegger, skeined, skelder, skellum, skelter, skepsis, skeptic, sketchy, skewers, skewing, skiable, skiddaw, skidded, skidder, skiddoo, skidoos, skidpan, skiffed, skiings, skilder, skilful, skilled, skillet, skimmed, skimmer, skimped, skinful, skinked, skinker, skinned, skinner, skipped, skipper, skippet, skirled, skirret, skirted, skirter, skitter, skittle, skiving, skiwear, sklayre, skoaled, skoptsy, skringe, skulked, skulker, skulled, skulpin, skunked, skycaps, skydive, skydove, skyhook, skyjack, skylark, skyline, skysail, skyward, skyways, slabbed, slabber, slacked, slacken, slacker, slackly, slagged, slakers, slaking, slaloms, slamkin, slammed, slander, slanged, slanted, slantly, slapped, slapper, slashed, slasher, slashes, slaters, slather, slatier, slating, slatted, slatter, slavers, slavery, slaveys, slaving, slavish, slavism, slayers, slaying, sleaved, sledded, sledder, sledged, sledges, sleeked, sleeker, sleekly, sleeper, sleetch, sleeted, sleeved, sleeves, sleided, sleighs, sleight, slender, sleuths, slewing, slibber, slicers, slicing, slicked, slicken, slicker, slickly, slidden, slidder, sliders, sliding, slights, slighty, slimier, slimily, sliming, slimmed, slimmer, sliness, slinger, slipped, slipper, slipups, slither, slitted, slitter, slivers, sloakan, slobber, slocken, slogans, slogged, slogger, slopers, sloping, slopped, sloshed, sloshes, slotted, slouchy, sloughs, sloughy, slovaks, slovens, slowest, slowing, slowish, slubbed, slubber, sludger, sludges, slugged, slugger, sluiced, sluices, slumber, slumgum, slummed, slummer, slumped, slurped, slurred, slushed, slushes, slutchy, slyness, smacked, smacker, smaller, smaragd, smarted, smarten, smarter, smartie, smartle, smartly, smashed, smasher, smashes, smashup, smatter, smeared, smearer, smegmas, smelled, smeller, smelted, smelter, smeltie, smerlin, smicker, smicket, smickly, smidgen, smilers, smiling, smirked, smirker, smiters, smither, smiting, smitten, smittle, smocked, smokers, smokier, smokily, smoking, smolder, smoldry, smoochy, smooths, smoothy, smother, smudged, smudges, smugged, smugger, smuggle, smutted, snacked, snacket, snaffle, snafued, snagged, snailed, snakier, snakily, snaking, snakish, snapped, snapper, snarers, snaring, snarled, snarler, snatchy, sneaked, sneaker, sneathe, snecket, sneered, sneerer, snicked, snicker, snidely, snidest, sniffed, sniffer, sniffle, snifted, snifter, snigger, sniggle, snipers, sniping, snipped, snipper, snippet, snivels, snively, snooded, snooker, snooped, snooper, snooted, snorers, snoring, snorkel, snorted, snorter, snotter, snouted, snowcap, snowier, snowily, snowing, snowman, snowmen, snubbed, snubber, snuffed, snuffer, snuffle, snuffly, snugged, snugger, snuggle, soakage, soakers, soaking, soapbox, soapers, soapier, soapily, soaping, soarers, soaring, sobbers, sobbing, sobered, soberer, soberly, soboles, socager, soccers, socials, sociate, society, sockets, sockeye, socking, sockman, sockmen, soddens, soddies, sodding, sodiums, soffits, softens, softest, softies, softish, softner, soggier, soggily, soilage, soiling, soilure, soirees, sojourn, sokeman, solaced, solacer, solaces, solania, solanum, solaria, solders, soldier, solfege, solicit, solider, solidly, solidus, soliped, sollein, soloing, soloist, solomon, soluble, solubly, solutes, solvate, solvend, solvent, solvers, solving, somalia, somatic, someday, somehow, someone, someway, sommeil, somnial, somnour, somonce, sonance, sonants, sonatas, sondeli, songful, songish, sonifer, sonless, sonnets, sonnies, sonnish, sonnite, sonoran, sonship, sonties, sooners, soonest, soothed, soother, soothes, soothly, sootier, sootily, sooting, sootish, sophies, sophime, sophism, sophist, sophora, soppier, sopping, soprani, soprano, sorance, sorbate, sorbent, sorbets, sorbile, sorbite, sorcery, sordine, soredia, sorehon, sorghum, sorites, sororal, sorosis, sorrage, sorrels, sorrier, sorrily, sorrows, sorters, sortied, sorties, sorting, sortita, sotadic, sothiac, sotilte, sottery, sottish, soubise, souffle, soughed, soulful, soulili, sounded, sounder, soundly, soupcon, soupier, souping, sources, sourest, souring, sourish, soursop, sousing, souslik, soutage, soutane, southed, souther, southly, soviets, sovrans, sowable, sowbane, soybean, spacers, spacial, spacing, spacong, spaddle, spaders, spading, spaeing, spaeman, spalled, spaller, spancel, spangle, spangly, spaniel, spanish, spanked, spanker, spanned, spanner, sparada, sparage, sparble, sparely, sparers, sparest, sparger, sparing, sparked, sparker, sparkle, sparoid, sparred, sparrow, sparser, sparsim, spartan, spastic, spathae, spathal, spathed, spathes, spathic, spatial, spatted, spatter, spattle, spatula, spavins, spawled, spawned, spawner, spayade, spaying, speaker, speared, spearer, special, species, specify, specked, speckle, specter, spectra, spectre, specula, speeded, speeder, speedup, speight, speiled, speking, spelled, speller, spelter, spelunc, spelunk, spencer, spences, spender, sperage, sperate, spermic, spewers, spewing, sphacel, spheral, sphered, spheres, spheric, spicate, spicers, spicery, spicier, spicily, spicing, spicose, spicous, spicula, spicule, spiders, spidery, spiegel, spieled, spieler, spignel, spignet, spigots, spikers, spikier, spikily, spiking, spilled, spiller, spilter, spilths, spinach, spinage, spinals, spinate, spindle, spindly, spinels, spinets, spinier, spinner, spinney, spinoff, spinose, spinous, spinout, spinule, spiodea, spiraea, spirals, spirant, spireas, spiring, spirits, spiroid, spirted, spirtle, spirula, spitbox, spitful, spiting, spitous, spitted, spitter, spittle, spittly, splashy, splayed, spleens, spleeny, spleget, splenic, spliced, splicer, splices, splined, splines, splints, splotch, splurge, splurgy, spoiled, spoiler, spokane, spoking, spondee, spondyl, sponged, sponger, sponges, spongin, sponsal, sponson, sponsor, spoofed, spooked, spooled, spooler, spooned, spooney, spoored, sporing, sporran, sportal, sported, sporter, sporule, spotted, spotter, spousal, spoused, spouses, spouted, spouter, spradde, sprains, sprawls, sprawly, sprayed, sprayer, spreads, sprenge, spreynd, spriest, spriggy, spright, springe, springs, springy, sprints, sprites, sprouts, spruced, sprucer, spruces, spryest, spuller, spumier, spuming, spumone, spumoni, spumous, spunked, spurned, spurner, spurred, spurrer, spurrey, spurted, spurtle, spurway, sputnik, sputter, spyboat, spynace, stabbed, stabber, stabile, stabled, stabler, stables, stacked, stacker, stacket, staddle, stadium, staffed, staffer, stagely, stagers, stagery, stagger, stagier, stagily, staging, staider, staidly, stained, stainer, staking, stalags, stalder, stalely, stalest, staling, stalked, stalker, stalled, staller, stallon, stamens, stamina, stammel, stammer, stamped, stamper, stances, standby, standee, standel, stander, standup, staniel, stanley, stannel, stannic, stannum, stanyel, stapled, stapler, staples, starchy, stardom, starers, staring, starker, starkly, starlet, starlit, starost, starred, started, starter, startle, starved, starver, starves, stashed, stashes, stasmia, statant, statary, state's, stately, staters, statice, statics, stating, station, statism, statist, stative, stators, statued, statues, stature, statute, staunch, staving, stayers, staying, staynil, steaded, stealer, stealth, steamed, steamer, stearic, stearin, stearyl, steeled, steeler, steelie, steeped, steepen, steeper, steeple, steeply, steered, steerer, steeved, stelene, stellar, stellas, stelled, steller, stemlet, stemmed, stemmer, stemple, stemson, stenchy, stencil, stentor, stephen, stepped, stepper, steppes, stepson, stepups, stereos, sterile, sterlet, sternal, sterned, sterner, sternly, sternum, steroid, sterols, stethal, stetson, stetted, steuben, steward, stewart, stewbum, stewing, stewish, stewpan, stewpot, sthenic, stibial, stibine, stibium, stichic, sticked, sticker, stickit, stickle, stickum, stickup, stiffed, stiffen, stiffer, stiffly, stifled, stifler, stifles, stigmas, stilled, stiller, stilted, stilton, stimied, stimies, stimuli, stinger, stingos, stinker, stinted, stinter, stipend, stipple, stiptic, stipula, stipule, stirpes, stirred, stirrer, stirrup, stiving, stocked, stocker, stodged, stodges, stogeys, stogies, stoical, stokers, stoking, stollen, stolons, stomach, stomata, stomate, stomped, stomper, stoners, stonier, stonily, stoning, stonish, stooged, stooges, stooked, stooled, stoolie, stooped, stooper, stopgap, stoping, stopped, stopper, stopple, storage, storeys, storial, storied, storier, stories, storify, storing, stormed, storven, stouten, stouter, stoutly, stovain, stovers, stoving, stowage, stowing, strafed, strafer, strafes, strains, straint, straits, strands, strange, stratas, stratum, stratus, strauss, strawed, strayed, strayer, streaks, streaky, streams, streamy, streets, streite, stretch, stretti, stretto, strewed, strewer, striate, strider, strides, stridor, strifes, striges, strigil, striker, strikes, strikle, strings, stringy, striped, striper, stripes, strived, striven, striver, strives, strobes, strobic, stroked, stroker, strokes, strolls, stroock, strophe, strowed, strudel, stubbed, stubble, stubbly, stuccos, stuckle, studded, student, studied, studier, studies, studios, study's, stuffed, stuffer, stumble, stummed, stumped, stumper, stunned, stunner, stunted, stupefy, stupids, stupify, stuping, stupors, stupose, stuprum, stutter, stygial, stygian, stylate, stylers, stylets, styling, stylise, stylish, stylist, stylite, styloid, stylops, stymied, stymies, stypsis, styptic, styrene, styrone, suasion, suasive, suasory, suavely, suavest, suavify, suavity, subacid, subarea, subatom, subbass, subbing, subcell, subclan, subdean, subdebs, subdial, subdual, subduce, subduct, subdued, subduer, subdues, suberic, suberin, subfusk, subhead, subitem, subject, subjoin, sublate, sublets, sublime, submiss, submits, subnect, suborns, suboval, subpena, subplot, subrace, subrule, subsalt, subsets, subside, subsidy, subsign, subsist, subsoil, subsume, subtask, subteen, subtend, subtile, subtler, subtype, subunit, suburbs, subvene, subvert, subways, succade, succeed, success, succise, succors, succory, succour, succuba, succubi, succula, succumb, suckers, sucking, suckled, suckler, suckles, sucrate, sucrose, suction, suddens, sudoral, sudsers, sudsier, sudsing, sueding, suently, suffers, suffice, suffuse, sugared, suggest, suicide, suicism, suingly, suiting, suitors, sulcate, sulfate, sulfide, sulfids, sulfite, sulfurs, sulfury, sulkers, sulkier, sulkies, sulkily, sulking, sullage, sullied, sullies, sulphas, sulphid, sulphur, sultana, sultans, sultany, sumachs, sumatra, sumless, summary, summers, summery, summing, summist, summits, summity, summons, sumpter, sunback, sunbath, sunbeam, sunbelt, sunbird, sunbows, sunburn, sundaes, sundart, sundays, sunders, sundews, sundial, sundogs, sundown, sunfish, sunglow, sunlamp, sunless, sunlike, sunniah, sunnier, sunnily, sunning, sunnite, sunrise, sunroof, sunroom, sunsets, sunspot, sunsted, sunsuit, suntans, sunward, sunwise, supered, supines, suppage, suppawn, suppers, supping, suppled, suppler, support, suppose, suppute, supreme, surance, surbase, surbate, surbeat, surcloy, surcoat, surcrew, surdiny, surdity, suresby, surface, surfeit, surfers, surfier, surfing, surfman, surfoot, surgent, surgeon, surgers, surgery, surging, suricat, surinam, surlier, surlily, surling, surloin, surmark, surmise, surname, surpass, surphul, surplus, surreal, surrein, surreys, surtout, surveil, survene, surveys, surview, survise, survive, suspect, suspend, suspire, sustain, susters, sustren, sustres, sutlers, sutling, suttees, sutural, sutured, sutures, svelter, swabbed, swabber, swabbie, swaddle, swagged, swagger, swaggie, swaging, swagman, swagmen, swahili, swallet, swallow, swamies, swamped, swamper, swanked, swanker, swankie, swanned, swanpan, swapped, swapper, swarded, swarmed, swarmer, swarthy, swashed, swasher, swashes, swathed, swather, swathes, swatted, swatter, swayers, swayful, swaying, swealed, swearer, sweated, sweater, swedish, sweeper, sweeten, sweeter, sweetie, sweetly, swelled, sweller, swelter, sweltry, swerved, swerver, swerves, swifter, swiftly, swigged, swigger, swilled, swiller, swimbel, swimmer, swindle, swinged, swingel, swinger, swinges, swingle, swinish, swinker, swinney, swiping, swipper, swirled, swished, swisher, swishes, swisses, switchy, swivels, swivets, swobbed, swobber, swollen, swonken, swooned, swooner, swooped, swooper, swopped, sworded, sworder, swounds, sycones, syconus, sycosis, syenite, syllabe, syllabi, sylphic, sylphid, sylvans, sylvate, sylvian, sylvine, sylvite, sylvius, symbion, symbiot, symbols, sympode, symptom, synacme, synacmy, synagog, synapse, synapta, synaxis, syncarp, synched, synchro, syncing, syncoms, syncope, syndics, synergy, synesis, synfuel, synocha, synocil, synodal, synodic, synonym, synovia, syntomy, syntony, syphons, syrians, syriasm, syringa, syringe, syruped, systems, systole, systyle